Date,Price,Action,Confidence,Shares,Cash,Portfolio_Value
2011-05-11,5.414,HOLD,0.09200471639633179,0,10000.0,10000.0
2011-05-12,5.534,HOLD,0.05496591329574585,0,10000.0,10000.0
2011-05-13,5.51,HOLD,0.06365364789962769,0,10000.0,10000.0
2011-05-16,5.32,HOLD,0.010940790176391602,0,10000.0,10000.0
2011-05-17,5.192,HOLD,0.06097853183746338,0,10000.0,10000.0
2011-05-18,5.27,HOLD,0.06381011009216309,0,10000.0,10000.0
2011-05-19,5.64,HOLD,0.05775487422943115,0,10000.0,10000.0
2011-05-20,5.594,HOLD,0.07088583707809448,0,10000.0,10000.0
2011-05-23,5.364,HOLD,0.11537092924118042,0,10000.0,10000.0
2011-05-24,5.344,HOLD,0.09818261861801147,0,10000.0,10000.0
2011-05-25,5.796,HOLD,0.10173434019088745,0,10000.0,10000.0
2011-05-26,5.896,HOLD,0.10654008388519287,0,10000.0,10000.0
2011-05-27,5.91,HOLD,0.13832610845565796,0,10000.0,10000.0
2011-05-31,6.028,HOLD,0.1339147686958313,0,10000.0,10000.0
2011-06-01,5.704,HOLD,0.11013954877853394,0,10000.0,10000.0
2011-06-02,5.752,HOLD,0.06346982717514038,0,10000.0,10000.0
2011-06-03,6.026,HOLD,0.09778422117233276,0,10000.0,10000.0
2011-06-06,5.74,HOLD,0.10101592540740967,0,10000.0,10000.0
2011-06-07,5.674,HOLD,0.11359530687332153,0,10000.0,10000.0
2011-06-08,5.424,HOLD,0.05074208974838257,0,10000.0,10000.0
2011-06-09,5.524,HOLD,0.065498948097229,0,10000.0,10000.0
2011-06-10,5.572,HOLD,0.04507613182067871,0,10000.0,10000.0
2011-06-13,5.686,HOLD,0.030670225620269775,0,10000.0,10000.0
2011-06-14,5.72,HOLD,0.024230003356933594,0,10000.0,10000.0
2011-06-15,5.464,HOLD,0.10786968469619751,0,10000.0,10000.0
2011-06-16,5.3,HOLD,0.08154022693634033,0,10000.0,10000.0
2011-06-17,5.3,HOLD,0.0002416372299194336,0,10000.0,10000.0
2011-06-20,5.202,HOLD,0.00664210319519043,0,10000.0,10000.0
2011-06-21,5.506,HOLD,0.07634925842285156,0,10000.0,10000.0
2011-06-22,5.442,HOLD,0.10038149356842041,0,10000.0,10000.0
2011-06-23,5.542,HOLD,0.11588156223297119,0,10000.0,10000.0
2011-06-24,5.514,HOLD,0.1285417079925537,0,10000.0,10000.0
2011-06-27,5.492,HOLD,0.12111109495162964,0,10000.0,10000.0
2011-06-28,5.622,HOLD,0.12580442428588867,0,10000.0,10000.0
2011-06-29,5.658,HOLD,0.2000269889831543,0,10000.0,10000.0
2011-06-30,5.826,HOLD,0.19089317321777344,0,10000.0,10000.0
2011-07-01,5.804,HOLD,0.17791306972503662,0,10000.0,10000.0
2011-07-05,5.828,HOLD,0.1511756181716919,0,10000.0,10000.0
2011-07-06,5.792,HOLD,0.1328405737876892,0,10000.0,10000.0
2011-07-07,5.946,HOLD,0.11935198307037354,0,10000.0,10000.0
2011-07-08,5.762,HOLD,0.11218416690826416,0,10000.0,10000.0
2011-07-11,5.67,HOLD,0.13652873039245605,0,10000.0,10000.0
2011-07-12,5.634,HOLD,0.11811202764511108,0,10000.0,10000.0
2011-07-13,5.728,HOLD,0.08603811264038086,0,10000.0,10000.0
2011-07-14,5.522,HOLD,0.04807049036026001,0,10000.0,10000.0
2011-07-15,5.516,HOLD,0.017987966537475586,0,10000.0,10000.0
2011-07-18,5.446,HOLD,0.048378944396972656,0,10000.0,10000.0
2011-07-19,5.578,HOLD,0.07271844148635864,0,10000.0,10000.0
2011-07-20,5.738,HOLD,0.0357934832572937,0,10000.0,10000.0
2011-07-21,5.74,HOLD,0.08265632390975952,0,10000.0,10000.0
2011-07-22,5.858,HOLD,0.07852548360824585,0,10000.0,10000.0
2011-07-25,5.698,HOLD,0.11148744821548462,0,10000.0,10000.0
2011-07-26,5.6,HOLD,0.14197629690170288,0,10000.0,10000.0
2011-07-27,5.528,HOLD,0.12119805812835693,0,10000.0,10000.0
2011-07-28,5.634,HOLD,0.13546466827392578,0,10000.0,10000.0
2011-07-29,5.634,HOLD,0.11432397365570068,0,10000.0,10000.0
2011-08-01,5.754,HOLD,0.1438281536102295,0,10000.0,10000.0
2011-08-02,5.468,HOLD,0.14465981721878052,0,10000.0,10000.0
2011-08-03,5.44,HOLD,0.1389661431312561,0,10000.0,10000.0
2011-08-04,4.95,HOLD,0.10719913244247437,0,10000.0,10000.0
2011-08-05,4.848,HOLD,0.09294164180755615,0,10000.0,10000.0
2011-08-08,4.728,HOLD,0.07681512832641602,0,10000.0,10000.0
2011-08-09,5.012,HOLD,0.04757797718048096,0,10000.0,10000.0
2011-08-10,4.764,HOLD,0.04809236526489258,0,10000.0,10000.0
2011-08-11,5.06,HOLD,0.10967767238616943,0,10000.0,10000.0
2011-08-12,5.262,HOLD,0.09027373790740967,0,10000.0,10000.0
2011-08-15,5.246,HOLD,0.1066199541091919,0,10000.0,10000.0
2011-08-16,5.22,HOLD,0.12903839349746704,0,10000.0,10000.0
2011-08-17,5.166,HOLD,0.1183849573135376,0,10000.0,10000.0
2011-08-18,4.852,HOLD,0.11498957872390747,0,10000.0,10000.0
2011-08-19,4.46,HOLD,0.09228616952896118,0,10000.0,10000.0
2011-08-22,4.39,HOLD,0.10084831714630127,0,10000.0,10000.0
2011-08-23,4.592,HOLD,0.08051252365112305,0,10000.0,10000.0
2011-08-24,4.774,HOLD,0.10684788227081299,0,10000.0,10000.0
2011-08-25,4.622,HOLD,0.16036969423294067,0,10000.0,10000.0
2011-08-26,4.746,HOLD,0.16717898845672607,0,10000.0,10000.0
2011-08-29,4.942,HOLD,0.17360883951187134,0,10000.0,10000.0
2011-08-30,4.926,HOLD,0.17571789026260376,0,10000.0,10000.0
2011-08-31,4.948,HOLD,0.21089011430740356,0,10000.0,10000.0
2011-09-01,4.8,HOLD,0.20518255233764648,0,10000.0,10000.0
2011-09-02,4.614,HOLD,0.14516299962997437,0,10000.0,10000.0
2011-09-06,4.588,HOLD,0.08197516202926636,0,10000.0,10000.0
2011-09-07,4.768,HOLD,0.05335181951522827,0,10000.0,10000.0
2011-09-08,4.722,HOLD,0.11137694120407104,0,10000.0,10000.0
2011-09-09,4.594,HOLD,0.11671733856201172,0,10000.0,10000.0
2011-09-12,4.576,HOLD,0.10945409536361694,0,10000.0,10000.0
2011-09-13,4.816,HOLD,0.1187557578086853,0,10000.0,10000.0
2011-09-14,4.868,HOLD,0.07510149478912354,0,10000.0,10000.0
2011-09-15,4.964,HOLD,0.022594869136810303,0,10000.0,10000.0
2011-09-16,5.16,HOLD,0.0028461217880249023,0,10000.0,10000.0
2011-09-19,5.154,HOLD,0.061119794845581055,0,10000.0,10000.0
2011-09-20,5.202,HOLD,0.03698718547821045,0,10000.0,10000.0
2011-09-21,5.17,HOLD,0.019525587558746338,0,10000.0,10000.0
2011-09-22,5.126,HOLD,0.04335355758666992,0,10000.0,10000.0
2011-09-23,5.276,HOLD,0.04570639133453369,0,10000.0,10000.0
2011-09-26,5.104,HOLD,0.10103803873062134,0,10000.0,10000.0
2011-09-27,5.238,HOLD,0.13842171430587769,0,10000.0,10000.0
2011-09-28,4.918,HOLD,0.16116750240325928,0,10000.0,10000.0
2011-09-29,4.824,HOLD,0.0940321683883667,0,10000.0,10000.0
2011-09-30,4.878,HOLD,0.09967809915542603,0,10000.0,10000.0
2011-10-03,4.746,HOLD,0.14885485172271729,0,10000.0,10000.0
2011-10-04,4.732,HOLD,0.13600307703018188,0,10000.0,10000.0
2011-10-05,5.074,HOLD,0.004351556301116943,0,10000.0,10000.0
2011-10-06,5.392,HOLD,0.01007688045501709,0,10000.0,10000.0
2011-10-07,5.398,HOLD,0.10339146852493286,0,10000.0,10000.0
2011-10-10,5.576,HOLD,0.10690748691558838,0,10000.0,10000.0
2011-10-11,5.522,HOLD,0.0274660587310791,0,10000.0,10000.0
2011-10-12,5.56,HOLD,0.08598345518112183,0,10000.0,10000.0
2011-10-13,5.588,HOLD,0.08524161577224731,0,10000.0,10000.0
2011-10-14,5.61,HOLD,0.08682161569595337,0,10000.0,10000.0
2011-10-17,5.484,HOLD,0.09134578704833984,0,10000.0,10000.0
2011-10-18,5.668,HOLD,0.08847761154174805,0,10000.0,10000.0
2011-10-19,5.514,HOLD,0.09083700180053711,0,10000.0,10000.0
2011-10-20,5.468,HOLD,0.10312360525131226,0,10000.0,10000.0
2011-10-21,5.606,HOLD,0.12422913312911987,0,10000.0,10000.0
2011-10-24,5.71,HOLD,0.1498151421546936,0,10000.0,10000.0
2011-10-25,5.65,HOLD,0.09822100400924683,0,10000.0,10000.0
2011-10-26,5.596,HOLD,0.10009217262268066,0,10000.0,10000.0
2011-10-27,5.752,HOLD,0.10714834928512573,0,10000.0,10000.0
2011-10-28,5.974,HOLD,0.06422841548919678,0,10000.0,10000.0
2011-10-31,5.874,HOLD,0.16631865501403809,0,10000.0,10000.0
2011-11-01,5.776,HOLD,0.15912479162216187,0,10000.0,10000.0
2011-11-02,5.742,HOLD,0.08820784091949463,0,10000.0,10000.0
2011-11-03,6.492,HOLD,0.07217526435852051,0,10000.0,10000.0
2011-11-04,6.462,HOLD,0.09844952821731567,0,10000.0,10000.0
2011-11-07,6.254,HOLD,0.10788077116012573,0,10000.0,10000.0
2011-11-08,6.368,HOLD,0.12104129791259766,0,10000.0,10000.0
2011-11-09,6.176,HOLD,0.08079469203948975,0,10000.0,10000.0
2011-11-10,6.266,HOLD,0.0724412202835083,0,10000.0,10000.0
2011-11-11,6.728,HOLD,0.11885052919387817,0,10000.0,10000.0
2011-11-14,6.644,HOLD,0.1185041069984436,0,10000.0,10000.0
2011-11-15,6.786,HOLD,0.07575452327728271,0,10000.0,10000.0
2011-11-16,6.988,HOLD,0.10592037439346313,0,10000.0,10000.0
2011-11-17,6.736,HOLD,0.08228325843811035,0,10000.0,10000.0
2011-11-18,6.52,HOLD,0.07019573450088501,0,10000.0,10000.0
2011-11-21,6.352,HOLD,0.06619060039520264,0,10000.0,10000.0
2011-11-22,6.414,HOLD,0.08304816484451294,0,10000.0,10000.0
2011-11-23,6.29,HOLD,0.09740698337554932,0,10000.0,10000.0
2011-11-25,6.332,HOLD,0.10564929246902466,0,10000.0,10000.0
2011-11-28,6.512,HOLD,0.10381317138671875,0,10000.0,10000.0
2011-11-29,6.35,HOLD,0.10156172513961792,0,10000.0,10000.0
2011-11-30,6.548,HOLD,0.21330463886260986,0,10000.0,10000.0
2011-12-01,6.52,HOLD,0.18160420656204224,0,10000.0,10000.0
2011-12-02,6.66,HOLD,0.08923172950744629,0,10000.0,10000.0
2011-12-05,6.884,HOLD,0.12258672714233398,0,10000.0,10000.0
2011-12-06,6.974,HOLD,0.13381844758987427,0,10000.0,10000.0
2011-12-07,6.838,HOLD,0.10905933380126953,0,10000.0,10000.0
2011-12-08,6.178,HOLD,0.16712862253189087,0,10000.0,10000.0
2011-12-09,6.208,HOLD,0.13775724172592163,0,10000.0,10000.0
2011-12-12,6.082,HOLD,0.0976153016090393,0,10000.0,10000.0
2011-12-13,5.89,HOLD,0.14061760902404785,0,10000.0,10000.0
2011-12-14,5.706,HOLD,0.12664252519607544,0,10000.0,10000.0
2011-12-15,5.724,HOLD,0.09139746427536011,0,10000.0,10000.0
2011-12-16,5.6,HOLD,0.08533895015716553,0,10000.0,10000.0
2011-12-19,5.55,HOLD,0.07141369581222534,0,10000.0,10000.0
2011-12-20,5.58,HOLD,0.09916567802429199,0,10000.0,10000.0
2011-12-21,5.514,HOLD,0.088326096534729,0,10000.0,10000.0
2011-12-22,5.554,HOLD,0.14122474193572998,0,10000.0,10000.0
2011-12-23,5.58,HOLD,0.12283867597579956,0,10000.0,10000.0
2011-12-27,5.714,HOLD,0.14994651079177856,0,10000.0,10000.0
2011-12-28,5.702,HOLD,0.1752922534942627,0,10000.0,10000.0
2011-12-29,5.746,HOLD,0.20807403326034546,0,10000.0,10000.0
2011-12-30,5.712,HOLD,0.22587257623672485,0,10000.0,10000.0
2012-01-03,5.616,HOLD,0.23887097835540771,0,10000.0,10000.0
2012-01-04,5.542,HOLD,0.29004907608032227,0,10000.0,10000.0
2012-01-05,5.424,HOLD,0.3097343444824219,0,10000.0,10000.0
2012-01-06,5.382,HOLD,0.2233477234840393,0,10000.0,10000.0
2012-01-09,5.45,HOLD,0.19717377424240112,0,10000.0,10000.0
2012-01-10,5.524,HOLD,0.15194767713546753,0,10000.0,10000.0
2012-01-11,5.646,HOLD,0.1271817684173584,0,10000.0,10000.0
2012-01-12,5.65,HOLD,0.14771020412445068,0,10000.0,10000.0
2012-01-13,4.558,HOLD,0.13499808311462402,0,10000.0,10000.0
2012-01-17,5.32,HOLD,0.08249467611312866,0,10000.0,10000.0
2012-01-18,5.362,HOLD,0.12485337257385254,0,10000.0,10000.0
2012-01-19,5.352,HOLD,0.11434793472290039,0,10000.0,10000.0
2012-01-20,5.32,HOLD,0.047303974628448486,0,10000.0,10000.0
2012-01-23,5.354,HOLD,0.09281265735626221,0,10000.0,10000.0
2012-01-24,5.484,HOLD,0.05612301826477051,0,10000.0,10000.0
2012-01-25,5.594,HOLD,0.035176753997802734,0,10000.0,10000.0
2012-01-26,5.788,HOLD,0.026600956916809082,0,10000.0,10000.0
2012-01-27,5.866,HOLD,0.009066760540008545,0,10000.0,10000.0
2012-01-30,5.914,HOLD,0.01684480905532837,0,10000.0,10000.0
2012-01-31,5.814,HOLD,0.022788584232330322,0,10000.0,10000.0
2012-02-01,5.916,HOLD,0.050894856452941895,0,10000.0,10000.0
2012-02-02,6.05,HOLD,1.537799835205078e-05,0,10000.0,10000.0
2012-02-03,6.23,HOLD,0.028566837310791016,0,10000.0,10000.0
2012-02-06,6.36,HOLD,0.07397198677062988,0,10000.0,10000.0
2012-02-07,6.32,HOLD,0.09134805202484131,0,10000.0,10000.0
2012-02-08,6.386,HOLD,0.13881754875183105,0,10000.0,10000.0
2012-02-09,6.516,HOLD,0.07729196548461914,0,10000.0,10000.0
2012-02-10,6.22,HOLD,0.14896821975708008,0,10000.0,10000.0
2012-02-13,6.298,BUY,0.2535291910171509,1429,910.1595799999996,10000.0
2012-02-14,6.634,BUY,0.21336865425109863,1552,86.0177599999995,10390.14558
2012-02-15,6.72,BUY,0.26821911334991455,1563,11.3585599999995,10515.45776
2012-02-16,6.836,HOLD,0.11091411113739014,1563,11.3585599999995,10696.026559999998
2012-02-17,6.994,HOLD,0.015149831771850586,1563,11.3585599999995,10942.980559999998
2012-02-21,6.9,HOLD,0.004660129547119141,1563,11.3585599999995,10796.05856
2012-02-22,6.844,HOLD,0.026647508144378662,1563,11.3585599999995,10708.53056
2012-02-23,6.906,HOLD,0.05066835880279541,1563,11.3585599999995,10805.436559999998
2012-02-24,6.75,HOLD,0.08169585466384888,1563,11.3585599999995,10561.608559999999
2012-02-27,6.724,HOLD,0.09319746494293213,1563,11.3585599999995,10520.97056
2012-02-28,6.762,HOLD,0.12861764430999756,1563,11.3585599999995,10580.364559999998
2012-02-29,6.682,HOLD,0.11378484964370728,1563,11.3585599999995,10455.32456
2012-03-01,6.882,HOLD,0.10851198434829712,1563,11.3585599999995,10767.924559999998
2012-03-02,6.808,HOLD,0.09230601787567139,1563,11.3585599999995,10652.26256
2012-03-05,6.754,HOLD,0.09685885906219482,1563,11.3585599999995,10567.860559999997
2012-03-06,6.622,HOLD,0.08475029468536377,1563,11.3585599999995,10361.544559999998
2012-03-07,6.624,HOLD,0.10420936346054077,1563,11.3585599999995,10364.670559999999
2012-03-08,6.614,HOLD,0.05213886499404907,1563,11.3585599999995,10349.04056
2012-03-09,6.948,HOLD,0.017825663089752197,1563,11.3585599999995,10871.082559999999
2012-03-12,7.202,HOLD,0.11695301532745361,1563,11.3585599999995,11268.08456
2012-03-13,7.218,HOLD,0.12367445230484009,1563,11.3585599999995,11293.09256
2012-03-14,7.058,HOLD,0.051341712474823,1563,11.3585599999995,11043.01256
2012-03-15,7.0,HOLD,0.001482844352722168,1563,11.3585599999995,10952.358559999999
2012-03-16,7.064,HOLD,0.11814236640930176,1563,11.3585599999995,11052.390559999998
2012-03-19,6.996,HOLD,0.0933569073677063,1563,11.3585599999995,10946.10656
2012-03-20,6.992,HOLD,0.07273745536804199,1563,11.3585599999995,10939.854559999998
2012-03-21,7.03,HOLD,0.06449848413467407,1563,11.3585599999995,10999.24856
2012-03-22,6.88,HOLD,0.0838274359703064,1563,11.3585599999995,10764.79856
2012-03-23,6.816,HOLD,0.09413719177246094,1563,11.3585599999995,10664.766559999998
2012-03-26,7.48,HOLD,0.14272350072860718,1563,11.3585599999995,11702.598559999999
2012-03-27,7.588,HOLD,0.17227745056152344,1563,11.3585599999995,11871.402559999999
2012-03-28,7.57,SELL,0.20459145307540894,313,9379.233559999999,11843.268559999999
2012-03-29,7.466,SELL,0.23162728548049927,63,11227.06856,11716.091559999999
2012-03-30,7.448,SELL,0.21887445449829102,13,11595.74456,11696.29256
2012-04-02,7.316,SELL,0.2361810803413391,3,11668.17296,11690.85256
2012-04-03,7.602,SELL,0.26827913522720337,1,11683.22492,11690.97896
2012-04-04,7.0,SELL,0.36421656608581543,1,11683.22492,11690.22492
2012-04-05,6.896,SELL,0.40017324686050415,1,11683.22492,11690.120920000001
2012-04-09,6.63,SELL,0.3800537586212158,1,11683.22492,11689.85492
2012-04-10,6.492,SELL,0.22509759664535522,1,11683.22492,11689.71692
2012-04-11,6.618,HOLD,0.05609452724456787,1,11683.22492,11689.842920000001
2012-04-12,6.688,HOLD,0.043420255184173584,1,11683.22492,11689.91292
2012-04-13,6.718,HOLD,0.05293679237365723,1,11683.22492,11689.942920000001
2012-04-16,6.45,HOLD,0.055773794651031494,1,11683.22492,11689.674920000001
2012-04-17,6.448,HOLD,0.05913126468658447,1,11683.22492,11689.67292
2012-04-18,6.532,HOLD,0.04091596603393555,1,11683.22492,11689.75692
2012-04-19,6.632,HOLD,0.03304922580718994,1,11683.22492,11689.85692
2012-04-20,6.632,HOLD,0.06936818361282349,1,11683.22492,11689.85692
2012-04-23,6.388,HOLD,0.11793678998947144,1,11683.22492,11689.612920000001
2012-04-24,6.364,HOLD,0.09570294618606567,1,11683.22492,11689.58892
2012-04-25,6.582,HOLD,0.08294022083282471,1,11683.22492,11689.80692
2012-04-26,6.698,HOLD,0.08521366119384766,1,11683.22492,11689.92292
2012-04-27,6.668,HOLD,0.1435036063194275,1,11683.22492,11689.89292
2012-04-30,6.626,HOLD,0.18580448627471924,1,11683.22492,11689.85092
2012-05-01,6.756,HOLD,0.19887369871139526,1,11683.22492,11689.98092
2012-05-02,6.788,HOLD,0.15896499156951904,1,11683.22492,11690.012920000001
2012-05-03,6.492,HOLD,0.17567145824432373,1,11683.22492,11689.71692
2012-05-04,6.366,HOLD,0.0794072151184082,1,11683.22492,11689.59092
2012-05-07,6.494,HOLD,0.095176100730896,1,11683.22492,11689.718920000001
2012-05-08,6.038,HOLD,0.11284923553466797,1,11683.22492,11689.262920000001
2012-05-09,6.012,HOLD,0.04536706209182739,1,11683.22492,11689.236920000001
2012-05-10,6.592,HOLD,0.029553532600402832,1,11683.22492,11689.816920000001
2012-05-11,6.45,HOLD,0.011879801750183105,1,11683.22492,11689.674920000001
2012-05-14,6.012,HOLD,0.056823909282684326,1,11683.22492,11689.236920000001
2012-05-15,5.886,HOLD,0.08124327659606934,1,11683.22492,11689.110920000001
2012-05-16,5.836,HOLD,0.040098369121551514,1,11683.22492,11689.06092
2012-05-17,5.714,HOLD,0.005406618118286133,1,11683.22492,11688.93892
2012-05-18,5.512,HOLD,0.0815277099609375,1,11683.22492,11688.736920000001
2012-05-21,5.754,HOLD,0.010467052459716797,1,11683.22492,11688.978920000001
2012-05-22,6.16,HOLD,0.07249349355697632,1,11683.22492,11689.38492
2012-05-23,6.204,HOLD,0.0902135968208313,1,11683.22492,11689.42892
2012-05-24,6.056,HOLD,0.09927058219909668,1,11683.22492,11689.280920000001
2012-05-25,5.962,HOLD,0.11655831336975098,1,11683.22492,11689.18692
2012-05-29,6.338,HOLD,0.14276248216629028,1,11683.22492,11689.56292
2012-05-30,6.082,HOLD,0.1782589554786682,1,11683.22492,11689.30692
2012-05-31,5.9,HOLD,0.13295131921768188,1,11683.22492,11689.12492
2012-06-01,5.63,SELL,0.20942741632461548,1,11683.22492,11688.85492
2012-06-04,5.576,HOLD,0.07372993230819702,1,11683.22492,11688.80092
2012-06-05,5.582,HOLD,0.04181104898452759,1,11683.22492,11688.80692
2012-06-06,5.844,HOLD,0.19866943359375,1,11683.22492,11689.06892
2012-06-07,5.786,HOLD,0.17482632398605347,1,11683.22492,11689.01092
2012-06-08,6.016,HOLD,0.09238451719284058,1,11683.22492,11689.24092
2012-06-11,5.824,HOLD,0.03798103332519531,1,11683.22492,11689.048920000001
2012-06-12,5.932,HOLD,0.014844238758087158,1,11683.22492,11689.156920000001
2012-06-13,5.954,HOLD,0.010153114795684814,1,11683.22492,11689.17892
2012-06-14,5.878,HOLD,0.1376025676727295,1,11683.22492,11689.102920000001
2012-06-15,5.982,HOLD,0.09470462799072266,1,11683.22492,11689.20692
2012-06-18,6.368,HOLD,0.03795558214187622,1,11683.22492,11689.592920000001
2012-06-19,6.418,HOLD,0.08472758531570435,1,11683.22492,11689.64292
2012-06-20,6.756,HOLD,0.04830282926559448,1,11683.22492,11689.98092
2012-06-21,6.438,HOLD,0.005001246929168701,1,11683.22492,11689.66292
2012-06-22,6.758,HOLD,0.043422043323516846,1,11683.22492,11689.98292
2012-06-25,6.622,HOLD,0.12892359495162964,1,11683.22492,11689.84692
2012-06-26,6.322,HOLD,0.1015656590461731,1,11683.22492,11689.54692
2012-06-27,6.392,HOLD,0.12657111883163452,1,11683.22492,11689.61692
2012-06-28,6.282,HOLD,0.07247114181518555,1,11683.22492,11689.50692
2012-06-29,6.258,HOLD,0.10404521226882935,1,11683.22492,11689.48292
2012-07-02,6.08,HOLD,0.11200600862503052,1,11683.22492,11689.30492
2012-07-03,6.132,HOLD,0.08515816926956177,1,11683.22492,11689.35692
2012-07-05,6.246,HOLD,0.051187336444854736,1,11683.22492,11689.47092
2012-07-06,6.198,HOLD,0.009172439575195312,1,11683.22492,11689.42292
2012-07-09,6.298,HOLD,0.003775954246520996,1,11683.22492,11689.522920000001
2012-07-10,6.254,HOLD,0.048076510429382324,1,11683.22492,11689.478920000001
2012-07-11,6.302,HOLD,0.03634297847747803,1,11683.22492,11689.52692
2012-07-12,6.54,HOLD,0.05978250503540039,1,11683.22492,11689.764920000001
2012-07-13,6.85,HOLD,0.019357025623321533,1,11683.22492,11690.074920000001
2012-07-16,7.192,HOLD,0.09134167432785034,1,11683.22492,11690.41692
2012-07-17,6.67,HOLD,0.14212435483932495,1,11683.22492,11689.89492
2012-07-18,6.43,HOLD,0.13001865148544312,1,11683.22492,11689.65492
2012-07-19,6.454,HOLD,0.07837176322937012,1,11683.22492,11689.67892
2012-07-20,6.358,HOLD,0.08637356758117676,1,11683.22492,11689.58292
2012-07-23,6.132,HOLD,0.04752129316329956,1,11683.22492,11689.35692
2012-07-24,5.968,HOLD,0.06009066104888916,1,11683.22492,11689.192920000001
2012-07-25,5.79,HOLD,0.07035934925079346,1,11683.22492,11689.014920000001
2012-07-26,5.626,HOLD,0.033661603927612305,1,11683.22492,11688.85092
2012-07-27,5.902,HOLD,0.05867314338684082,1,11683.22492,11689.12692
2012-07-30,5.47,HOLD,0.07938981056213379,1,11683.22492,11688.69492
2012-07-31,5.484,HOLD,0.13398092985153198,1,11683.22492,11688.708920000001
2012-08-01,5.25,HOLD,0.09642702341079712,1,11683.22492,11688.47492
2012-08-02,5.22,HOLD,0.05075061321258545,1,11683.22492,11688.44492
2012-08-03,5.454,HOLD,0.023011744022369385,1,11683.22492,11688.67892
2012-08-06,5.654,HOLD,0.020341694355010986,1,11683.22492,11688.878920000001
2012-08-07,6.05,HOLD,0.042276620864868164,1,11683.22492,11689.27492
2012-08-08,5.818,HOLD,0.10476088523864746,1,11683.22492,11689.04292
2012-08-09,5.882,HOLD,0.17972606420516968,1,11683.22492,11689.10692
2012-08-10,5.988,HOLD,0.13981330394744873,1,11683.22492,11689.21292
2012-08-13,6.234,HOLD,0.08340400457382202,1,11683.22492,11689.458920000001
2012-08-14,5.884,HOLD,0.15966582298278809,1,11683.22492,11689.10892
2012-08-15,5.88,HOLD,0.11634725332260132,1,11683.22492,11689.10492
2012-08-16,6.06,HOLD,0.07195484638214111,1,11683.22492,11689.28492
2012-08-17,6.002,HOLD,0.07478117942810059,1,11683.22492,11689.226920000001
2012-08-20,5.902,HOLD,0.08101385831832886,1,11683.22492,11689.12692
2012-08-21,5.822,HOLD,0.06200540065765381,1,11683.22492,11689.04692
2012-08-22,5.99,HOLD,0.06363296508789062,1,11683.22492,11689.21492
2012-08-23,6.146,HOLD,0.007471203804016113,1,11683.22492,11689.370920000001
2012-08-24,5.9,HOLD,0.03936326503753662,1,11683.22492,11689.12492
2012-08-27,5.664,HOLD,0.07775193452835083,1,11683.22492,11688.888920000001
2012-08-28,5.738,HOLD,0.016699254512786865,1,11683.22492,11688.96292
2012-08-29,5.682,HOLD,0.0644843578338623,1,11683.22492,11688.906920000001
2012-08-30,5.682,HOLD,0.0736268162727356,1,11683.22492,11688.906920000001
2012-08-31,5.704,HOLD,0.1306484341621399,1,11683.22492,11688.92892
2012-09-04,5.628,HOLD,0.10867482423782349,1,11683.22492,11688.852920000001
2012-09-05,5.588,HOLD,0.05374985933303833,1,11683.22492,11688.81292
2012-09-06,5.71,HOLD,0.05339699983596802,1,11683.22492,11688.93492
2012-09-07,5.87,HOLD,0.08059358596801758,1,11683.22492,11689.094920000001
2012-09-10,5.474,HOLD,0.10846418142318726,1,11683.22492,11688.69892
2012-09-11,5.56,HOLD,0.04473602771759033,1,11683.22492,11688.78492
2012-09-12,5.656,HOLD,0.058390259742736816,1,11683.22492,11688.880920000001
2012-09-13,5.896,HOLD,0.04895448684692383,1,11683.22492,11689.120920000001
2012-09-14,6.078,HOLD,0.06248784065246582,1,11683.22492,11689.30292
2012-09-17,6.508,HOLD,0.09389805793762207,1,11683.22492,11689.73292
2012-09-18,6.268,HOLD,0.14431238174438477,1,11683.22492,11689.49292
2012-09-19,6.21,HOLD,0.168260395526886,1,11683.22492,11689.43492
2012-09-20,6.18,HOLD,0.11489665508270264,1,11683.22492,11689.40492
2012-09-21,6.004,HOLD,0.04850935935974121,1,11683.22492,11689.228920000001
2012-09-24,6.132,HOLD,0.07921487092971802,1,11683.22492,11689.35692
2012-09-25,5.532,HOLD,0.12027370929718018,1,11683.22492,11688.75692
2012-09-26,5.508,HOLD,0.07514792680740356,1,11683.22492,11688.73292
2012-09-27,5.698,HOLD,0.07857751846313477,1,11683.22492,11688.92292
2012-09-28,5.856,HOLD,0.09776932001113892,1,11683.22492,11689.08092
2012-10-01,5.832,HOLD,0.08385306596755981,1,11683.22492,11689.05692
2012-10-02,5.96,HOLD,0.1619853973388672,1,11683.22492,11689.18492
2012-10-03,5.86,HOLD,0.17014873027801514,1,11683.22492,11689.084920000001
2012-10-04,5.88,HOLD,0.11372041702270508,1,11683.22492,11689.10492
2012-10-05,5.778,HOLD,0.018094182014465332,1,11683.22492,11689.00292
2012-10-08,5.85,HOLD,0.06563282012939453,1,11683.22492,11689.074920000001
2012-10-09,5.674,HOLD,0.012786149978637695,1,11683.22492,11688.898920000001
2012-10-10,5.68,HOLD,0.048967182636260986,1,11683.22492,11688.90492
2012-10-11,5.664,HOLD,0.10869085788726807,1,11683.22492,11688.888920000001
2012-10-12,5.528,HOLD,0.12421929836273193,1,11683.22492,11688.75292
2012-10-15,5.466,HOLD,0.03859800100326538,1,11683.22492,11688.690920000001
2012-10-16,5.612,HOLD,0.097339928150177,1,11683.22492,11688.83692
2012-10-17,5.764,HOLD,0.06468456983566284,1,11683.22492,11688.98892
2012-10-18,5.608,HOLD,0.15306717157363892,1,11683.22492,11688.83292
2012-10-19,5.548,HOLD,0.1746586561203003,1,11683.22492,11688.772920000001
2012-10-22,5.57,HOLD,0.06586790084838867,1,11683.22492,11688.79492
2012-10-23,5.678,HOLD,0.14409935474395752,1,11683.22492,11688.90292
2012-10-24,5.484,HOLD,0.11868011951446533,1,11683.22492,11688.708920000001
2012-10-25,5.504,HOLD,0.1467418074607849,1,11683.22492,11688.728920000001
2012-10-26,5.476,HOLD,0.14528673887252808,1,11683.22492,11688.700920000001
2012-10-31,5.626,HOLD,0.17975151538848877,1,11683.22492,11688.85092
2012-11-01,5.85,HOLD,0.15432924032211304,1,11683.22492,11689.074920000001
2012-11-02,5.784,HOLD,0.13219976425170898,1,11683.22492,11689.00892
2012-11-05,6.3,HOLD,0.15073442459106445,1,11683.22492,11689.52492
2012-11-06,6.23,HOLD,0.15104055404663086,1,11683.22492,11689.45492
2012-11-07,6.308,HOLD,0.15481281280517578,1,11683.22492,11689.532920000001
2012-11-08,6.262,HOLD,0.17512959241867065,1,11683.22492,11689.486920000001
2012-11-09,6.064,HOLD,0.12216454744338989,1,11683.22492,11689.28892
2012-11-12,6.214,HOLD,0.10135608911514282,1,11683.22492,11689.43892
2012-11-13,6.322,HOLD,0.13787448406219482,1,11683.22492,11689.54692
2012-11-14,6.276,HOLD,0.1790837049484253,1,11683.22492,11689.50092
2012-11-15,6.164,HOLD,0.11981201171875,1,11683.22492,11689.388920000001
2012-11-16,6.368,HOLD,0.08140939474105835,1,11683.22492,11689.592920000001
2012-11-19,6.584,HOLD,0.09372591972351074,1,11683.22492,11689.808920000001
2012-11-20,6.6,HOLD,0.12514513731002808,1,11683.22492,11689.824920000001
2012-11-21,6.494,HOLD,0.10796260833740234,1,11683.22492,11689.718920000001
2012-11-23,6.426,HOLD,0.07295423746109009,1,11683.22492,11689.65092
2012-11-26,6.454,HOLD,0.07991671562194824,1,11683.22492,11689.67892
2012-11-27,6.43,HOLD,0.10651439428329468,1,11683.22492,11689.65492
2012-11-28,6.646,HOLD,0.12312984466552734,1,11683.22492,11689.870920000001
2012-11-29,6.738,HOLD,0.13888269662857056,1,11683.22492,11689.96292
2012-11-30,6.764,HOLD,0.17731088399887085,1,11683.22492,11689.98892
2012-12-03,6.924,HOLD,0.17321717739105225,1,11683.22492,11690.148920000001
2012-12-04,6.78,HOLD,0.12518274784088135,1,11683.22492,11690.004920000001
2012-12-05,6.742,HOLD,0.12858682870864868,1,11683.22492,11689.96692
2012-12-06,6.78,HOLD,0.07808572053909302,1,11683.22492,11690.004920000001
2012-12-07,6.834,HOLD,0.08513593673706055,1,11683.22492,11690.058920000001
2012-12-10,6.914,HOLD,0.1252562403678894,1,11683.22492,11690.138920000001
2012-12-11,7.056,HOLD,0.09945869445800781,1,11683.22492,11690.280920000001
2012-12-12,7.052,HOLD,0.0965956449508667,1,11683.22492,11690.27692
2012-12-13,6.722,HOLD,0.08359330892562866,1,11683.22492,11689.94692
2012-12-14,6.762,HOLD,0.10601580142974854,1,11683.22492,11689.986920000001
2012-12-17,6.88,HOLD,0.09409451484680176,1,11683.22492,11690.10492
2012-12-18,6.918,HOLD,0.10345053672790527,1,11683.22492,11690.14292
2012-12-19,6.922,HOLD,0.11573761701583862,1,11683.22492,11690.146920000001
2012-12-20,6.886,HOLD,0.11727327108383179,1,11683.22492,11690.110920000001
2012-12-21,6.8,HOLD,0.12575244903564453,1,11683.22492,11690.02492
2012-12-24,6.856,HOLD,0.13138222694396973,1,11683.22492,11690.08092
2012-12-26,6.718,HOLD,0.13107627630233765,1,11683.22492,11689.942920000001
2012-12-27,6.738,HOLD,0.13093894720077515,1,11683.22492,11689.96292
2012-12-28,6.644,HOLD,0.162797212600708,1,11683.22492,11689.86892
2012-12-31,6.774,HOLD,0.14333778619766235,1,11683.22492,11689.99892
2013-01-02,7.072,HOLD,0.16486400365829468,1,11683.22492,11690.29692
2013-01-03,6.954,HOLD,0.19551777839660645,1,11683.22492,11690.17892
2013-01-04,6.88,HOLD,0.17346727848052979,1,11683.22492,11690.10492
2013-01-07,6.868,HOLD,0.14186996221542358,1,11683.22492,11690.092920000001
2013-01-08,6.736,HOLD,0.15152084827423096,1,11683.22492,11689.960920000001
2013-01-09,6.728,HOLD,0.15863847732543945,1,11683.22492,11689.95292
2013-01-10,6.706,HOLD,0.1485532522201538,1,11683.22492,11689.93092
2013-01-11,6.582,HOLD,0.11450505256652832,1,11683.22492,11689.80692
2013-01-14,6.652,HOLD,0.12186199426651001,1,11683.22492,11689.87692
2013-01-15,6.78,HOLD,0.1314876675605774,1,11683.22492,11690.004920000001
2013-01-16,6.82,HOLD,0.13914787769317627,1,11683.22492,11690.04492
2013-01-17,6.876,HOLD,0.1467779278755188,1,11683.22492,11690.10092
2013-01-18,6.904,HOLD,0.169916033744812,1,11683.22492,11690.128920000001
2013-01-22,7.038,HOLD,0.16577684879302979,1,11683.22492,11690.262920000001
2013-01-23,7.2,HOLD,0.19224905967712402,1,11683.22492,11690.424920000001
2013-01-24,7.398,SELL,0.20458072423934937,1,11683.22492,11690.62292
2013-01-25,7.396,HOLD,0.18763238191604614,1,11683.22492,11690.620920000001
2013-01-28,7.606,HOLD,0.19511771202087402,1,11683.22492,11690.83092
2013-01-29,7.59,HOLD,0.17794954776763916,1,11683.22492,11690.81492
2013-01-30,7.504,HOLD,0.1328832507133484,1,11683.22492,11690.728920000001
2013-01-31,7.502,HOLD,0.10943567752838135,1,11683.22492,11690.726920000001
2013-02-01,7.66,HOLD,0.12351703643798828,1,11683.22492,11690.88492
2013-02-04,7.548,HOLD,0.09345251321792603,1,11683.22492,11690.772920000001
2013-02-05,7.626,HOLD,0.08886849880218506,1,11683.22492,11690.85092
2013-02-06,7.834,HOLD,0.07969605922698975,1,11683.22492,11691.058920000001
2013-02-07,7.896,HOLD,0.08383113145828247,1,11683.22492,11691.120920000001
2013-02-08,7.848,HOLD,0.07943606376647949,1,11683.22492,11691.07292
2013-02-11,7.684,HOLD,0.10216236114501953,1,11683.22492,11690.90892
2013-02-12,7.578,HOLD,0.0864524245262146,1,11683.22492,11690.80292
2013-02-13,7.69,HOLD,0.07311064004898071,1,11683.22492,11690.914920000001
2013-02-14,7.654,HOLD,0.06133604049682617,1,11683.22492,11690.878920000001
2013-02-15,7.408,HOLD,0.0769660472869873,1,11683.22492,11690.63292
2013-02-19,7.856,HOLD,0.08618354797363281,1,11683.22492,11691.08092
2013-02-20,7.708,HOLD,0.08247345685958862,1,11683.22492,11690.932920000001
2013-02-21,7.032,HOLD,0.0962483286857605,1,11683.22492,11690.25692
2013-02-22,7.222,HOLD,0.05714362859725952,1,11683.22492,11690.44692
2013-02-25,6.876,HOLD,0.022024989128112793,1,11683.22492,11690.10092
2013-02-26,6.886,HOLD,0.014046013355255127,1,11683.22492,11690.110920000001
2013-02-27,7.02,HOLD,0.05704522132873535,1,11683.22492,11690.244920000001
2013-02-28,6.966,HOLD,0.05153530836105347,1,11683.22492,11690.190920000001
2013-03-01,6.93,HOLD,0.050424039363861084,1,11683.22492,11690.15492
2013-03-04,7.116,HOLD,0.03261667490005493,1,11683.22492,11690.34092
2013-03-05,7.33,HOLD,0.053971171379089355,1,11683.22492,11690.55492
2013-03-06,7.538,HOLD,0.06890404224395752,1,11683.22492,11690.762920000001
2013-03-07,7.646,HOLD,0.08935993909835815,1,11683.22492,11690.870920000001
2013-03-08,7.694,HOLD,0.080136239528656,1,11683.22492,11690.91892
2013-03-11,7.82,HOLD,0.07694536447525024,1,11683.22492,11691.04492
2013-03-12,7.824,HOLD,0.1140250563621521,1,11683.22492,11691.048920000001
2013-03-13,7.796,HOLD,0.11083608865737915,1,11683.22492,11691.02092
2013-03-14,7.37,HOLD,0.12623929977416992,1,11683.22492,11690.594920000001
2013-03-15,7.058,HOLD,0.12602561712265015,1,11683.22492,11690.282920000001
2013-03-18,7.03,SELL,0.2094147801399231,1,11683.22492,11690.254920000001
2013-03-19,7.016,HOLD,0.07457828521728516,1,11683.22492,11690.24092
2013-03-20,7.19,HOLD,0.0042836666107177734,1,11683.22492,11690.414920000001
2013-03-21,7.202,HOLD,0.053242027759552,1,11683.22492,11690.42692
2013-03-22,7.324,HOLD,0.01975041627883911,1,11683.22492,11690.548920000001
2013-03-25,7.506,HOLD,0.07483667135238647,1,11683.22492,11690.73092
2013-03-26,7.572,HOLD,0.10242152214050293,1,11683.22492,11690.79692
2013-03-27,7.632,HOLD,0.07879400253295898,1,11683.22492,11690.85692
2013-03-28,7.578,HOLD,0.07569354772567749,1,11683.22492,11690.80292
2013-04-01,8.786,HOLD,0.1233820915222168,1,11683.22492,11692.01092
2013-04-02,8.868,HOLD,0.14958417415618896,1,11683.22492,11692.092920000001
2013-04-03,8.22,HOLD,0.15878969430923462,1,11683.22492,11691.44492
2013-04-04,8.402,HOLD,0.08733999729156494,1,11683.22492,11691.62692
2013-04-05,8.274,HOLD,0.04111194610595703,1,11683.22492,11691.49892
2013-04-08,8.366,HOLD,0.08763009309768677,1,11683.22492,11691.59092
2013-04-09,8.1,HOLD,0.11671388149261475,1,11683.22492,11691.324920000001
2013-04-10,8.372,HOLD,0.08714890480041504,1,11683.22492,11691.59692
2013-04-11,8.718,HOLD,0.03743070363998413,1,11683.22492,11691.942920000001
2013-04-12,8.75,HOLD,0.029023468494415283,1,11683.22492,11691.97492
2013-04-15,8.66,HOLD,0.05214053392410278,1,11683.22492,11691.88492
2013-04-16,9.118,HOLD,0.05462223291397095,1,11683.22492,11692.342920000001
2013-04-17,9.09,HOLD,0.020702838897705078,1,11683.22492,11692.31492
2013-04-18,9.394,HOLD,0.0559537410736084,1,11683.22492,11692.61892
2013-04-19,9.566,HOLD,0.0425068736076355,1,11683.22492,11692.790920000001
2013-04-22,10.038,HOLD,0.011028707027435303,1,11683.22492,11693.262920000001
2013-04-23,10.202,HOLD,0.05279439687728882,1,11683.22492,11693.42692
2013-04-24,10.086,HOLD,0.051575660705566406,1,11683.22492,11693.31092
2013-04-25,10.4,HOLD,0.19919288158416748,1,11683.22492,11693.62492
2013-04-26,10.24,SELL,0.23832786083221436,1,11683.22492,11693.46492
2013-04-29,10.988,SELL,0.2124800682067871,1,11683.22492,11694.21292
2013-04-30,10.798,HOLD,0.1021241545677185,1,11683.22492,11694.022920000001
2013-05-01,10.656,HOLD,0.0369228720664978,1,11683.22492,11693.880920000001
2013-05-02,10.822,HOLD,0.004993438720703125,1,11683.22492,11694.04692
2013-05-03,10.91,HOLD,0.004005074501037598,1,11683.22492,11694.13492
2013-05-06,11.9,HOLD,0.044140636920928955,1,11683.22492,11695.12492
2013-05-07,11.102,HOLD,0.07217186689376831,1,11683.22492,11694.326920000001
2013-05-08,11.158,HOLD,0.006345391273498535,1,11683.22492,11694.38292
2013-05-09,13.88,HOLD,0.03522229194641113,1,11683.22492,11697.10492
2013-05-10,15.352,HOLD,0.015239357948303223,1,11683.22492,11698.576920000001
2013-05-13,17.559999,HOLD,0.06640738248825073,1,11683.22492,11700.784919
2013-05-14,16.648001,HOLD,0.0447382926940918,1,11683.22492,11699.872921
2013-05-15,16.968,HOLD,0.030289888381958008,1,11683.22492,11700.192920000001
2013-05-16,18.450001,HOLD,0.004976391792297363,1,11683.22492,11701.674921
2013-05-17,18.299999,HOLD,0.03900325298309326,1,11683.22492,11701.524919000001
2013-05-20,17.988001,HOLD,0.019887030124664307,1,11683.22492,11701.212921
2013-05-21,17.518,HOLD,0.005521535873413086,1,11683.22492,11700.74292
2013-05-22,17.448,HOLD,0.02237403392791748,1,11683.22492,11700.67292
2013-05-23,18.546,HOLD,0.00037151575088500977,1,11683.22492,11701.77092
2013-05-24,19.416,HOLD,0.018387258052825928,1,11683.22492,11702.64092
2013-05-28,22.066,HOLD,0.012279272079467773,1,11683.22492,11705.290920000001
2013-05-29,20.926001,HOLD,0.03239262104034424,1,11683.22492,11704.150921
2013-05-30,20.99,HOLD,0.015711665153503418,1,11683.22492,11704.21492
2013-05-31,19.552,HOLD,0.02793043851852417,1,11683.22492,11702.77692
2013-06-03,18.518,HOLD,0.02714252471923828,1,11683.22492,11701.74292
2013-06-04,18.968,HOLD,0.16430020332336426,1,11683.22492,11702.192920000001
2013-06-05,19.073999,HOLD,0.05450844764709473,1,11683.22492,11702.298919
2013-06-06,19.469999,HOLD,0.05099374055862427,1,11683.22492,11702.694919000001
2013-06-07,20.408001,HOLD,0.020285606384277344,1,11683.22492,11703.632921
2013-06-10,20.01,HOLD,0.08769738674163818,1,11683.22492,11703.23492
2013-06-11,18.893999,HOLD,0.16445326805114746,1,11683.22492,11702.118919
2013-06-12,19.546,BUY,0.2940819263458252,538,1082.0609000000004,11702.77092
2013-06-13,19.636,BUY,0.3008791208267212,587,110.27526000000046,11646.2289
2013-06-14,20.059999,BUY,0.29079222679138184,591,29.23286404000045,11885.494673000001
2013-06-17,20.440001,BUY,0.2770804166793823,592,8.588463030000451,12109.27345504
2013-06-18,20.677999,HOLD,0.21448266506195068,592,8.588463030000451,12249.96387103
2013-06-19,20.936001,HOLD,0.13973164558410645,592,8.588463030000451,12402.701055030002
2013-06-20,20.129999,HOLD,0.11390423774719238,592,8.588463030000451,11925.547871030001
2013-06-21,19.91,HOLD,0.15011131763458252,592,8.588463030000451,11795.30846303
2013-06-24,20.298,HOLD,0.15497839450836182,592,8.588463030000451,12025.00446303
2013-06-25,20.48,HOLD,0.18074142932891846,592,8.588463030000451,12132.74846303
2013-06-26,21.143999,HOLD,0.23695635795593262,592,8.588463030000451,12525.835871030002
2013-06-27,21.85,HOLD,0.13912880420684814,592,8.588463030000451,12943.788463030001
2013-06-28,21.472,HOLD,0.18230736255645752,592,8.588463030000451,12720.012463030002
2013-07-01,23.436001,HOLD,0.18744254112243652,592,8.588463030000451,13882.701055030002
2013-07-02,23.563999,HOLD,0.09334003925323486,592,8.588463030000451,13958.47587103
2013-07-03,23.048,HOLD,0.061652541160583496,592,8.588463030000451,13653.00446303
2013-07-05,24.018,HOLD,0.06852161884307861,592,8.588463030000451,14227.244463030001
2013-07-08,24.322001,HOLD,0.14181768894195557,592,8.588463030000451,14407.21305503
2013-07-09,24.690001,HOLD,0.10510241985321045,592,8.588463030000451,14625.06905503
2013-07-10,24.454,HOLD,0.102760910987854,592,8.588463030000451,14485.35646303
2013-07-11,25.122,HOLD,0.0902869701385498,592,8.588463030000451,14880.81246303
2013-07-12,25.98,HOLD,0.026954174041748047,592,8.588463030000451,15388.74846303
2013-07-15,25.452,HOLD,0.00862652063369751,592,8.588463030000451,15076.172463030001
2013-07-16,21.809999,HOLD,0.01736682653427124,592,8.588463030000451,12920.10787103
2013-07-17,24.049999,HOLD,0.0006487369537353516,592,8.588463030000451,14246.18787103
2013-07-18,23.806,HOLD,0.12657511234283447,592,8.588463030000451,14101.74046303
2013-07-19,23.936001,HOLD,0.23146510124206543,592,8.588463030000451,14178.701055030002
2013-07-22,24.486,HOLD,0.143471360206604,592,8.588463030000451,14504.30046303
2013-07-23,24.548,HOLD,0.0713735818862915,592,8.588463030000451,14541.00446303
2013-07-24,24.34,HOLD,0.06377685070037842,592,8.588463030000451,14417.868463030001
2013-07-25,24.813999,HOLD,0.07850885391235352,592,8.588463030000451,14698.47587103
2013-07-26,25.878,HOLD,0.007384657859802246,592,8.588463030000451,15328.36446303
2013-07-29,26.924,HOLD,0.09799128770828247,592,8.588463030000451,15947.59646303
2013-07-30,26.348,HOLD,0.06694293022155762,592,8.588463030000451,15606.60446303
2013-07-31,26.856001,HOLD,0.07022005319595337,592,8.588463030000451,15907.34105503
2013-08-01,27.110001,HOLD,0.06882089376449585,592,8.588463030000451,16057.709055030002
2013-08-02,27.6,HOLD,0.0035462379455566406,592,8.588463030000451,16347.788463030001
2013-08-05,28.936001,HOLD,0.061141014099121094,592,8.588463030000451,17138.70105503
2013-08-06,28.43,HOLD,0.13044410943984985,592,8.588463030000451,16839.14846303
2013-08-07,26.846001,HOLD,0.1388387680053711,592,8.588463030000451,15901.421055030001
2013-08-08,30.695999,SELL,0.23736286163330078,119,14382.60391476,18180.619871029998
2013-08-09,30.6,HOLD,0.18954318761825562,119,14382.60391476,18024.00391476
2013-08-12,29.476,HOLD,0.17076319456100464,119,14382.60391476,17890.24791476
2013-08-13,29.086,HOLD,0.12093710899353027,119,14382.60391476,17843.83791476
2013-08-14,27.872,BUY,0.2705085277557373,583,1320.6698347599995,17699.37191476
2013-08-15,27.934,BUY,0.4009917974472046,625,135.7095547599995,17606.19183476
2013-08-16,28.4,BUY,0.2754185199737549,629,20.9735547599995,17885.70955476
2013-08-19,28.98,HOLD,0.2512190341949463,629,20.9735547599995,18249.39355476
2013-08-20,29.916,HOLD,0.28654563426971436,629,20.9735547599995,18838.13755476
2013-08-21,29.572001,HOLD,0.1506202220916748,629,20.9735547599995,18621.762183759998
2013-08-22,31.42,HOLD,0.05852806568145752,629,20.9735547599995,19784.15355476
2013-08-23,32.368,HOLD,0.007994890213012695,629,20.9735547599995,20380.44555476
2013-08-26,32.844002,HOLD,0.044899821281433105,629,20.9735547599995,20679.85081276
2013-08-27,33.402,HOLD,0.04482930898666382,629,20.9735547599995,21030.83155476
2013-08-28,33.290001,HOLD,0.025931596755981445,629,20.9735547599995,20960.384183759998
2013-08-29,33.212002,HOLD,0.06011998653411865,629,20.9735547599995,20911.322812759998
2013-08-30,33.799999,HOLD,0.13361215591430664,629,20.9735547599995,21281.172925759998
2013-09-03,33.787998,HOLD,0.12601369619369507,629,20.9735547599995,21273.62429676
2013-09-04,34.124001,SELL,0.20361489057540894,126,17013.702332729998,21484.97018376
2013-09-05,33.986,SELL,0.2533840537071228,26,20378.31633273,21295.93833273
2013-09-06,33.394001,HOLD,0.12160235643386841,26,20378.31633273,21246.56035873
2013-09-09,32.139999,HOLD,0.04520153999328613,26,20378.31633273,21213.95630673
2013-09-10,33.273998,HOLD,0.1087489128112793,26,20378.31633273,21243.44028073
2013-09-11,32.703999,BUY,0.20271015167236328,586,1880.9344983299961,21228.620306729998
2013-09-12,32.986,BUY,0.24188637733459473,637,181.8256383299963,21210.730498329995
2013-09-13,33.108002,BUY,0.21306514739990234,641,48.069310249996306,21271.622912329996
2013-09-16,33.316002,HOLD,0.1446845531463623,641,48.069310249996306,21403.626592249995
2013-09-17,33.245998,HOLD,0.08028805255889893,641,48.069310249996306,21358.754028249998
2013-09-18,33.243999,HOLD,0.05997300148010254,641,48.069310249996306,21357.472669249997
2013-09-19,35.584,HOLD,0.014108061790466309,641,48.069310249996306,22857.413310249998
2013-09-20,36.678001,HOLD,0.016013920307159424,641,48.069310249996306,23558.667951249998
2013-09-23,36.222,HOLD,0.02449357509613037,641,48.069310249996306,23266.371310249997
2013-09-24,36.466,HOLD,0.05045270919799805,641,48.069310249996306,23422.77531025
2013-09-25,37.048,HOLD,0.012413978576660156,641,48.069310249996306,23795.837310249997
2013-09-26,37.728001,HOLD,0.0003554821014404297,641,48.069310249996306,24231.717951249997
2013-09-27,38.18,HOLD,0.01985490322113037,641,48.069310249996306,24521.44931025
2013-09-30,38.674,HOLD,0.051987409591674805,641,48.069310249996306,24838.103310249997
2013-10-01,38.599998,HOLD,0.11737090349197388,641,48.069310249996306,24790.66802825
2013-10-02,36.189999,HOLD,0.09355378150939941,641,48.069310249996306,23245.858669249996
2013-10-03,34.661999,HOLD,0.05167508125305176,641,48.069310249996306,22266.41066925
2013-10-04,36.195999,HOLD,0.058946430683135986,641,48.069310249996306,23249.704669249997
2013-10-07,36.613998,HOLD,0.06827276945114136,641,48.069310249996306,23517.64202825
2013-10-08,34.945999,HOLD,0.042785048484802246,641,48.069310249996306,22448.454669249997
2013-10-09,33.756001,HOLD,0.02209162712097168,641,48.069310249996306,21685.665951249997
2013-10-10,34.585999,HOLD,0.04772806167602539,641,48.069310249996306,22217.69466925
2013-10-11,35.740002,HOLD,0.0368342399597168,641,48.069310249996306,22957.410592249995
2013-10-14,35.944,HOLD,0.06785082817077637,641,48.069310249996306,23088.17331025
2013-10-15,36.787998,HOLD,0.03856700658798218,641,48.069310249996306,23629.17602825
2013-10-16,36.712002,HOLD,0.04547929763793945,641,48.069310249996306,23580.462592249994
2013-10-17,36.560001,HOLD,0.00041985511779785156,641,48.069310249996306,23483.02995125
2013-10-18,36.68,HOLD,0.002844512462615967,641,48.069310249996306,23559.94931025
2013-10-21,34.52,HOLD,0.029302477836608887,641,48.069310249996306,22175.38931025
2013-10-22,34.307999,HOLD,0.03156167268753052,641,48.069310249996306,22039.49666925
2013-10-23,32.900002,HOLD,0.06981754302978516,641,48.069310249996306,21136.970592249996
2013-10-24,34.630001,HOLD,0.1251932978630066,641,48.069310249996306,22245.899951249998
2013-10-25,33.931999,SELL,0.20365136861801147,129,17247.520963369996,21798.480669249995
2013-10-28,32.571999,HOLD,0.1811850666999817,129,17247.520963369996,21449.308834369996
2013-10-29,32.894001,HOLD,0.19168227910995483,129,17247.520963369996,21490.847092369997
2013-10-30,31.844,HOLD,0.17848336696624756,129,17247.520963369996,21355.396963369996
2013-10-31,31.988001,HOLD,0.1710912585258484,129,17247.520963369996,21373.973092369997
2013-11-01,32.433998,HOLD,0.11082959175109863,129,17247.520963369996,21431.506705369997
2013-11-04,35.040001,HOLD,0.08904343843460083,129,17247.520963369996,21767.681092369996
2013-11-05,35.362,HOLD,0.1357945203781128,129,17247.520963369996,21809.218963369996
2013-11-06,30.232,HOLD,0.15310174226760864,129,17247.520963369996,21147.448963369996
2013-11-07,27.954,HOLD,0.13214820623397827,129,17247.520963369996,20853.586963369995
2013-11-08,27.59,HOLD,0.13136470317840576,129,17247.520963369996,20806.630963369997
2013-11-11,28.940001,HOLD,0.1132705807685852,129,17247.520963369996,20980.781092369994
2013-11-12,27.559999,HOLD,0.11920714378356934,129,17247.520963369996,20802.760834369998
2013-11-13,27.74,HOLD,0.19217312335968018,129,17247.520963369996,20825.980963369995
2013-11-14,27.52,HOLD,0.19532257318496704,129,17247.520963369996,20797.600963369994
2013-11-15,27.09,HOLD,0.1873108148574829,129,17247.520963369996,20742.130963369997
2013-11-18,24.316,HOLD,0.165047287940979,129,17247.520963369996,20384.284963369995
2013-11-19,25.218,HOLD,0.1542302370071411,129,17247.520963369996,20500.642963369995
2013-11-20,24.222,HOLD,0.07148653268814087,129,17247.520963369996,20372.158963369995
2013-11-21,24.42,HOLD,0.0818679928779602,129,17247.520963369996,20397.700963369996
2013-11-22,24.275999,HOLD,0.11630421876907349,129,17247.520963369996,20379.124834369995
2013-11-25,24.167999,HOLD,0.11449021100997925,129,17247.520963369996,20365.192834369995
2013-11-26,24.1,HOLD,0.07874131202697754,129,17247.520963369996,20356.420963369997
2013-11-27,25.388,HOLD,0.11399632692337036,129,17247.520963369996,20522.572963369996
2013-11-29,25.455999,HOLD,0.1532312035560608,129,17247.520963369996,20531.344834369997
2013-12-02,24.834,SELL,0.21174627542495728,26,19779.843943369997,20451.106963369995
2013-12-03,28.940001,HOLD,0.18160367012023926,26,19779.843943369997,20532.283969369997
2013-12-04,27.790001,HOLD,0.12514859437942505,26,19779.843943369997,20502.383969369996
2013-12-05,28.096001,HOLD,0.13749641180038452,26,19779.843943369997,20510.339969369998
2013-12-06,27.472,HOLD,0.03979671001434326,26,19779.843943369997,20494.115943369998
2013-12-09,28.32,BUY,0.2520871162414551,654,1817.0343433699963,20516.163943369997
2013-12-10,28.438,BUY,0.2231745719909668,711,179.85868336999647,20415.486343369994
2013-12-11,27.93,BUY,0.29572999477386475,716,38.81218336999646,20038.088683369995
2013-12-12,29.493999,BUY,0.23315012454986572,717,9.023244379996463,21156.515467369994
2013-12-13,29.530001,HOLD,0.2900153398513794,717,9.023244379996463,21182.033961379995
2013-12-16,29.587999,HOLD,0.2734353542327881,717,9.023244379996463,21223.618527379997
2013-12-17,30.492001,HOLD,0.25872600078582764,717,9.023244379996463,21871.787961379996
2013-12-18,29.596001,HOLD,0.33957338333129883,717,9.023244379996463,21229.35596138
2013-12-19,28.143999,HOLD,0.37842535972595215,717,9.023244379996463,20188.27052738
2013-12-20,28.648001,HOLD,0.38856422901153564,717,9.023244379996463,20549.63996138
2013-12-23,28.709999,HOLD,0.38152945041656494,717,9.023244379996463,20594.09252738
2013-12-24,30.282,HOLD,0.2609599828720093,717,9.023244379996463,21721.217244379997
2013-12-26,31.1,HOLD,0.0854027271270752,717,9.023244379996463,22307.72324438
2013-12-27,30.224001,HOLD,0.046686530113220215,717,9.023244379996463,21679.631961379997
2013-12-30,30.488001,HOLD,0.18904322385787964,717,9.023244379996463,21868.919961379997
2013-12-31,30.086,SELL,0.2672346234321594,144,17075.908464379994,21580.685244379998
2014-01-02,30.02,HOLD,0.1756177544593811,144,17075.908464379994,21398.788464379995
2014-01-03,29.912001,HOLD,0.06276381015777588,144,17075.908464379994,21383.236608379993
2014-01-06,29.4,HOLD,0.004483222961425781,144,17075.908464379994,21309.508464379993
2014-01-07,29.872,HOLD,0.0520244836807251,144,17075.908464379994,21377.476464379994
2014-01-08,30.256001,HOLD,0.05296671390533447,144,17075.908464379994,21432.772608379993
2014-01-09,29.506001,HOLD,0.06031215190887451,144,17075.908464379994,21324.772608379993
2014-01-10,29.143999,HOLD,0.06715482473373413,144,17075.908464379994,21272.644320379994
2014-01-13,27.868,HOLD,0.01414191722869873,144,17075.908464379994,21088.900464379993
2014-01-14,32.254002,HOLD,0.07593768835067749,144,17075.908464379994,21720.484752379994
2014-01-15,32.826,HOLD,0.11569255590438843,144,17075.908464379994,21802.852464379994
2014-01-16,34.194,HOLD,0.11594855785369873,144,17075.908464379994,21999.844464379996
2014-01-17,34.001999,HOLD,0.031003594398498535,144,17075.908464379994,21972.196320379993
2014-01-21,35.335999,HOLD,0.14399981498718262,144,17075.908464379994,22164.292320379995
2014-01-22,35.712002,HOLD,0.027640342712402344,144,17075.908464379994,22218.436752379996
2014-01-23,36.299999,HOLD,0.07942330837249756,144,17075.908464379994,22303.108320379994
2014-01-24,34.919998,HOLD,0.05871802568435669,144,17075.908464379994,22104.388176379995
2014-01-27,33.924,HOLD,0.03971982002258301,144,17075.908464379994,21960.964464379995
2014-01-28,35.675999,HOLD,0.11150604486465454,144,17075.908464379994,22213.252320379994
2014-01-29,35.046001,HOLD,0.10121911764144897,144,17075.908464379994,22122.532608379996
2014-01-30,36.568001,HOLD,0.08387506008148193,144,17075.908464379994,22341.700608379993
2014-01-31,36.282001,HOLD,0.0826689600944519,144,17075.908464379994,22300.516608379992
2014-02-03,35.422001,HOLD,0.07667458057403564,144,17075.908464379994,22176.676608379996
2014-02-04,35.745998,HOLD,0.11549782752990723,144,17075.908464379994,22223.332176379994
2014-02-05,34.883999,HOLD,0.049764931201934814,144,17075.908464379994,22099.204320379995
2014-02-06,35.675999,HOLD,0.05258023738861084,144,17075.908464379994,22213.252320379994
2014-02-07,37.306,HOLD,0.1401127576828003,144,17075.908464379994,22447.972464379993
2014-02-10,39.312,HOLD,0.056060075759887695,144,17075.908464379994,22736.836464379994
2014-02-11,39.324001,HOLD,0.14651966094970703,144,17075.908464379994,22738.564608379995
2014-02-12,39.063999,HOLD,0.010887622833251953,144,17075.908464379994,22701.124320379997
2014-02-13,39.925999,HOLD,0.025730609893798828,144,17075.908464379994,22825.252320379994
2014-02-14,39.646,HOLD,0.08310210704803467,144,17075.908464379994,22784.932464379996
2014-02-18,40.740002,HOLD,0.005563259124755859,144,17075.908464379994,22942.468752379995
2014-02-19,38.728001,HOLD,0.0008858442306518555,144,17075.908464379994,22652.740608379994
2014-02-20,41.993999,HOLD,0.006920337677001953,144,17075.908464379994,23123.044320379995
2014-02-21,41.919998,HOLD,0.06609976291656494,144,17075.908464379994,23112.388176379995
2014-02-24,43.529999,HOLD,0.0613633394241333,144,17075.908464379994,23344.228320379993
2014-02-25,49.599998,HOLD,0.02046334743499756,144,17075.908464379994,24218.308176379993
2014-02-26,50.599998,HOLD,0.02284473180770874,144,17075.908464379994,24362.308176379993
2014-02-27,50.507999,HOLD,0.04662740230560303,144,17075.908464379994,24349.060320379995
2014-02-28,48.962002,HOLD,0.021094083786010742,144,17075.908464379994,24126.436752379996
2014-03-03,50.112,HOLD,0.028398633003234863,144,17075.908464379994,24292.036464379995
2014-03-04,50.967999,HOLD,0.02725011110305786,144,17075.908464379994,24415.300320379996
2014-03-05,50.532001,HOLD,0.10142910480499268,144,17075.908464379994,24352.516608379992
2014-03-06,50.588001,HOLD,0.015533745288848877,144,17075.908464379994,24360.580608379994
2014-03-07,49.242001,HOLD,0.019051730632781982,144,17075.908464379994,24166.756608379994
2014-03-10,47.768002,HOLD,0.02153754234313965,144,17075.908464379994,23954.500752379994
2014-03-11,46.882,HOLD,0.02056419849395752,144,17075.908464379994,23826.916464379996
2014-03-12,48.298,HOLD,0.013938665390014648,144,17075.908464379994,24030.820464379995
2014-03-13,47.557999,HOLD,0.01705169677734375,144,17075.908464379994,23924.260320379995
2014-03-14,46.194,HOLD,0.0513991117477417,144,17075.908464379994,23727.844464379996
2014-03-17,46.796001,HOLD,0.015311837196350098,144,17075.908464379994,23814.532608379996
2014-03-18,48.007999,HOLD,0.04129505157470703,144,17075.908464379994,23989.060320379995
2014-03-19,47.167999,HOLD,0.0022159814834594727,144,17075.908464379994,23868.100320379996
2014-03-20,46.981998,HOLD,0.04081273078918457,144,17075.908464379994,23841.316176379994
2014-03-21,45.778,HOLD,0.022493183612823486,144,17075.908464379994,23667.940464379994
2014-03-24,44.034,HOLD,0.03803056478500366,144,17075.908464379994,23416.804464379995
2014-03-25,44.088001,HOLD,0.0059926509857177734,144,17075.908464379994,23424.580608379994
2014-03-26,42.591999,HOLD,0.017042160034179688,144,17075.908464379994,23209.156320379996
2014-03-27,41.464001,HOLD,0.06254470348358154,144,17075.908464379994,23046.724608379995
2014-03-28,42.473999,HOLD,0.017161011695861816,144,17075.908464379994,23192.164320379994
2014-03-31,41.689999,HOLD,0.052978515625,144,17075.908464379994,23079.268320379993
2014-04-01,43.394001,HOLD,0.06274914741516113,144,17075.908464379994,23324.644608379996
2014-04-02,46.057999,HOLD,0.06921780109405518,144,17075.908464379994,23708.260320379995
2014-04-03,45.080002,HOLD,0.0633690357208252,144,17075.908464379994,23567.428752379994
2014-04-04,42.445999,HOLD,0.0396268367767334,144,17075.908464379994,23188.132320379995
2014-04-07,41.504002,HOLD,0.044071316719055176,144,17075.908464379994,23052.484752379994
2014-04-08,43.091999,HOLD,0.06373763084411621,144,17075.908464379994,23281.156320379996
2014-04-09,43.386002,HOLD,0.09721231460571289,144,17075.908464379994,23323.492752379992
2014-04-10,40.838001,HOLD,0.0948188304901123,144,17075.908464379994,22956.580608379994
2014-04-11,40.756001,HOLD,0.08696746826171875,144,17075.908464379994,22944.772608379993
2014-04-14,39.618,HOLD,0.0881044864654541,144,17075.908464379994,22780.900464379993
2014-04-15,38.782001,HOLD,0.12272703647613525,144,17075.908464379994,22660.516608379992
2014-04-16,39.821999,HOLD,0.1287386417388916,144,17075.908464379994,22810.276320379995
2014-04-17,39.624001,HOLD,0.13774847984313965,144,17075.908464379994,22781.764608379995
2014-04-21,40.875999,HOLD,0.15655112266540527,144,17075.908464379994,22962.052320379993
2014-04-22,43.728001,HOLD,0.14274358749389648,144,17075.908464379994,23372.740608379994
2014-04-23,41.598,HOLD,0.1221998929977417,144,17075.908464379994,23066.020464379995
2014-04-24,41.571999,HOLD,0.09520149230957031,144,17075.908464379994,23062.276320379995
2014-04-25,39.970001,HOLD,0.038495779037475586,144,17075.908464379994,22831.588608379996
2014-04-28,39.702,HOLD,0.015382647514343262,144,17075.908464379994,22792.996464379994
2014-04-29,41.383999,HOLD,0.12588852643966675,144,17075.908464379994,23035.204320379995
2014-04-30,41.577999,HOLD,0.16987812519073486,144,17075.908464379994,23063.140320379993
2014-05-01,41.546001,HOLD,0.05807948112487793,144,17075.908464379994,23058.532608379996
2014-05-02,42.181999,HOLD,0.033533453941345215,144,17075.908464379994,23150.116320379995
2014-05-05,43.321999,HOLD,0.06493330001831055,144,17075.908464379994,23314.276320379995
2014-05-06,41.456001,HOLD,0.07773596048355103,144,17075.908464379994,23045.572608379996
2014-05-07,40.27,HOLD,0.01271510124206543,144,17075.908464379994,22874.788464379995
2014-05-08,35.717999,HOLD,0.0775763988494873,144,17075.908464379994,22219.300320379996
2014-05-09,36.452,HOLD,0.09223759174346924,144,17075.908464379994,22324.996464379994
2014-05-12,36.933998,HOLD,0.1268385648727417,144,17075.908464379994,22394.404176379994
2014-05-13,38.032001,HOLD,0.14665913581848145,144,17075.908464379994,22552.516608379992
2014-05-14,38.124001,HOLD,0.15747857093811035,144,17075.908464379994,22565.764608379995
2014-05-15,37.717999,HOLD,0.14743077754974365,144,17075.908464379994,22507.300320379996
2014-05-16,38.312,HOLD,0.0014913082122802734,144,17075.908464379994,22592.836464379994
2014-05-19,39.217999,HOLD,0.007698535919189453,144,17075.908464379994,22723.300320379996
2014-05-20,39.060001,HOLD,0.03530395030975342,144,17075.908464379994,22700.548608379995
2014-05-21,39.889999,HOLD,0.0638803243637085,144,17075.908464379994,22820.068320379993
2014-05-22,40.976002,HOLD,0.07156562805175781,144,17075.908464379994,22976.452752379995
2014-05-23,41.459999,HOLD,0.07114905118942261,144,17075.908464379994,23046.148320379994
2014-05-27,42.312,HOLD,0.12516838312149048,144,17075.908464379994,23168.836464379994
2014-05-28,42.048,HOLD,0.1588754653930664,144,17075.908464379994,23130.820464379995
2014-05-29,42.048,HOLD,0.17627382278442383,144,17075.908464379994,23130.820464379995
2014-05-30,41.554001,SELL,0.2369784116744995,29,21806.831478229993,23059.684608379994
2014-06-02,40.939999,SELL,0.2141372561454773,6,22739.035255459992,22994.091449229993
2014-06-03,40.987999,SELL,0.20014888048171997,2,22901.34773149999,22984.963249459994
2014-06-04,40.798,HOLD,0.10017770528793335,2,22901.34773149999,22982.943731499992
2014-06-05,41.380001,HOLD,0.053833723068237305,2,22901.34773149999,22984.10773349999
2014-06-06,41.633999,HOLD,0.011403441429138184,2,22901.34773149999,22984.61572949999
2014-06-09,41.062,HOLD,0.12085020542144775,2,22901.34773149999,22983.47173149999
2014-06-10,40.459999,HOLD,0.06568896770477295,2,22901.34773149999,22982.267729499992
2014-06-11,40.894001,HOLD,0.08772909641265869,2,22901.34773149999,22983.135733499992
2014-06-12,40.703999,HOLD,0.15773677825927734,2,22901.34773149999,22982.75572949999
2014-06-13,41.284,HOLD,0.1334385871887207,2,22901.34773149999,22983.91573149999
2014-06-16,44.922001,HOLD,0.06510353088378906,2,22901.34773149999,22991.191733499993
2014-06-17,46.334,HOLD,0.012578368186950684,2,22901.34773149999,22994.015731499992
2014-06-18,45.424,HOLD,0.06723475456237793,2,22901.34773149999,22992.195731499993
2014-06-19,45.557999,HOLD,0.032525599002838135,2,22901.34773149999,22992.463729499992
2014-06-20,45.917999,HOLD,0.004857540130615234,2,22901.34773149999,22993.18372949999
2014-06-23,47.444,HOLD,0.04009521007537842,2,22901.34773149999,22996.23573149999
2014-06-24,46.5,HOLD,0.07829093933105469,2,22901.34773149999,22994.34773149999
2014-06-25,47.377998,HOLD,0.09934419393539429,2,22901.34773149999,22996.10372749999
2014-06-26,47.119999,HOLD,0.08854669332504272,2,22901.34773149999,22995.587729499992
2014-06-27,47.812,HOLD,0.09257674217224121,2,22901.34773149999,22996.97173149999
2014-06-30,48.012001,HOLD,0.10111463069915771,2,22901.34773149999,22997.37173349999
2014-07-01,47.944,HOLD,0.11491602659225464,2,22901.34773149999,22997.23573149999
2014-07-02,45.886002,HOLD,0.09630560874938965,2,22901.34773149999,22993.11973549999
2014-07-03,45.849998,HOLD,0.07345563173294067,2,22901.34773149999,22993.04772749999
2014-07-07,44.532001,HOLD,0.07161509990692139,2,22901.34773149999,22990.41173349999
2014-07-08,43.813999,HOLD,0.05061471462249756,2,22901.34773149999,22988.97572949999
2014-07-09,44.612,HOLD,0.00010859966278076172,2,22901.34773149999,22990.57173149999
2014-07-10,43.891998,HOLD,0.04552638530731201,2,22901.34773149999,22989.13172749999
2014-07-11,43.625999,HOLD,0.04271590709686279,2,22901.34773149999,22988.59972949999
2014-07-14,45.34,HOLD,0.08245956897735596,2,22901.34773149999,22992.02773149999
2014-07-15,43.916,HOLD,0.06417405605316162,2,22901.34773149999,22989.17973149999
2014-07-16,43.431999,HOLD,0.01806628704071045,2,22901.34773149999,22988.21172949999
2014-07-17,43.080002,HOLD,0.010308027267456055,2,22901.34773149999,22987.507735499992
2014-07-18,44.004002,HOLD,0.012602806091308594,2,22901.34773149999,22989.35573549999
2014-07-21,44.108002,HOLD,0.04125171899795532,2,22901.34773149999,22989.563735499993
2014-07-22,43.916,HOLD,0.041188180446624756,2,22901.34773149999,22989.17973149999
2014-07-23,44.498001,HOLD,0.07268011569976807,2,22901.34773149999,22990.34373349999
2014-07-24,44.708,HOLD,0.06995052099227905,2,22901.34773149999,22990.763731499992
2014-07-25,44.714001,HOLD,0.10443770885467529,2,22901.34773149999,22990.77573349999
2014-07-28,44.964001,HOLD,0.13420021533966064,2,22901.34773149999,22991.27573349999
2014-07-29,45.001999,HOLD,0.1326633095741272,2,22901.34773149999,22991.35172949999
2014-07-30,45.784,HOLD,0.16250193119049072,2,22901.34773149999,22992.91573149999
2014-07-31,44.66,HOLD,0.12005996704101562,2,22901.34773149999,22990.66773149999
2014-08-01,46.653999,HOLD,0.11817747354507446,2,22901.34773149999,22994.65572949999
2014-08-04,47.703999,HOLD,0.12144708633422852,2,22901.34773149999,22996.75572949999
2014-08-05,47.698002,HOLD,0.12322473526000977,2,22901.34773149999,22996.74373549999
2014-08-06,49.785999,HOLD,0.10730123519897461,2,22901.34773149999,23000.91972949999
2014-08-07,50.478001,HOLD,0.13292533159255981,2,22901.34773149999,23002.30373349999
2014-08-08,49.625999,HOLD,0.06684625148773193,2,22901.34773149999,23000.59972949999
2014-08-11,51.863998,HOLD,0.023839235305786133,2,22901.34773149999,23005.075727499992
2014-08-12,51.992001,HOLD,0.057137131690979004,2,22901.34773149999,23005.331733499992
2014-08-13,52.062,HOLD,0.03316742181777954,2,22901.34773149999,23005.47173149999
2014-08-14,52.276001,HOLD,0.06288540363311768,2,22901.34773149999,23005.89973349999
2014-08-15,52.402,HOLD,0.052347660064697266,2,22901.34773149999,23006.15173149999
2014-08-18,51.987999,HOLD,0.06915348768234253,2,22901.34773149999,23005.323729499993
2014-08-19,51.352001,HOLD,0.07240140438079834,2,22901.34773149999,23004.05173349999
2014-08-20,51.141998,HOLD,0.047744810581207275,2,22901.34773149999,23003.63172749999
2014-08-21,50.868,HOLD,0.03930079936981201,2,22901.34773149999,23003.08373149999
2014-08-22,51.355999,HOLD,0.04006612300872803,2,22901.34773149999,23004.05972949999
2014-08-25,52.509998,HOLD,0.09429025650024414,2,22901.34773149999,23006.36772749999
2014-08-26,52.348,HOLD,0.09957432746887207,2,22901.34773149999,23006.04373149999
2014-08-27,52.650002,HOLD,0.09750217199325562,2,22901.34773149999,23006.64773549999
2014-08-28,52.771999,HOLD,0.10384583473205566,2,22901.34773149999,23006.891729499992
2014-08-29,53.939999,HOLD,0.0883224606513977,2,22901.34773149999,23009.22772949999
2014-09-02,56.824001,HOLD,0.09891313314437866,2,22901.34773149999,23014.995733499993
2014-09-03,56.237999,HOLD,0.10154563188552856,2,22901.34773149999,23013.823729499993
2014-09-04,57.208,HOLD,0.03296154737472534,2,22901.34773149999,23015.763731499992
2014-09-05,55.478001,HOLD,0.045070111751556396,2,22901.34773149999,23012.30373349999
2014-09-08,56.422001,HOLD,0.045951902866363525,2,22901.34773149999,23014.191733499993
2014-09-09,55.695999,HOLD,0.029374897480010986,2,22901.34773149999,23012.73972949999
2014-09-10,56.220001,HOLD,0.02631855010986328,2,22901.34773149999,23013.78773349999
2014-09-11,56.062,HOLD,0.040790021419525146,2,22901.34773149999,23013.47173149999
2014-09-12,55.84,HOLD,0.037889301776885986,2,22901.34773149999,23013.02773149999
2014-09-15,50.771999,HOLD,0.045140743255615234,2,22901.34773149999,23002.891729499992
2014-09-16,52.147999,HOLD,0.018244385719299316,2,22901.34773149999,23005.643729499992
2014-09-17,52.276001,HOLD,0.009372174739837646,2,22901.34773149999,23005.89973349999
2014-09-18,52.764,HOLD,0.02315962314605713,2,22901.34773149999,23006.87573149999
2014-09-19,51.863998,HOLD,0.029754817485809326,2,22901.34773149999,23005.075727499992
2014-09-22,50.006001,HOLD,0.045564472675323486,2,22901.34773149999,23001.35973349999
2014-09-23,50.082001,HOLD,0.02481895685195923,2,22901.34773149999,23001.511733499992
2014-09-24,50.428001,HOLD,0.03453826904296875,2,22901.34773149999,23002.20373349999
2014-09-25,49.389999,HOLD,0.06379687786102295,2,22901.34773149999,23000.127729499993
2014-09-26,49.32,HOLD,0.1086077094078064,2,22901.34773149999,22999.98773149999
2014-09-29,49.051998,HOLD,0.11820358037948608,2,22901.34773149999,22999.451727499993
2014-09-30,48.535999,HOLD,0.09443396329879761,2,22901.34773149999,22998.41972949999
2014-10-01,48.048,HOLD,0.06707364320755005,2,22901.34773149999,22997.443731499992
2014-10-02,50.284,HOLD,0.04723858833312988,2,22901.34773149999,23001.91573149999
2014-10-03,51.042,HOLD,0.06715106964111328,2,22901.34773149999,23003.43173149999
2014-10-06,52.124001,HOLD,0.10892605781555176,2,22901.34773149999,23005.59573349999
2014-10-07,51.914001,HOLD,0.13120156526565552,2,22901.34773149999,23005.17573349999
2014-10-08,51.855999,HOLD,0.1931527853012085,2,22901.34773149999,23005.05972949999
2014-10-09,51.402,HOLD,0.17762798070907593,2,22901.34773149999,23004.15173149999
2014-10-10,47.382,HOLD,0.12780100107192993,2,22901.34773149999,22996.11173149999
2014-10-13,44.917999,HOLD,0.1378248929977417,2,22901.34773149999,22991.18372949999
2014-10-14,45.411999,HOLD,0.055954694747924805,2,22901.34773149999,22992.17172949999
2014-10-15,45.939999,HOLD,0.035215914249420166,2,22901.34773149999,22993.22772949999
2014-10-16,45.27,HOLD,0.023709654808044434,2,22901.34773149999,22991.88773149999
2014-10-17,45.495998,HOLD,0.0028763413429260254,2,22901.34773149999,22992.33972749999
2014-10-20,46.094002,HOLD,0.009794056415557861,2,22901.34773149999,22993.53573549999
2014-10-21,47.068001,HOLD,0.01252603530883789,2,22901.34773149999,22995.48373349999
2014-10-22,46.220001,HOLD,0.020352840423583984,2,22901.34773149999,22993.78773349999
2014-10-23,47.057999,HOLD,0.0416300892829895,2,22901.34773149999,22995.463729499992
2014-10-24,47.048,HOLD,0.08911538124084473,2,22901.34773149999,22995.443731499992
2014-10-27,44.334,HOLD,0.14423030614852905,2,22901.34773149999,22990.015731499992
2014-10-28,48.554001,SELL,0.2074241042137146,1,22949.416192489993,22998.45573349999
2014-10-29,47.619999,SELL,0.21453779935836792,1,22949.416192489993,22997.03619148999
2014-10-30,47.731998,SELL,0.21059727668762207,1,22949.416192489993,22997.148190489992
2014-10-31,48.34,SELL,0.20635581016540527,1,22949.416192489993,22997.756192489993
2014-11-03,48.518002,SELL,0.23372483253479004,1,22949.416192489993,22997.934194489993
2014-11-04,47.785999,SELL,0.2587001919746399,1,22949.416192489993,22997.202191489992
2014-11-05,46.194,HOLD,0.19713270664215088,1,22949.416192489993,22995.610192489992
2014-11-06,48.243999,HOLD,0.15067946910858154,1,22949.416192489993,22997.66019148999
2014-11-07,48.040001,HOLD,0.165435791015625,1,22949.416192489993,22997.456193489994
2014-11-10,48.386002,HOLD,0.09653669595718384,1,22949.416192489993,22997.802194489992
2014-11-11,50.216,HOLD,0.05033719539642334,1,22949.416192489993,22999.632192489993
2014-11-12,49.82,HOLD,0.06091517210006714,1,22949.416192489993,22999.236192489992
2014-11-13,50.34,HOLD,0.01369333267211914,1,22949.416192489993,22999.756192489993
2014-11-14,51.736,HOLD,0.07173383235931396,1,22949.416192489993,23001.152192489993
2014-11-17,50.796001,HOLD,0.03284174203872681,1,22949.416192489993,23000.21219348999
2014-11-18,51.540001,HOLD,0.030192017555236816,1,22949.416192489993,23000.956193489994
2014-11-19,49.548,HOLD,0.07801228761672974,1,22949.416192489993,22998.96419248999
2014-11-20,49.742001,HOLD,0.037981629371643066,1,22949.416192489993,22999.15819348999
2014-11-21,48.556,HOLD,0.07941466569900513,1,22949.416192489993,22997.972192489993
2014-11-24,49.344002,HOLD,0.10882920026779175,1,22949.416192489993,22998.760194489994
2014-11-25,49.618,HOLD,0.04952758550643921,1,22949.416192489993,22999.03419248999
2014-11-26,49.688,HOLD,0.10403841733932495,1,22949.416192489993,22999.10419248999
2014-11-28,48.903999,HOLD,0.17992037534713745,1,22949.416192489993,22998.32019148999
2014-12-01,46.327999,HOLD,0.18234795331954956,1,22949.416192489993,22995.744191489994
2014-12-02,46.285999,HOLD,0.17191457748413086,1,22949.416192489993,22995.702191489992
2014-12-03,45.860001,HOLD,0.15431803464889526,1,22949.416192489993,22995.276193489994
2014-12-04,45.655998,HOLD,0.12985092401504517,1,22949.416192489993,22995.07219048999
2014-12-05,44.742001,HOLD,0.0843888521194458,1,22949.416192489993,22994.15819348999
2014-12-08,42.872002,HOLD,0.11370253562927246,1,22949.416192489993,22992.288194489993
2014-12-09,43.377998,HOLD,0.08087962865829468,1,22949.416192489993,22992.794190489993
2014-12-10,41.967999,HOLD,0.032770633697509766,1,22949.416192489993,22991.384191489993
2014-12-11,41.776001,HOLD,0.039116740226745605,1,22949.416192489993,22991.19219348999
2014-12-12,41.400002,HOLD,0.030736207962036133,1,22949.416192489993,22990.81619448999
2014-12-15,40.807999,HOLD,0.010650277137756348,1,22949.416192489993,22990.224191489993
2014-12-16,39.562,HOLD,0.0069849491119384766,1,22949.416192489993,22988.978192489994
2014-12-17,41.164001,HOLD,0.018255949020385742,1,22949.416192489993,22990.580193489994
2014-12-18,43.652,HOLD,0.003137350082397461,1,22949.416192489993,22993.06819248999
2014-12-19,43.858002,HOLD,0.01138073205947876,1,22949.416192489993,22993.274194489994
2014-12-22,44.52,HOLD,0.07853299379348755,1,22949.416192489993,22993.936192489993
2014-12-23,44.194,HOLD,0.15533232688903809,1,22949.416192489993,22993.610192489992
2014-12-24,44.452,SELL,0.22828704118728638,1,22949.416192489993,22993.868192489994
2014-12-26,45.563999,SELL,0.2851494550704956,1,22949.416192489993,22994.980191489994
2014-12-29,45.141998,SELL,0.263958215713501,1,22949.416192489993,22994.558190489992
2014-12-30,44.445999,SELL,0.2935386300086975,1,22949.416192489993,22993.862191489992
2014-12-31,44.481998,SELL,0.2677004933357239,1,22949.416192489993,22993.898190489992
2015-01-02,43.862,SELL,0.28730708360671997,1,22949.416192489993,22993.278192489994
2015-01-05,42.018002,SELL,0.23150652647018433,1,22949.416192489993,22991.434194489993
2015-01-06,42.256001,SELL,0.20379245281219482,1,22949.416192489993,22991.672193489994
2015-01-07,42.189999,HOLD,0.17441457509994507,1,22949.416192489993,22991.60619148999
2015-01-08,42.124001,HOLD,0.06875103712081909,1,22949.416192489993,22991.540193489993
2015-01-09,41.332001,HOLD,0.024633407592773438,1,22949.416192489993,22990.74819348999
2015-01-12,40.442001,HOLD,0.019115447998046875,1,22949.416192489993,22989.858193489992
2015-01-13,40.849998,HOLD,0.013711690902709961,1,22949.416192489993,22990.266190489994
2015-01-14,38.537998,HOLD,0.003389120101928711,1,22949.416192489993,22987.954190489992
2015-01-15,38.374001,HOLD,0.08333796262741089,1,22949.416192489993,22987.790193489993
2015-01-16,38.613998,HOLD,0.007459580898284912,1,22949.416192489993,22988.030190489993
2015-01-20,38.386002,HOLD,0.055695176124572754,1,22949.416192489993,22987.802194489992
2015-01-21,39.313999,HOLD,0.050879597663879395,1,22949.416192489993,22988.730191489994
2015-01-22,40.324001,HOLD,0.007463693618774414,1,22949.416192489993,22989.740193489994
2015-01-23,40.257999,HOLD,0.033486783504486084,1,22949.416192489993,22989.674191489994
2015-01-26,41.310001,HOLD,0.03955906629562378,1,22949.416192489993,22990.726193489994
2015-01-27,41.195999,HOLD,0.05749267339706421,1,22949.416192489993,22990.612191489992
2015-01-28,39.874001,HOLD,0.10639196634292603,1,22949.416192489993,22989.290193489993
2015-01-29,41.040001,HOLD,0.11133730411529541,1,22949.416192489993,22990.456193489994
2015-01-30,40.720001,HOLD,0.0826677680015564,1,22949.416192489993,22990.136193489994
2015-02-02,42.188,HOLD,0.025543153285980225,1,22949.416192489993,22991.60419248999
2015-02-03,43.672001,HOLD,0.10440903902053833,1,22949.416192489993,22993.08819348999
2015-02-04,43.709999,HOLD,0.055655717849731445,1,22949.416192489993,22993.12619148999
2015-02-05,44.198002,HOLD,0.037439942359924316,1,22949.416192489993,22993.614194489994
2015-02-06,43.472,HOLD,0.03320467472076416,1,22949.416192489993,22992.888192489994
2015-02-09,43.495998,HOLD,0.03825801610946655,1,22949.416192489993,22992.91219048999
2015-02-10,43.257999,HOLD,0.02855217456817627,1,22949.416192489993,22992.674191489994
2015-02-11,42.560001,HOLD,0.037108659744262695,1,22949.416192489993,22991.976193489994
2015-02-12,40.576,HOLD,0.007910013198852539,1,22949.416192489993,22989.992192489994
2015-02-13,40.754002,HOLD,0.07919096946716309,1,22949.416192489993,22990.170194489994
2015-02-17,40.869999,HOLD,0.08136403560638428,1,22949.416192489993,22990.28619148999
2015-02-18,40.891998,HOLD,0.059422850608825684,1,22949.416192489993,22990.308190489992
2015-02-19,42.341999,HOLD,0.05581307411193848,1,22949.416192489993,22991.758191489993
2015-02-20,43.422001,HOLD,0.020176053047180176,1,22949.416192489993,22992.83819348999
2015-02-23,41.467999,HOLD,0.0018543601036071777,1,22949.416192489993,22990.884191489993
2015-02-24,40.821999,HOLD,0.020247817039489746,1,22949.416192489993,22990.238191489992
2015-02-25,40.751999,HOLD,0.06562256813049316,1,22949.416192489993,22990.168191489993
2015-02-26,41.438,HOLD,0.0328974723815918,1,22949.416192489993,22990.85419248999
2015-02-27,40.667999,HOLD,0.0026013851165771484,1,22949.416192489993,22990.084191489994
2015-03-02,39.466,HOLD,0.03818798065185547,1,22949.416192489993,22988.882192489993
2015-03-03,39.911999,HOLD,0.030182301998138428,1,22949.416192489993,22989.328191489993
2015-03-04,40.487999,HOLD,0.02132260799407959,1,22949.416192489993,22989.904191489994
2015-03-05,40.125999,HOLD,0.024045348167419434,1,22949.416192489993,22989.542191489993
2015-03-06,38.776001,HOLD,0.026633620262145996,1,22949.416192489993,22988.19219348999
2015-03-09,38.175999,HOLD,0.05614274740219116,1,22949.416192489993,22987.592191489992
2015-03-10,38.063999,HOLD,0.040700316429138184,1,22949.416192489993,22987.480191489994
2015-03-11,38.748001,HOLD,0.02473592758178711,1,22949.416192489993,22988.164193489993
2015-03-12,38.214001,HOLD,0.010631680488586426,1,22949.416192489993,22987.630193489993
2015-03-13,37.736,HOLD,0.0025448203086853027,1,22949.416192489993,22987.152192489993
2015-03-16,39.139999,HOLD,0.03683161735534668,1,22949.416192489993,22988.55619148999
2015-03-17,38.945999,HOLD,0.055186688899993896,1,22949.416192489993,22988.362191489992
2015-03-18,40.141998,HOLD,0.08670824766159058,1,22949.416192489993,22989.558190489992
2015-03-19,39.130001,HOLD,0.06382828950881958,1,22949.416192489993,22988.546193489994
2015-03-20,39.616001,HOLD,0.026677727699279785,1,22949.416192489993,22989.03219348999
2015-03-23,39.925999,HOLD,0.041790127754211426,1,22949.416192489993,22989.342191489992
2015-03-24,40.344002,HOLD,0.07689422369003296,1,22949.416192489993,22989.760194489994
2015-03-25,38.860001,HOLD,0.08930474519729614,1,22949.416192489993,22988.276193489994
2015-03-26,38.082001,HOLD,0.05237966775894165,1,22949.416192489993,22987.49819348999
2015-03-27,37.0,HOLD,0.06205552816390991,1,22949.416192489993,22986.416192489993
2015-03-30,38.113998,HOLD,0.1271025538444519,1,22949.416192489993,22987.530190489993
2015-03-31,37.754002,HOLD,0.09650492668151855,1,22949.416192489993,22987.170194489994
2015-04-01,37.518002,HOLD,0.0486416220664978,1,22949.416192489993,22986.934194489993
2015-04-02,38.200001,HOLD,0.015840888023376465,1,22949.416192489993,22987.616193489994
2015-04-06,40.619999,HOLD,0.0016205310821533203,1,22949.416192489993,22990.03619148999
2015-04-07,40.650002,HOLD,0.064206063747406,1,22949.416192489993,22990.06619448999
2015-04-08,41.534,HOLD,0.07227790355682373,1,22949.416192489993,22990.950192489992
2015-04-09,42.018002,HOLD,0.029323101043701172,1,22949.416192489993,22991.434194489993
2015-04-10,42.18,HOLD,0.008179783821105957,1,22949.416192489993,22991.596192489993
2015-04-13,41.956001,HOLD,0.0783882737159729,1,22949.416192489993,22991.37219348999
2015-04-14,41.492001,HOLD,0.06736844778060913,1,22949.416192489993,22990.90819348999
2015-04-15,41.566002,HOLD,0.06457322835922241,1,22949.416192489993,22990.982194489992
2015-04-16,41.34,HOLD,0.012558460235595703,1,22949.416192489993,22990.756192489993
2015-04-17,41.358002,HOLD,0.07130348682403564,1,22949.416192489993,22990.774194489994
2015-04-20,41.054001,HOLD,0.08555757999420166,1,22949.416192489993,22990.470193489993
2015-04-21,41.882,HOLD,0.08126389980316162,1,22949.416192489993,22991.298192489994
2015-04-22,43.888,HOLD,0.03503060340881348,1,22949.416192489993,22993.30419248999
2015-04-23,43.720001,HOLD,0.024424612522125244,1,22949.416192489993,22993.136193489994
2015-04-24,43.686001,HOLD,0.02911663055419922,1,22949.416192489993,22993.10219348999
2015-04-27,46.310001,HOLD,0.06335532665252686,1,22949.416192489993,22995.726193489994
2015-04-28,46.096001,HOLD,0.037735939025878906,1,22949.416192489993,22995.512193489994
2015-04-29,46.490002,HOLD,0.03478807210922241,1,22949.416192489993,22995.90619448999
2015-04-30,45.209999,HOLD,0.08559274673461914,1,22949.416192489993,22994.62619148999
2015-05-01,45.206001,HOLD,0.057128727436065674,1,22949.416192489993,22994.62219348999
2015-05-04,46.102001,HOLD,0.026534080505371094,1,22949.416192489993,22995.518193489992
2015-05-05,46.59,HOLD,0.04933565855026245,1,22949.416192489993,22996.006192489993
2015-05-06,46.085999,HOLD,0.04434698820114136,1,22949.416192489993,22995.50219148999
2015-05-07,47.360001,HOLD,0.04706919193267822,1,22949.416192489993,22996.776193489994
2015-05-08,47.321999,HOLD,0.03445380926132202,1,22949.416192489993,22996.738191489992
2015-05-11,47.897999,HOLD,0.04773801565170288,1,22949.416192489993,22997.314191489993
2015-05-12,48.948002,HOLD,0.05870950222015381,1,22949.416192489993,22998.364194489994
2015-05-13,48.636002,HOLD,0.03510308265686035,1,22949.416192489993,22998.052194489992
2015-05-14,48.82,HOLD,0.0021213889122009277,1,22949.416192489993,22998.236192489992
2015-05-15,49.768002,HOLD,0.03268992900848389,1,22949.416192489993,22999.184194489993
2015-05-18,49.75,HOLD,0.07721477746963501,1,22949.416192489993,22999.166192489993
2015-05-19,49.428001,HOLD,0.05208820104598999,1,22949.416192489993,22998.844193489993
2015-05-20,48.869999,HOLD,0.014598071575164795,1,22949.416192489993,22998.28619148999
2015-05-21,49.124001,HOLD,0.052340567111968994,1,22949.416192489993,22998.540193489993
2015-05-22,49.546001,HOLD,0.0729641318321228,1,22949.416192489993,22998.96219348999
2015-05-26,49.492001,HOLD,0.09094864130020142,1,22949.416192489993,22998.90819348999
2015-05-27,49.486,HOLD,0.09203284978866577,1,22949.416192489993,22998.902192489993
2015-05-28,50.290001,HOLD,0.0771867036819458,1,22949.416192489993,22999.706193489994
2015-05-29,50.16,HOLD,0.08158499002456665,1,22949.416192489993,22999.576192489993
2015-06-01,49.889999,HOLD,0.10169398784637451,1,22949.416192489993,22999.30619148999
2015-06-02,49.669998,HOLD,0.07277971506118774,1,22949.416192489993,22999.086190489994
2015-06-03,49.798,HOLD,0.04540807008743286,1,22949.416192489993,22999.21419248999
2015-06-04,49.183998,HOLD,0.04882371425628662,1,22949.416192489993,22998.600190489993
2015-06-05,49.827999,HOLD,0.03726339340209961,1,22949.416192489993,22999.244191489994
2015-06-08,51.257999,HOLD,0.058382391929626465,1,22949.416192489993,23000.674191489994
2015-06-09,51.200001,HOLD,0.07715702056884766,1,22949.416192489993,23000.616193489994
2015-06-10,50.139999,HOLD,0.07139706611633301,1,22949.416192489993,22999.55619148999
2015-06-11,50.282001,HOLD,0.08438098430633545,1,22949.416192489993,22999.698193489992
2015-06-12,50.138,HOLD,0.07730025053024292,1,22949.416192489993,22999.55419248999
2015-06-15,50.076,HOLD,0.07835578918457031,1,22949.416192489993,22999.492192489994
2015-06-16,50.624001,HOLD,0.09797126054763794,1,22949.416192489993,23000.040193489993
2015-06-17,52.082001,HOLD,0.08186590671539307,1,22949.416192489993,23001.49819348999
2015-06-18,52.377998,HOLD,0.09896659851074219,1,22949.416192489993,23001.794190489993
2015-06-19,52.501999,HOLD,0.10037410259246826,1,22949.416192489993,23001.918191489993
2015-06-22,51.958,HOLD,0.10166656970977783,1,22949.416192489993,23001.37419248999
2015-06-23,53.534,HOLD,0.11439865827560425,1,22949.416192489993,23002.950192489992
2015-06-24,53.034,HOLD,0.12739264965057373,1,22949.416192489993,23002.450192489992
2015-06-25,53.757999,HOLD,0.13483983278274536,1,22949.416192489993,23003.174191489994
2015-06-26,53.417999,HOLD,0.14412075281143188,1,22949.416192489993,23002.834191489994
2015-06-29,52.403999,HOLD,0.15797632932662964,1,22949.416192489993,23001.82019148999
2015-06-30,53.652,HOLD,0.13020575046539307,1,22949.416192489993,23003.06819248999
2015-07-01,53.830002,HOLD,0.12335377931594849,1,22949.416192489993,23003.24619448999
2015-07-02,56.004002,HOLD,0.08956712484359741,1,22949.416192489993,23005.420194489994
2015-07-06,55.944,HOLD,0.10493886470794678,1,22949.416192489993,23005.360192489992
2015-07-07,53.576,HOLD,0.10980468988418579,1,22949.416192489993,23002.992192489994
2015-07-08,50.992001,HOLD,0.0926898717880249,1,22949.416192489993,23000.40819348999
2015-07-09,51.584,HOLD,0.04628777503967285,1,22949.416192489993,23001.00019248999
2015-07-10,51.830002,HOLD,0.04116189479827881,1,22949.416192489993,23001.24619448999
2015-07-13,52.431999,HOLD,0.05832892656326294,1,22949.416192489993,23001.848191489993
2015-07-14,53.130001,HOLD,0.09984922409057617,1,22949.416192489993,23002.546193489994
2015-07-15,52.627998,HOLD,0.07641738653182983,1,22949.416192489993,23002.044190489993
2015-07-16,53.335999,HOLD,0.07604509592056274,1,22949.416192489993,23002.75219148999
2015-07-17,54.931999,HOLD,0.0811852216720581,1,22949.416192489993,23004.348191489993
2015-07-20,56.452,HOLD,0.08770912885665894,1,22949.416192489993,23005.868192489994
2015-07-21,53.354,HOLD,0.12157893180847168,1,22949.416192489993,23002.770192489992
2015-07-22,53.574001,HOLD,0.09762811660766602,1,22949.416192489993,23002.990193489994
2015-07-23,53.439999,HOLD,0.09564268589019775,1,22949.416192489993,23002.85619148999
2015-07-24,53.082001,HOLD,0.08648049831390381,1,22949.416192489993,23002.49819348999
2015-07-27,50.602001,HOLD,0.1317577362060547,1,22949.416192489993,23000.018193489992
2015-07-28,52.964001,HOLD,0.16129964590072632,1,22949.416192489993,23002.380193489993
2015-07-29,52.764,HOLD,0.15189898014068604,1,22949.416192489993,23002.180192489992
2015-07-30,53.358002,HOLD,0.1923314332962036,1,22949.416192489993,23002.774194489994
2015-07-31,53.23,HOLD,0.17173528671264648,1,22949.416192489993,23002.646192489992
2015-08-03,51.998001,HOLD,0.1306660771369934,1,22949.416192489993,23001.414193489993
2015-08-04,53.256001,HOLD,0.09551435708999634,1,22949.416192489993,23002.672193489994
2015-08-05,54.026001,HOLD,0.09575963020324707,1,22949.416192489993,23003.44219348999
2015-08-06,49.226002,HOLD,0.09246182441711426,1,22949.416192489993,22998.642194489992
2015-08-07,48.501999,HOLD,0.09031778573989868,1,22949.416192489993,22997.918191489993
2015-08-10,48.228001,HOLD,0.050657689571380615,1,22949.416192489993,22997.644193489992
2015-08-11,47.473999,HOLD,0.020223557949066162,1,22949.416192489993,22996.890191489994
2015-08-12,47.633999,HOLD,0.0885767936706543,1,22949.416192489993,22997.050191489994
2015-08-13,48.501999,HOLD,0.09638500213623047,1,22949.416192489993,22997.918191489993
2015-08-14,48.630001,HOLD,0.05324071645736694,1,22949.416192489993,22998.046193489994
2015-08-17,50.998001,HOLD,0.044797658920288086,1,22949.416192489993,23000.414193489993
2015-08-18,52.144001,HOLD,0.09582877159118652,1,22949.416192489993,23001.560193489993
2015-08-19,51.049999,HOLD,0.06760221719741821,1,22949.416192489993,23000.46619148999
2015-08-20,48.436001,HOLD,0.09070396423339844,1,22949.416192489993,22997.85219348999
2015-08-21,46.153999,HOLD,0.0507083535194397,1,22949.416192489993,22995.57019148999
2015-08-24,43.773998,HOLD,0.10244905948638916,1,22949.416192489993,22993.190190489993
2015-08-25,44.006001,HOLD,0.08842939138412476,1,22949.416192489993,22993.422193489994
2015-08-26,44.967999,HOLD,0.11321920156478882,1,22949.416192489993,22994.384191489993
2015-08-27,48.598,HOLD,0.10580259561538696,1,22949.416192489993,22998.014192489994
2015-08-28,49.695999,HOLD,0.1372692584991455,1,22949.416192489993,22999.112191489992
2015-08-31,49.812,SELL,0.22211647033691406,1,22949.416192489993,22999.228192489994
2015-09-01,47.726002,HOLD,0.19237875938415527,1,22949.416192489993,22997.142194489992
2015-09-02,49.537998,HOLD,0.16069108247756958,1,22949.416192489993,22998.954190489992
2015-09-03,49.113998,HOLD,0.14724361896514893,1,22949.416192489993,22998.530190489993
2015-09-04,48.386002,HOLD,0.08021008968353271,1,22949.416192489993,22997.802194489992
2015-09-08,49.633999,HOLD,0.051426470279693604,1,22949.416192489993,22999.050191489994
2015-09-09,49.782001,HOLD,0.05236399173736572,1,22949.416192489993,22999.198193489992
2015-09-10,49.695999,HOLD,0.04702317714691162,1,22949.416192489993,22999.112191489992
2015-09-11,50.048,HOLD,0.07444822788238525,1,22949.416192489993,22999.46419248999
2015-09-14,50.638,HOLD,0.142414391040802,1,22949.416192489993,23000.05419248999
2015-09-15,50.714001,HOLD,0.14779531955718994,1,22949.416192489993,23000.130193489993
2015-09-16,52.450001,HOLD,0.09139519929885864,1,22949.416192489993,23001.866193489994
2015-09-17,52.414001,HOLD,0.10562056303024292,1,22949.416192489993,23001.830193489994
2015-09-18,52.124001,HOLD,0.034640610218048096,1,22949.416192489993,23001.540193489993
2015-09-21,52.84,HOLD,0.08428072929382324,1,22949.416192489993,23002.256192489993
2015-09-22,52.188,HOLD,0.07461690902709961,1,22949.416192489993,23001.60419248999
2015-09-23,52.212002,HOLD,0.03016519546508789,1,22949.416192489993,23001.628194489993
2015-09-24,52.624001,HOLD,0.09009343385696411,1,22949.416192489993,23002.040193489993
2015-09-25,51.382,HOLD,0.1041635274887085,1,22949.416192489993,23000.798192489994
2015-09-28,49.686001,HOLD,0.11773449182510376,1,22949.416192489993,22999.10219348999
2015-09-29,49.330002,HOLD,0.10134345293045044,1,22949.416192489993,22998.74619448999
2015-09-30,49.68,HOLD,0.16196435689926147,1,22949.416192489993,22999.096192489993
2015-10-01,47.976002,HOLD,0.07249575853347778,1,22949.416192489993,22997.392194489992
2015-10-02,49.514,HOLD,0.08689355850219727,1,22949.416192489993,22998.930192489992
2015-10-05,49.23,HOLD,0.11280083656311035,1,22949.416192489993,22998.646192489992
2015-10-06,48.292,HOLD,0.10643589496612549,1,22949.416192489993,22997.708192489994
2015-10-07,46.391998,HOLD,0.07182735204696655,1,22949.416192489993,22995.808190489992
2015-10-08,45.344002,HOLD,0.054139554500579834,1,22949.416192489993,22994.760194489994
2015-10-09,44.138,HOLD,0.05878108739852905,1,22949.416192489993,22993.55419248999
2015-10-12,43.116001,HOLD,0.03562474250793457,1,22949.416192489993,22992.53219348999
2015-10-13,43.849998,HOLD,0.010801553726196289,1,22949.416192489993,22993.266190489994
2015-10-14,43.375999,HOLD,0.02356421947479248,1,22949.416192489993,22992.792191489993
2015-10-15,44.262001,HOLD,0.013309478759765625,1,22949.416192489993,22993.678193489992
2015-10-16,45.402,HOLD,0.02361011505126953,1,22949.416192489993,22994.81819248999
2015-10-19,45.619999,HOLD,0.026311635971069336,1,22949.416192489993,22995.03619148999
2015-10-20,42.605999,HOLD,0.06699573993682861,1,22949.416192489993,22992.022191489992
2015-10-21,42.018002,HOLD,0.0704231858253479,1,22949.416192489993,22991.434194489993
2015-10-22,42.344002,HOLD,0.0836837887763977,1,22949.416192489993,22991.760194489994
2015-10-23,41.818001,HOLD,0.08968019485473633,1,22949.416192489993,22991.234193489992
2015-10-26,43.051998,HOLD,0.11954069137573242,1,22949.416192489993,22992.46819048999
2015-10-27,42.07,HOLD,0.11598342657089233,1,22949.416192489993,22991.486192489992
2015-10-28,42.591999,HOLD,0.19551891088485718,1,22949.416192489993,22992.008191489993
2015-10-29,42.326,SELL,0.26538169384002686,1,22949.416192489993,22991.742192489994
2015-10-30,41.386002,SELL,0.2233487367630005,1,22949.416192489993,22990.802194489992
2015-11-02,42.757999,HOLD,0.18016904592514038,1,22949.416192489993,22992.174191489994
2015-11-03,41.669998,HOLD,0.17456507682800293,1,22949.416192489993,22991.086190489994
2015-11-04,46.326,HOLD,0.12321317195892334,1,22949.416192489993,22995.742192489994
2015-11-05,46.354,HOLD,0.13917028903961182,1,22949.416192489993,22995.770192489992
2015-11-06,46.472,HOLD,0.17816495895385742,1,22949.416192489993,22995.888192489994
2015-11-09,45.066002,HOLD,0.1659439206123352,1,22949.416192489993,22994.482194489992
2015-11-10,43.299999,HOLD,0.11450934410095215,1,22949.416192489993,22992.71619148999
2015-11-11,43.816002,HOLD,0.12881368398666382,1,22949.416192489993,22993.232194489992
2015-11-12,42.588001,HOLD,0.1777808666229248,1,22949.416192489993,22992.004193489993
2015-11-13,41.438,HOLD,0.11135894060134888,1,22949.416192489993,22990.85419248999
2015-11-16,42.862,HOLD,0.058241963386535645,1,22949.416192489993,22992.278192489994
2015-11-17,42.799999,HOLD,0.11085069179534912,1,22949.416192489993,22992.21619148999
2015-11-18,44.214001,HOLD,0.047589659690856934,1,22949.416192489993,22993.630193489993
2015-11-19,44.360001,HOLD,0.041716039180755615,1,22949.416192489993,22993.776193489994
2015-11-20,44.001999,HOLD,0.06077820062637329,1,22949.416192489993,22993.418191489993
2015-11-23,43.549999,HOLD,0.003589034080505371,1,22949.416192489993,22992.96619148999
2015-11-24,43.650002,HOLD,0.07322967052459717,1,22949.416192489993,22993.06619448999
2015-11-25,45.928001,HOLD,0.04144340753555298,1,22949.416192489993,22995.344193489993
2015-11-27,46.321999,HOLD,0.13340860605239868,1,22949.416192489993,22995.738191489992
2015-11-30,46.051998,HOLD,0.1669129729270935,1,22949.416192489993,22995.46819048999
2015-12-01,47.438,SELL,0.282667338848114,1,22949.416192489993,22996.85419248999
2015-12-02,46.397999,SELL,0.2591593265533447,1,22949.416192489993,22995.814191489993
2015-12-03,46.542,HOLD,0.1469210982322693,1,22949.416192489993,22995.958192489994
2015-12-04,46.076,HOLD,0.12729734182357788,1,22949.416192489993,22995.492192489994
2015-12-07,46.226002,HOLD,0.09225821495056152,1,22949.416192489993,22995.642194489992
2015-12-08,45.344002,HOLD,0.13600045442581177,1,22949.416192489993,22994.760194489994
2015-12-09,44.903999,HOLD,0.09950369596481323,1,22949.416192489993,22994.32019148999
2015-12-10,45.414001,HOLD,0.010985732078552246,1,22949.416192489993,22994.830193489994
2015-12-11,43.403999,HOLD,0.03248035907745361,1,22949.416192489993,22992.82019148999
2015-12-14,43.716,HOLD,0.05058693885803223,1,22949.416192489993,22993.132192489993
2015-12-15,44.217999,HOLD,0.03063720464706421,1,22949.416192489993,22993.634191489993
2015-12-16,46.902,HOLD,0.05422937870025635,1,22949.416192489993,22996.31819248999
2015-12-17,46.678001,HOLD,0.05039876699447632,1,22949.416192489993,22996.094193489993
2015-12-18,46.091999,HOLD,0.03167909383773804,1,22949.416192489993,22995.508191489993
2015-12-21,46.512001,HOLD,0.0416184663772583,1,22949.416192489993,22995.928193489992
2015-12-22,45.990002,HOLD,0.10866254568099976,1,22949.416192489993,22995.40619448999
2015-12-23,45.939999,HOLD,0.0897940993309021,1,22949.416192489993,22995.35619148999
2015-12-24,46.113998,HOLD,0.11080843210220337,1,22949.416192489993,22995.530190489993
2015-12-28,45.790001,HOLD,0.13212567567825317,1,22949.416192489993,22995.206193489994
2015-12-29,47.438,HOLD,0.15444046258926392,1,22949.416192489993,22996.85419248999
2015-12-30,47.618,HOLD,0.1472022533416748,1,22949.416192489993,22997.03419248999
2015-12-31,48.001999,HOLD,0.15731245279312134,1,22949.416192489993,22997.418191489993
2016-01-04,44.681999,HOLD,0.14247381687164307,1,22949.416192489993,22994.098191489993
2016-01-05,44.686001,HOLD,0.14818215370178223,1,22949.416192489993,22994.10219348999
2016-01-06,43.807999,HOLD,0.1365479826927185,1,22949.416192489993,22993.224191489993
2016-01-07,43.130001,HOLD,0.11499863862991333,1,22949.416192489993,22992.546193489994
2016-01-08,42.200001,HOLD,0.04300588369369507,1,22949.416192489993,22991.616193489994
2016-01-11,41.57,HOLD,0.03132069110870361,1,22949.416192489993,22990.986192489992
2016-01-12,41.993999,HOLD,0.03183639049530029,1,22949.416192489993,22991.41019148999
2016-01-13,40.062,HOLD,0.07571381330490112,1,22949.416192489993,22989.478192489994
2016-01-14,41.236,HOLD,0.044989943504333496,1,22949.416192489993,22990.652192489993
2016-01-15,40.998001,HOLD,0.018424272537231445,1,22949.416192489993,22990.414193489993
2016-01-19,40.944,HOLD,0.0004483461380004883,1,22949.416192489993,22990.360192489992
2016-01-20,39.740002,HOLD,0.007484912872314453,1,22949.416192489993,22989.15619448999
2016-01-21,39.993999,HOLD,0.007485389709472656,1,22949.416192489993,22989.41019148999
2016-01-22,40.509998,HOLD,0.0055387020111083984,1,22949.416192489993,22989.926190489994
2016-01-25,39.276001,HOLD,0.028780221939086914,1,22949.416192489993,22988.69219348999
2016-01-26,38.712002,HOLD,0.061816275119781494,1,22949.416192489993,22988.128194489993
2016-01-27,37.613998,HOLD,0.08432221412658691,1,22949.416192489993,22987.030190489993
2016-01-28,37.939999,HOLD,0.0627933144569397,1,22949.416192489993,22987.35619148999
2016-01-29,38.240002,HOLD,0.05170333385467529,1,22949.416192489993,22987.65619448999
2016-02-01,39.388,HOLD,0.07752025127410889,1,22949.416192489993,22988.80419248999
2016-02-02,36.556,HOLD,0.048238515853881836,1,22949.416192489993,22985.972192489993
2016-02-03,34.695999,HOLD,0.04439735412597656,1,22949.416192489993,22984.112191489992
2016-02-04,35.066002,HOLD,0.06980109214782715,1,22949.416192489993,22984.482194489992
2016-02-05,32.52,HOLD,0.10636615753173828,1,22949.416192489993,22981.936192489993
2016-02-08,29.598,HOLD,0.1307452917098999,1,22949.416192489993,22979.014192489994
2016-02-09,29.65,HOLD,0.1299039125442505,1,22949.416192489993,22979.066192489994
2016-02-10,28.733999,HOLD,0.15309858322143555,1,22949.416192489993,22978.150191489993
2016-02-11,30.094,HOLD,0.1493304967880249,1,22949.416192489993,22979.510192489994
2016-02-12,30.208,HOLD,0.12321412563323975,1,22949.416192489993,22979.62419248999
2016-02-16,31.034,HOLD,0.12854313850402832,1,22949.416192489993,22980.450192489992
2016-02-17,33.736,HOLD,0.08161461353302002,1,22949.416192489993,22983.152192489993
2016-02-18,33.354,HOLD,0.09054172039031982,1,22949.416192489993,22982.770192489992
2016-02-19,33.316002,HOLD,0.08226847648620605,1,22949.416192489993,22982.732194489992
2016-02-22,35.548,HOLD,0.09614980220794678,1,22949.416192489993,22984.96419248999
2016-02-23,35.442001,HOLD,0.11212444305419922,1,22949.416192489993,22984.858193489992
2016-02-24,35.799999,HOLD,0.08644962310791016,1,22949.416192489993,22985.21619148999
2016-02-25,37.486,HOLD,0.09489274024963379,1,22949.416192489993,22986.902192489993
2016-02-26,38.068001,HOLD,0.12013399600982666,1,22949.416192489993,22987.484193489992
2016-02-29,38.386002,HOLD,0.13336050510406494,1,22949.416192489993,22987.802194489992
2016-03-01,37.27,HOLD,0.11433982849121094,1,22949.416192489993,22986.686192489993
2016-03-02,37.667999,HOLD,0.1348346471786499,1,22949.416192489993,22987.084191489994
2016-03-03,39.147999,HOLD,0.172416090965271,1,22949.416192489993,22988.564191489993
2016-03-04,40.208,BUY,0.2419377565383911,514,2116.445152489996,22989.62419248999
2016-03-07,41.057999,BUY,0.26537203788757324,560,208.89051894999602,23220.25663849
2016-03-08,40.52,BUY,0.3325974941253662,564,45.189718949996006,22900.090518949997
2016-03-09,41.743999,BUY,0.43840253353118896,564,45.189718949996006,23588.805154949998
2016-03-10,41.035999,BUY,0.531662106513977,564,45.189718949996006,23189.493154949996
2016-03-11,41.5,BUY,0.5378891229629517,564,45.189718949996006,23451.189718949998
2016-03-14,43.029999,BUY,0.5240620374679565,564,45.189718949996006,24314.109154949994
2016-03-15,43.667999,BUY,0.4012101888656616,564,45.189718949996006,24673.94115495
2016-03-16,44.386002,BUY,0.33648455142974854,564,45.189718949996006,25078.894846949996
2016-03-17,45.276001,HOLD,0.22379815578460693,564,45.189718949996006,25580.854282949997
2016-03-18,46.548,HOLD,0.05809342861175537,564,45.189718949996006,26298.261718949998
2016-03-21,47.664001,HOLD,0.0359501838684082,564,45.189718949996006,26927.68628295
2016-03-22,46.848,HOLD,0.0053552985191345215,564,45.189718949996006,26467.46171895
2016-03-23,44.515999,HOLD,0.0381932258605957,564,45.189718949996006,25152.213154949997
2016-03-24,45.549999,HOLD,0.02515435218811035,564,45.189718949996006,25735.389154949997
2016-03-28,46.051998,HOLD,0.02356100082397461,564,45.189718949996006,26018.516590949996
2016-03-29,46.026001,HOLD,0.014089703559875488,564,45.189718949996006,26003.854282949997
2016-03-30,45.377998,HOLD,0.043380141258239746,564,45.189718949996006,25638.380590949997
2016-03-31,45.953999,HOLD,0.03987312316894531,564,45.189718949996006,25963.24515495
2016-04-01,47.518002,HOLD,0.016698002815246582,564,45.189718949996006,26845.34284695
2016-04-04,49.397999,HOLD,0.011717796325683594,564,45.189718949996006,27905.661154949998
2016-04-05,51.094002,HOLD,0.03132295608520508,564,45.189718949996006,28862.20684695
2016-04-06,53.084,HOLD,0.02478313446044922,564,45.189718949996006,29984.565718949998
2016-04-07,51.439999,HOLD,0.0114976167678833,564,45.189718949996006,29057.34915495
2016-04-08,50.014,HOLD,0.011619925498962402,564,45.189718949996006,28253.08571895
2016-04-11,49.984001,HOLD,0.006021738052368164,564,45.189718949996006,28236.16628295
2016-04-12,49.563999,HOLD,0.011670112609863281,564,45.189718949996006,27999.28515495
2016-04-13,50.905998,HOLD,0.0031981468200683594,564,45.189718949996006,28756.172590949995
2016-04-14,50.372002,HOLD,0.01797717809677124,564,45.189718949996006,28454.99884695
2016-04-15,50.902,HOLD,0.048287272453308105,564,45.189718949996006,28753.917718949997
2016-04-18,50.776001,HOLD,0.0660325288772583,564,45.189718949996006,28682.854282949997
2016-04-19,49.473999,HOLD,0.05692923069000244,564,45.189718949996006,27948.52515495
2016-04-20,49.993999,HOLD,0.026914894580841064,564,45.189718949996006,28241.805154949998
2016-04-21,49.658001,HOLD,0.05040627717971802,564,45.189718949996006,28052.302282949997
2016-04-22,50.75,HOLD,0.031280457973480225,564,45.189718949996006,28668.189718949998
2016-04-25,50.363998,HOLD,0.047513484954833984,564,45.189718949996006,28450.48459095
2016-04-26,50.748001,HOLD,0.06447166204452515,564,45.189718949996006,28667.06228295
2016-04-27,50.293999,HOLD,0.08237189054489136,564,45.189718949996006,28411.00515495
2016-04-28,49.542,HOLD,0.09146469831466675,564,45.189718949996006,27986.87771895
2016-04-29,48.152,HOLD,0.11287122964859009,564,45.189718949996006,27202.917718949997
2016-05-02,48.360001,HOLD,0.1012914776802063,564,45.189718949996006,27320.230282949997
2016-05-03,46.464001,HOLD,0.0935821533203125,564,45.189718949996006,26250.88628295
2016-05-04,44.512001,HOLD,0.04497939348220825,564,45.189718949996006,25149.958282949996
2016-05-05,42.306,HOLD,0.023046493530273438,564,45.189718949996006,23905.773718949997
2016-05-06,42.986,HOLD,0.0005748271942138672,564,45.189718949996006,24289.293718949997
2016-05-09,41.784,HOLD,0.000588834285736084,564,45.189718949996006,23611.365718949997
2016-05-10,41.737999,HOLD,0.021858572959899902,564,45.189718949996006,23585.42115495
2016-05-11,41.792,HOLD,0.03975057601928711,564,45.189718949996006,23615.87771895
2016-05-12,41.456001,HOLD,0.04991042613983154,564,45.189718949996006,23426.374282949997
2016-05-13,41.521999,HOLD,0.09287130832672119,564,45.189718949996006,23463.59715495
2016-05-16,41.658001,HOLD,0.1050957441329956,564,45.189718949996006,23540.302282949997
2016-05-17,40.931999,HOLD,0.09491562843322754,564,45.189718949996006,23130.837154949997
2016-05-18,42.234001,HOLD,0.09275054931640625,564,45.189718949996006,23865.16628295
2016-05-19,43.042,HOLD,0.0840463638305664,564,45.189718949996006,24320.87771895
2016-05-20,44.056,HOLD,0.0892786979675293,564,45.189718949996006,24892.773718949997
2016-05-23,43.243999,HOLD,0.06943285465240479,564,45.189718949996006,24434.805154949998
2016-05-24,43.582001,HOLD,0.039878010749816895,564,45.189718949996006,24625.438282949995
2016-05-25,43.916,HOLD,0.006593465805053711,564,45.189718949996006,24813.813718949998
2016-05-26,45.023998,HOLD,0.034819602966308594,564,45.189718949996006,25438.724590949998
2016-05-27,44.608002,HOLD,0.07057946920394897,564,45.189718949996006,25204.102846949998
2016-05-31,44.646,HOLD,0.06244713068008423,564,45.189718949996006,25225.53371895
2016-06-01,43.911999,HOLD,0.04459017515182495,564,45.189718949996006,24811.55715495
2016-06-02,43.792,HOLD,0.012208640575408936,564,45.189718949996006,24743.87771895
2016-06-03,43.798,HOLD,0.0020785927772521973,564,45.189718949996006,24747.261718949998
2016-06-06,44.136002,HOLD,0.03214073181152344,564,45.189718949996006,24937.894846949996
2016-06-07,46.467999,HOLD,0.04456651210784912,564,45.189718949996006,26253.141154949997
2016-06-08,47.104,HOLD,0.05651283264160156,564,45.189718949996006,26611.845718949997
2016-06-09,45.872002,HOLD,0.07493817806243896,564,45.189718949996006,25916.99884695
2016-06-10,43.757999,HOLD,0.08919286727905273,564,45.189718949996006,24724.70115495
2016-06-13,43.574001,HOLD,0.10627186298370361,564,45.189718949996006,24620.92628295
2016-06-14,42.992001,HOLD,0.07304966449737549,564,45.189718949996006,24292.678282949997
2016-06-15,43.540001,HOLD,0.011217474937438965,564,45.189718949996006,24601.750282949997
2016-06-16,43.585999,HOLD,0.034908294677734375,564,45.189718949996006,24627.693154949997
2016-06-17,43.094002,HOLD,0.024535715579986572,564,45.189718949996006,24350.20684695
2016-06-20,43.939999,HOLD,0.01043999195098877,564,45.189718949996006,24827.34915495
2016-06-21,43.922001,HOLD,0.07519125938415527,564,45.189718949996006,24817.198282949998
2016-06-22,39.332001,HOLD,0.08609718084335327,564,45.189718949996006,22228.438282949995
2016-06-23,39.279999,HOLD,0.06818825006484985,564,45.189718949996006,22199.109154949994
2016-06-24,38.630001,HOLD,0.012648403644561768,564,45.189718949996006,21832.51028295
2016-06-27,39.709999,HOLD,0.020043492317199707,564,45.189718949996006,22441.62915495
2016-06-28,40.358002,HOLD,0.004299938678741455,564,45.189718949996006,22807.102846949998
2016-06-29,42.037998,HOLD,0.06597638130187988,564,45.189718949996006,23754.62059095
2016-06-30,42.456001,HOLD,0.0494653582572937,564,45.189718949996006,23990.374282949997
2016-07-01,43.299999,HOLD,0.11868304014205933,564,45.189718949996006,24466.389154949997
2016-07-05,42.796001,HOLD,0.10640603303909302,564,45.189718949996006,24182.134282949995
2016-07-06,42.888,HOLD,0.09901219606399536,564,45.189718949996006,24234.021718949996
2016-07-07,43.188,HOLD,0.059143126010894775,564,45.189718949996006,24403.22171895
2016-07-08,43.355999,HOLD,0.040720343589782715,564,45.189718949996006,24497.973154949996
2016-07-11,44.956001,HOLD,0.0821462869644165,564,45.189718949996006,25400.374282949997
2016-07-12,44.93,HOLD,0.0953758955001831,564,45.189718949996006,25385.70971895
2016-07-13,44.506001,HOLD,0.1001964807510376,564,45.189718949996006,25146.574282949998
2016-07-14,44.306,HOLD,0.06685435771942139,564,45.189718949996006,25033.773718949997
2016-07-15,44.080002,HOLD,0.08732354640960693,564,45.189718949996006,24906.310846949997
2016-07-18,45.25,SELL,0.20822077989578247,113,20248.86221895,25566.189718949998
2016-07-19,45.051998,HOLD,0.15127140283584595,113,20248.86221895,25339.73799295
2016-07-20,45.672001,HOLD,0.11437904834747314,113,20248.86221895,25409.798331949998
2016-07-21,44.099998,HOLD,0.1280595064163208,113,20248.86221895,25232.161992949998
2016-07-22,44.453999,HOLD,0.0790567398071289,113,20248.86221895,25272.16410595
2016-07-25,46.001999,HOLD,0.009932994842529297,113,20248.86221895,25447.08810595
2016-07-26,45.902,HOLD,0.0648965835571289,113,20248.86221895,25435.788218949998
2016-07-27,45.698002,HOLD,0.06888991594314575,113,20248.86221895,25412.73644495
2016-07-28,46.122002,HOLD,0.04784113168716431,113,20248.86221895,25460.64844495
2016-07-29,46.958,HOLD,0.07139497995376587,113,20248.86221895,25555.11621895
2016-08-01,46.001999,HOLD,0.10518777370452881,113,20248.86221895,25447.08810595
2016-08-02,45.439999,HOLD,0.0962863564491272,113,20248.86221895,25383.582105949998
2016-08-03,45.158001,HOLD,0.08540576696395874,113,20248.86221895,25351.716331949996
2016-08-04,46.122002,HOLD,0.1001160740852356,113,20248.86221895,25460.64844495
2016-08-05,46.006001,HOLD,0.1181986927986145,113,20248.86221895,25447.540331949996
2016-08-08,45.231998,HOLD,0.0915268063545227,113,20248.86221895,25360.07799295
2016-08-09,45.816002,HOLD,0.08518856763839722,113,20248.86221895,25426.070444949997
2016-08-10,45.130001,HOLD,0.08002686500549316,113,20248.86221895,25348.55233195
2016-08-11,44.981998,HOLD,0.072543203830719,113,20248.86221895,25331.82799295
2016-08-12,45.122002,HOLD,0.10107260942459106,113,20248.86221895,25347.64844495
2016-08-15,45.118,HOLD,0.07960271835327148,113,20248.86221895,25347.196218949997
2016-08-16,44.722,HOLD,0.09052348136901855,113,20248.86221895,25302.448218949998
2016-08-17,44.647999,HOLD,0.032228291034698486,113,20248.86221895,25294.08610595
2016-08-18,44.702,HOLD,0.0925707221031189,113,20248.86221895,25300.18821895
2016-08-19,45.0,HOLD,0.08694005012512207,113,20248.86221895,25333.86221895
2016-08-22,44.585999,HOLD,0.08067983388900757,113,20248.86221895,25287.080105949997
2016-08-23,44.967999,HOLD,0.09382402896881104,113,20248.86221895,25330.24610595
2016-08-24,44.523998,HOLD,0.13292133808135986,113,20248.86221895,25280.073992949998
2016-08-25,44.192001,HOLD,0.1518404483795166,113,20248.86221895,25242.55833195
2016-08-26,43.998001,HOLD,0.13319432735443115,113,20248.86221895,25220.636331949998
2016-08-29,43.040001,HOLD,0.14066636562347412,113,20248.86221895,25112.382331949997
2016-08-30,42.268002,HOLD,0.09652131795883179,113,20248.86221895,25025.146444949998
2016-08-31,42.402,HOLD,0.082558274269104,113,20248.86221895,25040.288218949998
2016-09-01,40.153999,HOLD,0.07943916320800781,113,20248.86221895,24786.26410595
2016-09-02,39.556,HOLD,0.05788701772689819,113,20248.86221895,24718.690218949996
2016-09-06,40.566002,HOLD,0.033695876598358154,113,20248.86221895,24832.820444949997
2016-09-07,40.341999,HOLD,0.04085153341293335,113,20248.86221895,24807.50810595
2016-09-08,39.472,HOLD,0.05022239685058594,113,20248.86221895,24709.198218949998
2016-09-09,38.894001,HOLD,0.04785645008087158,113,20248.86221895,24643.884331949997
2016-09-12,39.66,HOLD,0.010195672512054443,113,20248.86221895,24730.442218949996
2016-09-13,39.209999,HOLD,0.01332014799118042,113,20248.86221895,24679.59210595
2016-09-14,39.282001,HOLD,0.040699541568756104,113,20248.86221895,24687.72833195
2016-09-15,40.084,HOLD,0.044184088706970215,113,20248.86221895,24778.35421895
2016-09-16,41.080002,HOLD,0.0663500428199768,113,20248.86221895,24890.90244495
2016-09-19,41.268002,HOLD,0.08017230033874512,113,20248.86221895,24912.146444949998
2016-09-20,40.928001,HOLD,0.11141926050186157,113,20248.86221895,24873.726331949998
2016-09-21,41.043999,HOLD,0.11209762096405029,113,20248.86221895,24886.834105949998
2016-09-22,41.285999,HOLD,0.1524164080619812,113,20248.86221895,24914.18010595
2016-09-23,41.490002,HOLD,0.13659590482711792,113,20248.86221895,24937.232444949997
2016-09-26,41.798,HOLD,0.12917858362197876,113,20248.86221895,24972.036218949997
2016-09-27,41.161999,HOLD,0.17284369468688965,113,20248.86221895,24900.168105949997
2016-09-28,41.254002,HOLD,0.1368052363395691,113,20248.86221895,24910.56444495
2016-09-29,40.139999,HOLD,0.11351543664932251,113,20248.86221895,24784.68210595
2016-09-30,40.806,HOLD,0.1716189980506897,113,20248.86221895,24859.940218949996
2016-10-03,42.740002,HOLD,0.12692558765411377,113,20248.86221895,25078.482444949997
2016-10-04,42.282001,HOLD,0.09155625104904175,113,20248.86221895,25026.72833195
2016-10-05,41.692001,HOLD,0.0777961015701294,113,20248.86221895,24960.05833195
2016-10-06,40.200001,HOLD,0.07013958692550659,113,20248.86221895,24791.46233195
2016-10-07,39.321999,HOLD,0.02654743194580078,113,20248.86221895,24692.24810595
2016-10-10,40.189999,HOLD,0.03192633390426636,113,20248.86221895,24790.332105949998
2016-10-11,40.02,HOLD,0.08002090454101562,113,20248.86221895,24771.122218949997
2016-10-12,40.301998,HOLD,0.09003812074661255,113,20248.86221895,24802.98799295
2016-10-13,40.048,HOLD,0.10618841648101807,113,20248.86221895,24774.286218949997
2016-10-14,39.301998,HOLD,0.07609647512435913,113,20248.86221895,24689.98799295
2016-10-17,38.792,HOLD,0.05884319543838501,113,20248.86221895,24632.358218949998
2016-10-18,39.82,HOLD,0.06738924980163574,113,20248.86221895,24748.52221895
2016-10-19,40.712002,HOLD,0.07878166437149048,113,20248.86221895,24849.318444949997
2016-10-20,39.82,HOLD,0.08792203664779663,113,20248.86221895,24748.52221895
2016-10-21,40.018002,HOLD,0.1125301718711853,113,20248.86221895,24770.896444949998
2016-10-24,40.551998,HOLD,0.09746527671813965,113,20248.86221895,24831.23799295
2016-10-25,40.467999,HOLD,0.11159223318099976,113,20248.86221895,24821.74610595
2016-10-26,40.448002,HOLD,0.12058532238006592,113,20248.86221895,24819.48644495
2016-10-27,40.801998,HOLD,0.1669391393661499,113,20248.86221895,24859.48799295
2016-10-28,39.993999,HOLD,0.19242727756500244,113,20248.86221895,24768.18410595
2016-10-31,39.546001,HOLD,0.17862606048583984,113,20248.86221895,24717.560331949997
2016-11-01,38.158001,HOLD,0.1720949411392212,113,20248.86221895,24560.716331949996
2016-11-02,37.604,HOLD,0.06771564483642578,113,20248.86221895,24498.11421895
2016-11-03,37.484001,HOLD,0.06088012456893921,113,20248.86221895,24484.55433195
2016-11-04,38.112,HOLD,0.06906634569168091,113,20248.86221895,24555.518218949997
2016-11-07,38.641998,HOLD,0.06308531761169434,113,20248.86221895,24615.40799295
2016-11-08,38.987999,HOLD,0.09904104471206665,113,20248.86221895,24654.50610595
2016-11-09,38.012001,HOLD,0.06669223308563232,113,20248.86221895,24544.218331949996
2016-11-10,37.07,HOLD,0.04892122745513916,113,20248.86221895,24437.77221895
2016-11-11,37.712002,HOLD,0.0927688479423523,113,20248.86221895,24510.318444949997
2016-11-14,36.290001,HOLD,0.10992908477783203,113,20248.86221895,24349.632331949997
2016-11-15,36.754002,HOLD,0.045380353927612305,113,20248.86221895,24402.06444495
2016-11-16,36.785999,HOLD,0.03213304281234741,113,20248.86221895,24405.68010595
2016-11-17,37.731998,HOLD,0.07036823034286499,113,20248.86221895,24512.57799295
2016-11-18,37.004002,HOLD,0.07453477382659912,113,20248.86221895,24430.31444495
2016-11-21,36.903999,HOLD,0.10297220945358276,113,20248.86221895,24419.01410595
2016-11-22,38.234001,HOLD,0.08040827512741089,113,20248.86221895,24569.30433195
2016-11-23,38.627998,HOLD,0.08591413497924805,113,20248.86221895,24613.825992949998
2016-11-25,39.330002,HOLD,0.15759438276290894,113,20248.86221895,24693.15244495
2016-11-28,39.223999,HOLD,0.19850647449493408,113,20248.86221895,24681.17410595
2016-11-29,37.914001,SELL,0.21340501308441162,23,23626.999708049996,24533.14433195
2016-11-30,37.880001,SELL,0.23532897233963013,5,24302.021325869995,24498.239731049995
2016-12-01,36.375999,SELL,0.20081961154937744,1,24446.070281909993,24483.901320869994
2016-12-02,36.293999,HOLD,0.1547161340713501,1,24446.070281909993,24482.364280909995
2016-12-05,37.360001,HOLD,0.16954314708709717,1,24446.070281909993,24483.430282909994
2016-12-06,37.169998,HOLD,0.1815367341041565,1,24446.070281909993,24483.240279909995
2016-12-07,38.630001,HOLD,0.1214035153388977,1,24446.070281909993,24484.700282909995
2016-12-08,38.458,HOLD,0.14552515745162964,1,24446.070281909993,24484.528281909992
2016-12-09,38.436001,HOLD,0.11283683776855469,1,24446.070281909993,24484.50628290999
2016-12-12,38.486,HOLD,0.09793490171432495,1,24446.070281909993,24484.556281909994
2016-12-13,39.630001,HOLD,0.15438830852508545,1,24446.070281909993,24485.700282909995
2016-12-14,39.737999,HOLD,0.13583624362945557,1,24446.070281909993,24485.808280909994
2016-12-15,39.515999,HOLD,0.06523150205612183,1,24446.070281909993,24485.586280909993
2016-12-16,40.498001,HOLD,0.04040127992630005,1,24446.070281909993,24486.568282909993
2016-12-19,40.546001,HOLD,0.09366673231124878,1,24446.070281909993,24486.616282909992
2016-12-20,41.757999,HOLD,0.09652584791183472,1,24446.070281909993,24487.828280909995
2016-12-21,41.540001,HOLD,0.09994697570800781,1,24446.070281909993,24487.610282909995
2016-12-22,41.689999,HOLD,0.10581642389297485,1,24446.070281909993,24487.76028090999
2016-12-23,42.667999,HOLD,0.11418157815933228,1,24446.070281909993,24488.738280909995
2016-12-27,43.905998,HOLD,0.1293119192123413,1,24446.070281909993,24489.97627990999
2016-12-28,43.948002,HOLD,0.16708016395568848,1,24446.070281909993,24490.018283909994
2016-12-29,42.936001,HOLD,0.10681372880935669,1,24446.070281909993,24489.00628290999
2016-12-30,42.737999,HOLD,0.16786593198776245,1,24446.070281909993,24488.808280909994
2017-01-03,43.397999,HOLD,0.12266343832015991,1,24446.070281909993,24489.468280909994
2017-01-04,45.397999,HOLD,0.1315782070159912,1,24446.070281909993,24491.468280909994
2017-01-05,45.349998,HOLD,0.11083948612213135,1,24446.070281909993,24491.420279909995
2017-01-06,45.801998,HOLD,0.04321795701980591,1,24446.070281909993,24491.872279909992
2017-01-09,46.256001,HOLD,0.050411224365234375,1,24446.070281909993,24492.326282909995
2017-01-10,45.973999,HOLD,0.08078509569168091,1,24446.070281909993,24492.044280909995
2017-01-11,45.945999,HOLD,0.06587469577789307,1,24446.070281909993,24492.016280909993
2017-01-12,45.917999,HOLD,0.02701711654663086,1,24446.070281909993,24491.988280909995
2017-01-13,47.549999,HOLD,0.03557199239730835,1,24446.070281909993,24493.620280909992
2017-01-17,47.116001,HOLD,0.031569838523864746,1,24446.070281909993,24493.186282909992
2017-01-18,47.672001,HOLD,0.037499964237213135,1,24446.070281909993,24493.742282909992
2017-01-19,48.751999,HOLD,0.04941236972808838,1,24446.070281909993,24494.822280909993
2017-01-20,48.945999,HOLD,0.00042045116424560547,1,24446.070281909993,24495.016280909993
2017-01-23,49.784,HOLD,0.033529818058013916,1,24446.070281909993,24495.854281909993
2017-01-24,50.922001,HOLD,0.03655385971069336,1,24446.070281909993,24496.992282909992
2017-01-25,50.894001,HOLD,0.0353778600692749,1,24446.070281909993,24496.964282909994
2017-01-26,50.501999,HOLD,0.03687065839767456,1,24446.070281909993,24496.572280909993
2017-01-27,50.59,HOLD,0.037102341651916504,1,24446.070281909993,24496.660281909994
2017-01-30,50.125999,HOLD,0.026760876178741455,1,24446.070281909993,24496.196280909993
2017-01-31,50.386002,HOLD,0.07864147424697876,1,24446.070281909993,24496.456283909993
2017-02-01,49.848,HOLD,0.05778461694717407,1,24446.070281909993,24495.918281909995
2017-02-02,50.310001,HOLD,0.007949292659759521,1,24446.070281909993,24496.380282909995
2017-02-03,50.265999,HOLD,0.015844225883483887,1,24446.070281909993,24496.336280909993
2017-02-06,51.554001,HOLD,0.03506433963775635,1,24446.070281909993,24497.624282909994
2017-02-07,51.495998,HOLD,0.04775041341781616,1,24446.070281909993,24497.566279909992
2017-02-08,52.416,HOLD,0.04817920923233032,1,24446.070281909993,24498.486281909994
2017-02-09,53.84,HOLD,0.051676392555236816,1,24446.070281909993,24499.910281909994
2017-02-10,53.846001,HOLD,0.0442049503326416,1,24446.070281909993,24499.916282909995
2017-02-13,56.119999,HOLD,0.031766533851623535,1,24446.070281909993,24502.190280909992
2017-02-14,56.195999,HOLD,0.06400716304779053,1,24446.070281909993,24502.266280909993
2017-02-15,55.952,HOLD,0.02728480100631714,1,24446.070281909993,24502.022281909994
2017-02-16,53.790001,HOLD,0.03764820098876953,1,24446.070281909993,24499.860282909995
2017-02-17,54.445999,HOLD,0.035292744636535645,1,24446.070281909993,24500.516280909993
2017-02-21,55.478001,HOLD,0.05639231204986572,1,24446.070281909993,24501.548282909993
2017-02-22,54.702,HOLD,0.05559086799621582,1,24446.070281909993,24500.772281909994
2017-02-23,51.198002,HOLD,0.04870164394378662,1,24446.070281909993,24497.268283909994
2017-02-24,51.400002,HOLD,0.03895944356918335,1,24446.070281909993,24497.470283909992
2017-02-27,49.245998,HOLD,0.014255523681640625,1,24446.070281909993,24495.316279909992
2017-02-28,49.998001,HOLD,0.010587930679321289,1,24446.070281909993,24496.068282909993
2017-03-01,50.004002,HOLD,0.011891961097717285,1,24446.070281909993,24496.074283909995
2017-03-02,50.096001,HOLD,0.019583404064178467,1,24446.070281909993,24496.166282909995
2017-03-03,50.313999,HOLD,0.012529969215393066,1,24446.070281909993,24496.384280909995
2017-03-06,50.242001,HOLD,0.03155261278152466,1,24446.070281909993,24496.312282909992
2017-03-07,49.717999,HOLD,0.034622251987457275,1,24446.070281909993,24495.788280909994
2017-03-08,49.374001,HOLD,0.03100872039794922,1,24446.070281909993,24495.444282909993
2017-03-09,48.98,HOLD,0.020480811595916748,1,24446.070281909993,24495.050281909993
2017-03-10,48.737999,HOLD,0.02535003423690796,1,24446.070281909993,24494.808280909994
2017-03-13,49.234001,HOLD,0.025959312915802002,1,24446.070281909993,24495.304282909994
2017-03-14,51.599998,HOLD,0.024525165557861328,1,24446.070281909993,24497.670279909995
2017-03-15,51.146,HOLD,0.024925410747528076,1,24446.070281909993,24497.216281909994
2017-03-16,52.41,HOLD,0.05080306529998779,1,24446.070281909993,24498.480281909993
2017-03-17,52.299999,HOLD,0.10633814334869385,1,24446.070281909993,24498.370280909992
2017-03-20,52.383999,HOLD,0.09508931636810303,1,24446.070281909993,24498.454280909995
2017-03-21,50.136002,HOLD,0.040314555168151855,1,24446.070281909993,24496.206283909993
2017-03-22,51.001999,HOLD,0.005969703197479248,1,24446.070281909993,24497.072280909993
2017-03-23,50.956001,HOLD,0.022277355194091797,1,24446.070281909993,24497.026282909992
2017-03-24,52.632,HOLD,0.02459728717803955,1,24446.070281909993,24498.702281909995
2017-03-27,54.043999,HOLD,0.08291953802108765,1,24446.070281909993,24500.114280909995
2017-03-28,55.490002,HOLD,0.08040136098861694,1,24446.070281909993,24501.560283909992
2017-03-29,55.476002,HOLD,0.079967200756073,1,24446.070281909993,24501.546283909993
2017-03-30,55.584,HOLD,0.04051429033279419,1,24446.070281909993,24501.654281909992
2017-03-31,55.66,HOLD,0.013940513134002686,1,24446.070281909993,24501.730281909993
2017-04-03,59.703999,HOLD,0.0035854578018188477,1,24446.070281909993,24505.774280909995
2017-04-04,60.740002,HOLD,0.01790517568588257,1,24446.070281909993,24506.810283909992
2017-04-05,59.0,HOLD,0.005326986312866211,1,24446.070281909993,24505.070281909993
2017-04-06,59.740002,HOLD,0.01488107442855835,1,24446.070281909993,24505.810283909992
2017-04-07,60.507999,HOLD,0.04194563627243042,1,24446.070281909993,24506.578280909995
2017-04-10,62.478001,HOLD,0.07430088520050049,1,24446.070281909993,24508.548282909993
2017-04-11,61.742001,HOLD,0.07461494207382202,1,24446.070281909993,24507.812282909992
2017-04-12,59.368,HOLD,0.06982028484344482,1,24446.070281909993,24505.438281909992
2017-04-13,60.799999,HOLD,0.04879617691040039,1,24446.070281909993,24506.870280909992
2017-04-17,60.287998,HOLD,0.027639687061309814,1,24446.070281909993,24506.358279909993
2017-04-18,60.049999,HOLD,0.062189459800720215,1,24446.070281909993,24506.120280909992
2017-04-19,61.104,HOLD,0.005383610725402832,1,24446.070281909993,24507.174281909993
2017-04-20,60.501999,HOLD,0.051813364028930664,1,24446.070281909993,24506.572280909993
2017-04-21,61.119999,HOLD,0.004379749298095703,1,24446.070281909993,24507.190280909992
2017-04-24,61.605999,HOLD,0.027828454971313477,1,24446.070281909993,24507.676280909993
2017-04-25,62.757999,HOLD,0.030670344829559326,1,24446.070281909993,24508.828280909995
2017-04-26,62.034,HOLD,0.042219460010528564,1,24446.070281909993,24508.104281909993
2017-04-27,61.726002,HOLD,0.02004927396774292,1,24446.070281909993,24507.796283909993
2017-04-28,62.813999,HOLD,0.09281158447265625,1,24446.070281909993,24508.884280909995
2017-05-01,64.566002,HOLD,0.1197020411491394,1,24446.070281909993,24510.636283909993
2017-05-02,63.778,HOLD,0.10201150178909302,1,24446.070281909993,24509.84828190999
2017-05-03,62.203999,HOLD,0.055378854274749756,1,24446.070281909993,24508.274280909995
2017-05-04,59.091999,HOLD,0.06836402416229248,1,24446.070281909993,24505.162280909994
2017-05-05,61.669998,HOLD,0.05572199821472168,1,24446.070281909993,24507.740279909995
2017-05-08,61.438,HOLD,0.0680079460144043,1,24446.070281909993,24507.50828190999
2017-05-09,64.251999,HOLD,0.064117431640625,1,24446.070281909993,24510.322280909993
2017-05-10,65.043999,HOLD,0.052918851375579834,1,24446.070281909993,24511.114280909995
2017-05-11,64.620003,HOLD,0.05772215127944946,1,24446.070281909993,24510.690284909993
2017-05-12,64.961998,HOLD,0.0386197566986084,1,24446.070281909993,24511.032279909992
2017-05-15,63.175999,HOLD,0.057185232639312744,1,24446.070281909993,24509.246280909992
2017-05-16,63.402,HOLD,0.0766114592552185,1,24446.070281909993,24509.47228190999
2017-05-17,61.222,HOLD,0.011944174766540527,1,24446.070281909993,24507.292281909995
2017-05-18,62.612,HOLD,0.06761157512664795,1,24446.070281909993,24508.682281909994
2017-05-19,62.166,HOLD,0.07556354999542236,1,24446.070281909993,24508.236281909994
2017-05-22,62.07,HOLD,0.0765412449836731,1,24446.070281909993,24508.140281909993
2017-05-23,60.771999,HOLD,0.06318217515945435,1,24446.070281909993,24506.842280909994
2017-05-24,62.043999,HOLD,0.08174103498458862,1,24446.070281909993,24508.114280909995
2017-05-25,63.366001,HOLD,0.11809545755386353,1,24446.070281909993,24509.436282909992
2017-05-26,65.028,HOLD,0.14182382822036743,1,24446.070281909993,24511.09828190999
2017-05-30,67.019997,HOLD,0.1667020320892334,1,24446.070281909993,24513.090278909993
2017-05-31,68.202003,HOLD,0.11733818054199219,1,24446.070281909993,24514.272284909992
2017-06-01,68.073997,HOLD,0.09996342658996582,1,24446.070281909993,24514.144278909993
2017-06-02,67.970001,HOLD,0.092135488986969,1,24446.070281909993,24514.040282909995
2017-06-05,69.463997,HOLD,0.08285212516784668,1,24446.070281909993,24515.534278909992
2017-06-06,70.57,HOLD,0.11313629150390625,1,24446.070281909993,24516.640281909993
2017-06-07,71.93,HOLD,0.10060667991638184,1,24446.070281909993,24518.000281909994
2017-06-08,74.0,HOLD,0.07838159799575806,1,24446.070281909993,24520.070281909993
2017-06-09,71.463997,HOLD,0.06891036033630371,1,24446.070281909993,24517.534278909992
2017-06-12,71.802002,HOLD,0.052178263664245605,1,24446.070281909993,24517.872283909994
2017-06-13,75.190002,HOLD,0.07200461626052856,1,24446.070281909993,24521.260283909993
2017-06-14,76.132004,HOLD,0.013003706932067871,1,24446.070281909993,24522.202285909992
2017-06-15,75.068001,HOLD,0.04812437295913696,1,24446.070281909993,24521.138282909993
2017-06-16,74.279999,HOLD,0.03789520263671875,1,24446.070281909993,24520.350280909992
2017-06-19,73.959999,HOLD,0.02787041664123535,1,24446.070281909993,24520.030280909992
2017-06-20,74.447998,HOLD,0.042819976806640625,1,24446.070281909993,24520.518279909993
2017-06-21,75.279999,HOLD,0.006002068519592285,1,24446.070281909993,24521.350280909992
2017-06-22,76.522003,HOLD,0.0020797252655029297,1,24446.070281909993,24522.59228490999
2017-06-23,76.690002,HOLD,0.04551726579666138,1,24446.070281909993,24522.760283909993
2017-06-26,75.498001,HOLD,0.08045750856399536,1,24446.070281909993,24521.568282909993
2017-06-27,72.473999,HOLD,0.06471216678619385,1,24446.070281909993,24518.544280909995
2017-06-28,74.248001,HOLD,0.03486740589141846,1,24446.070281909993,24520.318282909993
2017-06-29,72.150002,HOLD,0.068087637424469,1,24446.070281909993,24518.220283909992
2017-06-30,72.321999,HOLD,0.05577206611633301,1,24446.070281909993,24518.392280909993
2017-07-03,70.524002,HOLD,0.059606969356536865,1,24446.070281909993,24516.59428390999
2017-07-05,65.417999,HOLD,0.07161486148834229,1,24446.070281909993,24511.488280909995
2017-07-06,61.765999,HOLD,0.04777568578720093,1,24446.070281909993,24507.836280909993
2017-07-07,62.644001,HOLD,0.02449321746826172,1,24446.070281909993,24508.714282909994
2017-07-10,63.209999,HOLD,0.018828153610229492,1,24446.070281909993,24509.280280909992
2017-07-11,65.444,HOLD,0.04284656047821045,1,24446.070281909993,24511.514281909993
2017-07-12,65.903999,HOLD,0.04637646675109863,1,24446.070281909993,24511.97428090999
2017-07-13,64.681999,HOLD,0.055942416191101074,1,24446.070281909993,24510.752280909994
2017-07-14,65.556,HOLD,0.05243945121765137,1,24446.070281909993,24511.626281909994
2017-07-17,63.914001,HOLD,0.05193638801574707,1,24446.070281909993,24509.984282909994
2017-07-18,65.648003,HOLD,0.03648710250854492,1,24446.070281909993,24511.71828490999
2017-07-19,65.052002,HOLD,0.027710914611816406,1,24446.070281909993,24511.122283909994
2017-07-20,65.984001,HOLD,0.01993858814239502,1,24446.070281909993,24512.054282909994
2017-07-21,65.68,HOLD,0.0361250638961792,1,24446.070281909993,24511.750281909994
2017-07-24,68.503998,HOLD,0.0413895845413208,1,24446.070281909993,24514.574279909993
2017-07-25,67.919998,HOLD,0.0027511119842529297,1,24446.070281909993,24513.990279909995
2017-07-26,68.769997,HOLD,0.06899875402450562,1,24446.070281909993,24514.840278909993
2017-07-27,66.891998,HOLD,0.053180575370788574,1,24446.070281909993,24512.962279909993
2017-07-28,67.014,HOLD,0.06386327743530273,1,24446.070281909993,24513.084281909993
2017-07-31,64.694,HOLD,0.05287468433380127,1,24446.070281909993,24510.764281909993
2017-08-01,63.914001,HOLD,0.025506138801574707,1,24446.070281909993,24509.984282909994
2017-08-02,65.178001,HOLD,0.02134460210800171,1,24446.070281909993,24511.248282909994
2017-08-03,69.417999,HOLD,0.02427971363067627,1,24446.070281909993,24515.488280909995
2017-08-04,71.382004,HOLD,0.015342950820922852,1,24446.070281909993,24517.452285909992
2017-08-07,71.033997,HOLD,0.02430063486099243,1,24446.070281909993,24517.104278909992
2017-08-08,73.043999,HOLD,0.0024073123931884766,1,24446.070281909993,24519.114280909995
2017-08-09,72.706001,HOLD,0.02348494529724121,1,24446.070281909993,24518.776282909992
2017-08-10,71.080002,HOLD,0.04134953022003174,1,24446.070281909993,24517.150283909992
2017-08-11,71.573997,HOLD,0.027297496795654297,1,24446.070281909993,24517.644278909993
2017-08-14,72.760002,HOLD,0.02088618278503418,1,24446.070281909993,24518.830283909992
2017-08-15,72.466003,HOLD,0.028635859489440918,1,24446.070281909993,24518.536284909995
2017-08-16,72.582001,HOLD,0.008816123008728027,1,24446.070281909993,24518.652282909992
2017-08-17,70.384003,HOLD,0.05423080921173096,1,24446.070281909993,24516.454284909993
2017-08-18,69.491997,HOLD,0.09955734014511108,1,24446.070281909993,24515.562278909994
2017-08-21,67.571999,HOLD,0.040327489376068115,1,24446.070281909993,24513.642280909993
2017-08-22,68.269997,HOLD,0.08342987298965454,1,24446.070281909993,24514.340278909993
2017-08-23,70.554001,HOLD,0.052479445934295654,1,24446.070281909993,24516.624282909994
2017-08-24,70.585999,HOLD,0.09172868728637695,1,24446.070281909993,24516.656280909992
2017-08-25,69.610001,HOLD,0.0980491042137146,1,24446.070281909993,24515.680282909994
2017-08-28,69.132004,HOLD,0.10098212957382202,1,24446.070281909993,24515.202285909992
2017-08-29,69.472,HOLD,0.17069542407989502,1,24446.070281909993,24515.542281909995
2017-08-30,70.636002,HOLD,0.1488053798675537,1,24446.070281909993,24516.706283909993
2017-08-31,71.18,HOLD,0.11682212352752686,1,24446.070281909993,24517.250281909994
2017-09-01,71.080002,HOLD,0.1321389079093933,1,24446.070281909993,24517.150283909992
2017-09-05,69.917999,HOLD,0.1073235273361206,1,24446.070281909993,24515.988280909995
2017-09-06,68.905998,HOLD,0.06602650880813599,1,24446.070281909993,24514.97627990999
2017-09-07,70.122002,HOLD,0.05785012245178223,1,24446.070281909993,24516.192283909993
2017-09-08,68.68,HOLD,0.08214426040649414,1,24446.070281909993,24514.750281909994
2017-09-11,72.737999,HOLD,0.11581927537918091,1,24446.070281909993,24518.808280909994
2017-09-12,72.550003,HOLD,0.13449108600616455,1,24446.070281909993,24518.620284909994
2017-09-13,73.246002,HOLD,0.09679514169692993,1,24446.070281909993,24519.316283909993
2017-09-14,75.528,HOLD,0.07798093557357788,1,24446.070281909993,24521.59828190999
2017-09-15,75.961998,HOLD,0.06620734930038452,1,24446.070281909993,24522.032279909992
2017-09-18,77.0,HOLD,0.05959290266036987,1,24446.070281909993,24523.070281909993
2017-09-19,75.019997,HOLD,0.10221993923187256,1,24446.070281909993,24521.090278909993
2017-09-20,74.781998,HOLD,0.10270857810974121,1,24446.070281909993,24520.852279909992
2017-09-21,73.295998,HOLD,0.04316669702529907,1,24446.070281909993,24519.366279909995
2017-09-22,70.218002,HOLD,0.042242348194122314,1,24446.070281909993,24516.288283909995
2017-09-25,68.998001,HOLD,0.04343634843826294,1,24446.070281909993,24515.068282909993
2017-09-26,69.050003,HOLD,0.07931041717529297,1,24446.070281909993,24515.120284909994
2017-09-27,68.194,HOLD,0.07791012525558472,1,24446.070281909993,24514.264281909993
2017-09-28,67.919998,HOLD,0.08300679922103882,1,24446.070281909993,24513.990279909995
2017-09-29,68.220001,HOLD,0.07627534866333008,1,24446.070281909993,24514.290282909995
2017-10-02,68.306,HOLD,0.07153654098510742,1,24446.070281909993,24514.376281909994
2017-10-03,69.627998,HOLD,0.07545536756515503,1,24446.070281909993,24515.698279909993
2017-10-04,71.001999,HOLD,0.05899780988693237,1,24446.070281909993,24517.072280909993
2017-10-05,71.066002,HOLD,0.09796142578125,1,24446.070281909993,24517.136283909993
2017-10-06,71.375999,HOLD,0.1097680926322937,1,24446.070281909993,24517.446280909993
2017-10-09,68.587997,HOLD,0.08615988492965698,1,24446.070281909993,24514.658278909992
2017-10-10,71.117996,HOLD,0.1023607850074768,1,24446.070281909993,24517.188277909994
2017-10-11,70.919998,HOLD,0.07333827018737793,1,24446.070281909993,24516.990279909995
2017-10-12,71.136002,HOLD,0.07789856195449829,1,24446.070281909993,24517.206283909993
2017-10-13,71.113998,HOLD,0.09328800439834595,1,24446.070281909993,24517.184279909994
2017-10-16,70.120003,HOLD,0.10096335411071777,1,24446.070281909993,24516.190284909993
2017-10-17,71.150002,HOLD,0.10538005828857422,1,24446.070281909993,24517.220283909992
2017-10-18,71.93,HOLD,0.07307296991348267,1,24446.070281909993,24518.000281909994
2017-10-19,70.362,HOLD,0.05187654495239258,1,24446.070281909993,24516.432281909994
2017-10-20,69.019997,HOLD,0.058553993701934814,1,24446.070281909993,24515.090278909993
2017-10-23,67.403999,HOLD,0.03568005561828613,1,24446.070281909993,24513.47428090999
2017-10-24,67.468002,HOLD,0.03376096487045288,1,24446.070281909993,24513.538283909995
2017-10-25,65.167999,HOLD,0.057647764682769775,1,24446.070281909993,24511.238280909995
2017-10-26,65.234001,HOLD,0.10756701231002808,1,24446.070281909993,24511.304282909994
2017-10-27,64.174004,HOLD,0.11994409561157227,1,24446.070281909993,24510.244285909994
2017-10-30,64.015999,HOLD,0.11802279949188232,1,24446.070281909993,24510.086280909993
2017-10-31,66.306,HOLD,0.09356546401977539,1,24446.070281909993,24512.376281909994
2017-11-01,64.216003,HOLD,0.1208004355430603,1,24446.070281909993,24510.286284909995
2017-11-02,59.852001,HOLD,0.10543525218963623,1,24446.070281909993,24505.922282909993
2017-11-03,61.217999,HOLD,0.11266005039215088,1,24446.070281909993,24507.288280909994
2017-11-06,60.556,HOLD,0.08653008937835693,1,24446.070281909993,24506.626281909994
2017-11-07,61.209999,HOLD,0.04093146324157715,1,24446.070281909993,24507.280280909992
2017-11-08,60.877998,HOLD,0.044667840003967285,1,24446.070281909993,24506.948279909993
2017-11-09,60.598,HOLD,0.047641098499298096,1,24446.070281909993,24506.668281909995
2017-11-10,60.598,HOLD,0.04747426509857178,1,24446.070281909993,24506.668281909995
2017-11-13,63.080002,HOLD,0.06687140464782715,1,24446.070281909993,24509.150283909992
2017-11-14,61.740002,HOLD,0.06085920333862305,1,24446.070281909993,24507.810283909992
2017-11-15,62.259998,HOLD,0.077586829662323,1,24446.070281909993,24508.330279909995
2017-11-16,62.5,HOLD,0.09091740846633911,1,24446.070281909993,24508.570281909993
2017-11-17,63.009998,HOLD,0.09802043437957764,1,24446.070281909993,24509.080279909995
2017-11-20,61.748001,HOLD,0.08232235908508301,1,24446.070281909993,24507.818282909993
2017-11-21,63.562,HOLD,0.07261347770690918,1,24446.070281909993,24509.632281909995
2017-11-22,62.52,HOLD,0.09622764587402344,1,24446.070281909993,24508.590281909994
2017-11-24,63.110001,HOLD,0.14195024967193604,1,24446.070281909993,24509.180282909994
2017-11-27,63.362,SELL,0.24169570207595825,1,24446.070281909993,24509.432281909994
2017-11-28,63.509998,SELL,0.2770994305610657,1,24446.070281909993,24509.580279909995
2017-11-29,61.507999,SELL,0.20927071571350098,1,24446.070281909993,24507.578280909995
2017-11-30,61.77,SELL,0.2568863034248352,1,24446.070281909993,24507.840281909994
2017-12-01,61.306,SELL,0.21669119596481323,1,24446.070281909993,24507.376281909994
2017-12-04,61.040001,HOLD,0.11447113752365112,1,24446.070281909993,24507.110282909995
2017-12-05,60.740002,HOLD,0.157886803150177,1,24446.070281909993,24506.810283909992
2017-12-06,62.652,HOLD,0.12012183666229248,1,24446.070281909993,24508.72228190999
2017-12-07,62.248001,HOLD,0.07159018516540527,1,24446.070281909993,24508.318282909993
2017-12-08,63.026001,HOLD,0.14811170101165771,1,24446.070281909993,24509.09628290999
2017-12-11,65.781998,HOLD,0.1428220272064209,1,24446.070281909993,24511.852279909992
2017-12-12,68.206001,HOLD,0.11406856775283813,1,24446.070281909993,24514.276282909992
2017-12-13,67.806,HOLD,0.16399425268173218,1,24446.070281909993,24513.876281909994
2017-12-14,67.578003,HOLD,0.13203662633895874,1,24446.070281909993,24513.648284909992
2017-12-15,68.690002,HOLD,0.09997272491455078,1,24446.070281909993,24514.760283909993
2017-12-18,67.774002,HOLD,0.10976409912109375,1,24446.070281909993,24513.84428390999
2017-12-19,66.220001,HOLD,0.11504232883453369,1,24446.070281909993,24512.290282909995
2017-12-20,65.795998,HOLD,0.052019596099853516,1,24446.070281909993,24511.866279909995
2017-12-21,66.332001,HOLD,0.07058638334274292,1,24446.070281909993,24512.402282909992
2017-12-22,65.040001,HOLD,0.08877182006835938,1,24446.070281909993,24511.110282909995
2017-12-26,63.458,HOLD,0.11398303508758545,1,24446.070281909993,24509.528281909992
2017-12-27,62.327999,HOLD,0.09403449296951294,1,24446.070281909993,24508.398280909994
2017-12-28,63.071999,HOLD,0.13724464178085327,1,24446.070281909993,24509.142280909993
2017-12-29,62.27,HOLD,0.1160765290260315,1,24446.070281909993,24508.340281909994
2018-01-02,64.106003,HOLD,0.15651237964630127,1,24446.070281909993,24510.176284909994
2018-01-03,63.450001,HOLD,0.16640716791152954,1,24446.070281909993,24509.520282909994
2018-01-04,62.924,HOLD,0.11096656322479248,1,24446.070281909993,24508.994281909992
2018-01-05,63.316002,HOLD,0.04344230890274048,1,24446.070281909993,24509.386283909993
2018-01-08,67.281998,HOLD,0.07089108228683472,1,24446.070281909993,24513.352279909992
2018-01-09,66.737999,HOLD,0.08214420080184937,1,24446.070281909993,24512.808280909994
2018-01-10,66.959999,HOLD,0.08630263805389404,1,24446.070281909993,24513.030280909992
2018-01-11,67.589996,HOLD,0.04991656541824341,1,24446.070281909993,24513.660277909992
2018-01-12,67.244003,HOLD,0.045873045921325684,1,24446.070281909993,24513.314284909993
2018-01-16,68.012001,HOLD,0.06386947631835938,1,24446.070281909993,24514.082282909993
2018-01-17,69.431999,HOLD,0.07353615760803223,1,24446.070281909993,24515.502280909994
2018-01-18,68.914001,HOLD,0.0764918327331543,1,24446.070281909993,24514.984282909994
2018-01-19,70.003998,HOLD,0.10032409429550171,1,24446.070281909993,24516.074279909993
2018-01-22,70.311996,HOLD,0.10677868127822876,1,24446.070281909993,24516.382277909994
2018-01-23,70.557999,HOLD,0.07357168197631836,1,24446.070281909993,24516.628280909994
2018-01-24,69.178001,HOLD,0.07131856679916382,1,24446.070281909993,24515.248282909994
2018-01-25,67.528,HOLD,0.07259118556976318,1,24446.070281909993,24513.59828190999
2018-01-26,68.57,HOLD,0.07158446311950684,1,24446.070281909993,24514.640281909993
2018-01-29,69.905998,HOLD,0.07817685604095459,1,24446.070281909993,24515.97627990999
2018-01-30,69.164001,HOLD,0.08598262071609497,1,24446.070281909993,24515.234282909994
2018-01-31,70.862,HOLD,0.04740554094314575,1,24446.070281909993,24516.932281909994
2018-02-01,69.849998,HOLD,0.05401742458343506,1,24446.070281909993,24515.920279909995
2018-02-02,68.75,HOLD,0.062030136585235596,1,24446.070281909993,24514.820281909993
2018-02-05,66.625999,HOLD,0.05469167232513428,1,24446.070281909993,24512.696280909993
2018-02-06,66.793999,HOLD,0.04313844442367554,1,24446.070281909993,24512.864280909995
2018-02-07,69.0,HOLD,0.040278077125549316,1,24446.070281909993,24515.070281909993
2018-02-08,63.046001,HOLD,0.010130643844604492,1,24446.070281909993,24509.116282909992
2018-02-09,62.084,HOLD,0.005425453186035156,1,24446.070281909993,24508.154281909992
2018-02-12,63.146,HOLD,0.0100632905960083,1,24446.070281909993,24509.216281909994
2018-02-13,64.732002,HOLD,0.013429760932922363,1,24446.070281909993,24510.802283909994
2018-02-14,64.461998,HOLD,0.03757357597351074,1,24446.070281909993,24510.532279909992
2018-02-15,66.814003,HOLD,0.007286489009857178,1,24446.070281909993,24512.884284909993
2018-02-16,67.098,HOLD,0.002628326416015625,1,24446.070281909993,24513.168281909995
2018-02-20,66.954002,HOLD,0.004891633987426758,1,24446.070281909993,24513.024283909992
2018-02-21,66.660004,HOLD,0.008973836898803711,1,24446.070281909993,24512.730285909995
2018-02-22,69.234001,HOLD,0.014934539794921875,1,24446.070281909993,24515.304282909994
2018-02-23,70.410004,HOLD,0.014605283737182617,1,24446.070281909993,24516.480285909995
2018-02-26,71.484001,HOLD,0.06003826856613159,1,24446.070281909993,24517.554282909994
2018-02-27,70.197998,HOLD,0.10765045881271362,1,24446.070281909993,24516.268279909993
2018-02-28,68.612,HOLD,0.11345416307449341,1,24446.070281909993,24514.682281909994
2018-03-01,66.185997,HOLD,0.08398139476776123,1,24446.070281909993,24512.256278909994
2018-03-02,67.024002,HOLD,0.05858325958251953,1,24446.070281909993,24513.09428390999
2018-03-05,66.669998,HOLD,0.05736863613128662,1,24446.070281909993,24512.740279909995
2018-03-06,65.639999,HOLD,0.1199682354927063,1,24446.070281909993,24511.710280909992
2018-03-07,66.459999,HOLD,0.07451725006103516,1,24446.070281909993,24512.530280909992
2018-03-08,65.82,HOLD,0.06302988529205322,1,24446.070281909993,24511.890281909993
2018-03-09,65.433998,HOLD,0.07243812084197998,1,24446.070281909993,24511.504279909994
2018-03-12,69.101997,HOLD,0.010593056678771973,1,24446.070281909993,24515.172278909995
2018-03-13,68.367996,HOLD,0.03771120309829712,1,24446.070281909993,24514.438277909994
2018-03-14,65.325996,HOLD,0.06257271766662598,1,24446.070281909993,24511.396277909993
2018-03-15,65.120003,HOLD,0.07039827108383179,1,24446.070281909993,24511.190284909993
2018-03-16,64.269997,HOLD,0.018297672271728516,1,24446.070281909993,24510.340278909993
2018-03-19,62.712002,HOLD,0.0015364289283752441,1,24446.070281909993,24508.782283909994
2018-03-20,62.110001,HOLD,0.009691894054412842,1,24446.070281909993,24508.180282909994
2018-03-21,63.306,HOLD,0.019324064254760742,1,24446.070281909993,24509.376281909994
2018-03-22,61.82,HOLD,0.024700939655303955,1,24446.070281909993,24507.890281909993
2018-03-23,60.307999,HOLD,0.033293724060058594,1,24446.070281909993,24506.378280909994
2018-03-26,60.835999,HOLD,0.0098191499710083,1,24446.070281909993,24506.906280909992
2018-03-27,55.835999,HOLD,0.0017446279525756836,1,24446.070281909993,24501.906280909992
2018-03-28,51.556,HOLD,0.024280190467834473,1,24446.070281909993,24497.626281909994
2018-03-29,53.226002,HOLD,0.048244476318359375,1,24446.070281909993,24499.296283909993
2018-04-02,50.495998,HOLD,0.1002802848815918,1,24446.070281909993,24496.566279909992
2018-04-03,53.506001,HOLD,0.09613382816314697,1,24446.070281909993,24499.576282909995
2018-04-04,57.388,HOLD,0.060013413429260254,1,24446.070281909993,24503.458281909992
2018-04-05,61.144001,HOLD,0.0345994234085083,1,24446.070281909993,24507.214282909994
2018-04-06,59.860001,HOLD,0.029353022575378418,1,24446.070281909993,24505.930282909994
2018-04-09,57.931999,HOLD,0.015510916709899902,1,24446.070281909993,24504.002280909994
2018-04-10,60.939999,HOLD,0.04300260543823242,1,24446.070281909993,24507.01028090999
2018-04-11,60.186001,HOLD,0.05545186996459961,1,24446.070281909993,24506.25628290999
2018-04-12,58.816002,HOLD,0.03985297679901123,1,24446.070281909993,24504.886283909993
2018-04-13,60.068001,HOLD,0.06414449214935303,1,24446.070281909993,24506.138282909993
2018-04-16,58.242001,HOLD,0.091194748878479,1,24446.070281909993,24504.312282909992
2018-04-17,57.537998,HOLD,0.08314645290374756,1,24446.070281909993,24503.608279909993
2018-04-18,58.669998,HOLD,0.10250568389892578,1,24446.070281909993,24504.740279909995
2018-04-19,60.015999,HOLD,0.1264650821685791,1,24446.070281909993,24506.086280909993
2018-04-20,58.048,HOLD,0.17134904861450195,1,24446.070281909993,24504.118281909992
2018-04-23,56.674,HOLD,0.17322254180908203,1,24446.070281909993,24502.744281909992
2018-04-24,56.692001,BUY,0.22660255432128906,389,2229.6089300299936,24502.762282909993
2018-04-25,56.138,BUY,0.23682355880737305,424,245.13063002999365,24067.290930029994
2018-04-26,57.096001,BUY,0.30866003036499023,427,72.12974699999364,24453.835054029994
2018-04-27,58.816002,BUY,0.29907989501953125,428,12.725584979993641,25186.562600999994
2018-04-30,58.779999,HOLD,0.24886727333068848,428,12.725584979993641,25170.565156979992
2018-05-01,59.984001,HOLD,0.14745211601257324,428,12.725584979993641,25685.878012979996
2018-05-02,60.23,HOLD,0.21287131309509277,428,12.725584979993641,25791.165584979994
2018-05-03,56.889999,HOLD,0.24280774593353271,428,12.725584979993641,24361.645156979997
2018-05-04,58.818001,HOLD,0.13961386680603027,428,12.725584979993641,25186.830012979997
2018-05-07,60.554001,HOLD,0.07033562660217285,428,12.725584979993641,25929.838012979995
2018-05-08,60.394001,HOLD,0.047106266021728516,428,12.725584979993641,25861.358012979996
2018-05-09,61.369999,HOLD,0.020677685737609863,428,12.725584979993641,26279.085156979996
2018-05-10,61.004002,HOLD,0.036981046199798584,428,12.725584979993641,26122.438440979993
2018-05-11,60.212002,HOLD,0.00954294204711914,428,12.725584979993641,25783.462440979994
2018-05-14,58.394001,HOLD,0.024583876132965088,428,12.725584979993641,25005.358012979996
2018-05-15,56.835999,HOLD,0.05313652753829956,428,12.725584979993641,24338.533156979996
2018-05-16,57.296001,HOLD,0.04293471574783325,428,12.725584979993641,24535.414012979993
2018-05-17,56.908001,HOLD,0.047151803970336914,428,12.725584979993641,24369.350012979994
2018-05-18,55.363998,HOLD,0.05388081073760986,428,12.725584979993641,23708.516728979997
2018-05-21,56.897999,HOLD,0.06754744052886963,428,12.725584979993641,24365.069156979993
2018-05-22,55.001999,HOLD,0.04235529899597168,428,12.725584979993641,23553.581156979995
2018-05-23,55.813999,HOLD,0.022079288959503174,428,12.725584979993641,23901.117156979995
2018-05-24,55.57,HOLD,0.05073457956314087,428,12.725584979993641,23796.685584979994
2018-05-25,55.77,HOLD,0.0923270583152771,428,12.725584979993641,23882.285584979996
2018-05-29,56.751999,HOLD,0.16028553247451782,428,12.725584979993641,24302.581156979995
2018-05-30,58.344002,HOLD,0.1307917833328247,428,12.725584979993641,24983.958440979997
2018-05-31,56.945999,HOLD,0.11620384454727173,428,12.725584979993641,24385.613156979995
2018-06-01,58.363998,HOLD,0.14961224794387817,428,12.725584979993641,24992.516728979997
2018-06-04,59.348,HOLD,0.04181391000747681,428,12.725584979993641,25413.669584979994
2018-06-05,58.226002,HOLD,0.07092106342315674,428,12.725584979993641,24933.454440979996
2018-06-06,63.900002,HOLD,0.0885743498802185,428,12.725584979993641,27361.926440979994
2018-06-07,63.217999,HOLD,0.10595452785491943,428,12.725584979993641,27070.029156979996
2018-06-08,63.532001,HOLD,0.08371788263320923,428,12.725584979993641,27204.422012979994
2018-06-11,66.419998,HOLD,0.047314465045928955,428,12.725584979993641,28440.484728979998
2018-06-12,68.554001,HOLD,0.06576049327850342,428,12.725584979993641,29353.838012979995
2018-06-13,68.956001,HOLD,0.07897883653640747,428,12.725584979993641,29525.894012979996
2018-06-14,71.543999,HOLD,0.007292389869689941,428,12.725584979993641,30633.557156979994
2018-06-15,71.634003,HOLD,0.0021469593048095703,428,12.725584979993641,30672.07886898
2018-06-18,74.166,HOLD,0.012401044368743896,428,12.725584979993641,31755.773584979994
2018-06-19,70.510002,HOLD,0.004310548305511475,428,12.725584979993641,30191.006440979996
2018-06-20,72.444,HOLD,0.00907135009765625,428,12.725584979993641,31018.757584979998
2018-06-21,69.501999,HOLD,0.08199775218963623,428,12.725584979993641,29759.581156979995
2018-06-22,66.725998,HOLD,0.07605326175689697,428,12.725584979993641,28571.452728979995
2018-06-25,66.601997,HOLD,0.015214860439300537,428,12.725584979993641,28518.380300979992
2018-06-26,68.400002,HOLD,0.022112250328063965,428,12.725584979993641,29287.926440979994
2018-06-27,68.900002,HOLD,0.026077628135681152,428,12.725584979993641,29501.926440979994
2018-06-28,69.986,HOLD,0.06904196739196777,428,12.725584979993641,29966.733584979997
2018-06-29,68.589996,HOLD,0.08555465936660767,428,12.725584979993641,29369.243872979994
2018-07-02,67.014,HOLD,0.10579627752304077,428,12.725584979993641,28694.717584979993
2018-07-03,62.172001,HOLD,0.13468801975250244,428,12.725584979993641,26622.342012979996
2018-07-05,61.832001,HOLD,0.02145862579345703,428,12.725584979993641,26476.822012979996
2018-07-06,61.779999,HOLD,0.014145195484161377,428,12.725584979993641,26454.565156979992
2018-07-09,63.702,HOLD,0.0041964054107666016,428,12.725584979993641,27277.181584979993
2018-07-10,64.494003,HOLD,0.0294114351272583,428,12.725584979993641,27616.158868979997
2018-07-11,63.792,HOLD,0.006654918193817139,428,12.725584979993641,27315.701584979997
2018-07-12,63.341999,HOLD,0.015704333782196045,428,12.725584979993641,27123.101156979996
2018-07-13,63.773998,HOLD,0.012161016464233398,428,12.725584979993641,27307.996728979993
2018-07-16,62.02,HOLD,0.0029401779174804688,428,12.725584979993641,26557.285584979996
2018-07-17,64.538002,HOLD,0.04487431049346924,428,12.725584979993641,27634.990440979996
2018-07-18,64.769997,HOLD,0.00026869773864746094,428,12.725584979993641,27734.284300979998
2018-07-19,64.045998,HOLD,0.021806001663208008,428,12.725584979993641,27424.412728979994
2018-07-20,62.716,HOLD,0.04808187484741211,428,12.725584979993641,26855.173584979995
2018-07-23,60.639999,HOLD,0.030002474784851074,428,12.725584979993641,25966.645156979997
2018-07-24,59.486,HOLD,0.0018755197525024414,428,12.725584979993641,25472.733584979993
2018-07-25,61.748001,HOLD,0.006913244724273682,428,12.725584979993641,26440.870012979994
2018-07-26,61.330002,HOLD,0.00927823781967163,428,12.725584979993641,26261.966440979995
2018-07-27,59.436001,HOLD,0.028935909271240234,428,12.725584979993641,25451.334012979994
2018-07-30,58.034,HOLD,0.0046041011810302734,428,12.725584979993641,24851.277584979995
2018-07-31,59.627998,HOLD,0.011969923973083496,428,12.725584979993641,25533.508728979996
2018-08-01,60.167999,HOLD,0.03201746940612793,428,12.725584979993641,25764.629156979994
2018-08-02,69.907997,HOLD,0.0017225146293640137,428,12.725584979993641,29933.348300979993
2018-08-03,69.634003,HOLD,0.0712592601776123,428,12.725584979993641,29816.07886898
2018-08-06,68.398003,HOLD,0.11780416965484619,428,12.725584979993641,29287.070868979998
2018-08-07,75.914001,HOLD,0.11438226699829102,428,12.725584979993641,32503.918012979993
2018-08-08,74.068001,HOLD,0.06670892238616943,428,12.725584979993641,31713.830012979994
2018-08-09,70.489998,HOLD,0.017882466316223145,428,12.725584979993641,30182.444728979994
2018-08-10,71.098,HOLD,0.03812474012374878,428,12.725584979993641,30442.669584979994
2018-08-13,71.281998,HOLD,0.08508878946304321,428,12.725584979993641,30521.420728979996
2018-08-14,69.528,HOLD,0.0366520881652832,428,12.725584979993641,29770.70958498
2018-08-15,67.737999,HOLD,0.024166643619537354,428,12.725584979993641,29004.589156979997
2018-08-16,67.089996,HOLD,0.011345505714416504,428,12.725584979993641,28727.243872979994
2018-08-17,61.099998,HOLD,0.037937164306640625,428,12.725584979993641,26163.524728979995
2018-08-20,61.688,HOLD,0.007892370223999023,428,12.725584979993641,26415.189584979995
2018-08-21,64.379997,HOLD,0.0204392671585083,428,12.725584979993641,27567.364300979996
2018-08-22,64.328003,HOLD,0.022181391716003418,428,12.725584979993641,27545.11086897999
2018-08-23,64.019997,HOLD,0.05832517147064209,428,12.725584979993641,27413.284300979998
2018-08-24,64.564003,HOLD,0.030526161193847656,428,12.725584979993641,27646.118868979996
2018-08-27,63.854,HOLD,0.06898349523544312,428,12.725584979993641,27342.237584979994
2018-08-28,62.372002,SELL,0.20055890083312988,86,21130.638022139996,26707.942440979994
2018-08-29,61.001999,SELL,0.2554030418395996,18,25237.292594819995,26376.809936139995
2018-08-30,60.630001,HOLD,0.17159509658813477,18,25237.292594819995,26328.632612819994
2018-08-31,60.332001,HOLD,0.16037756204605103,18,25237.292594819995,26323.268612819997
2018-09-04,57.790001,SELL,0.20105963945388794,4,26038.262008679994,26277.512612819995
2018-09-05,56.147999,HOLD,0.10014694929122925,4,26038.262008679994,26262.854004679994
2018-09-06,56.189999,HOLD,0.016423344612121582,4,26038.262008679994,26263.022004679995
2018-09-07,52.647999,HOLD,0.050020813941955566,4,26038.262008679994,26248.854004679994
2018-09-10,57.099998,HOLD,0.029436588287353516,4,26038.262008679994,26266.662000679993
2018-09-11,55.888,HOLD,0.0008192062377929688,4,26038.262008679994,26261.814008679994
2018-09-12,58.108002,HOLD,0.04613661766052246,4,26038.262008679994,26270.694016679994
2018-09-13,57.891998,HOLD,0.09946739673614502,4,26038.262008679994,26269.830000679995
2018-09-14,59.040001,HOLD,0.07224303483963013,4,26038.262008679994,26274.422012679996
2018-09-17,58.967999,HOLD,0.08497929573059082,4,26038.262008679994,26274.134004679996
2018-09-18,56.992001,HOLD,0.025151371955871582,4,26038.262008679994,26266.230012679993
2018-09-19,59.804001,HOLD,0.00633084774017334,4,26038.262008679994,26277.478012679996
2018-09-20,59.666,HOLD,0.016729116439819336,4,26038.262008679994,26276.926008679995
2018-09-21,59.82,HOLD,0.02247452735900879,4,26038.262008679994,26277.542008679993
2018-09-24,59.936001,HOLD,0.034530580043792725,4,26038.262008679994,26278.006012679994
2018-09-25,60.198002,HOLD,0.042277753353118896,4,26038.262008679994,26279.054016679995
2018-09-26,61.916,HOLD,0.05829155445098877,4,26038.262008679994,26285.926008679995
2018-09-27,61.504002,HOLD,0.05408132076263428,4,26038.262008679994,26284.278016679993
2018-09-28,52.953999,HOLD,0.10613054037094116,4,26038.262008679994,26250.078004679996
2018-10-01,62.139999,HOLD,0.12635499238967896,4,26038.262008679994,26286.822004679994
2018-10-02,60.203999,SELL,0.21216922998428345,1,26217.067885709996,26279.078004679996
2018-10-03,58.959999,HOLD,0.10657113790512085,1,26217.067885709996,26276.027884709994
2018-10-04,56.366001,HOLD,0.1930190920829773,1,26217.067885709996,26273.433886709994
2018-10-05,52.389999,HOLD,0.10555940866470337,1,26217.067885709996,26269.457884709995
2018-10-08,50.112,HOLD,0.0330042839050293,1,26217.067885709996,26267.179885709997
2018-10-09,52.560001,HOLD,0.08615624904632568,1,26217.067885709996,26269.627886709997
2018-10-10,51.375999,HOLD,0.044305384159088135,1,26217.067885709996,26268.443884709995
2018-10-11,50.445999,HOLD,0.11495375633239746,1,26217.067885709996,26267.513884709995
2018-10-12,51.756001,HOLD,0.06199914216995239,1,26217.067885709996,26268.823886709997
2018-10-15,51.917999,HOLD,0.08063626289367676,1,26217.067885709996,26268.985884709997
2018-10-16,55.318001,HOLD,0.14751291275024414,1,26217.067885709996,26272.385886709995
2018-10-17,54.355999,HOLD,0.05133014917373657,1,26217.067885709996,26271.423884709995
2018-10-18,52.782001,HOLD,0.06623870134353638,1,26217.067885709996,26269.849886709995
2018-10-19,52.0,HOLD,0.09387010335922241,1,26217.067885709996,26269.067885709996
2018-10-22,52.189999,HOLD,0.10051882266998291,1,26217.067885709996,26269.257884709994
2018-10-23,58.827999,HOLD,0.17487657070159912,1,26217.067885709996,26275.895884709997
2018-10-24,57.700001,SELL,0.22251051664352417,1,26217.067885709996,26274.767886709997
2018-10-25,62.972,SELL,0.3010280728340149,1,26217.067885709996,26280.039885709997
2018-10-26,66.18,SELL,0.29874473810195923,1,26217.067885709996,26283.247885709996
2018-10-29,66.970001,HOLD,0.19530624151229858,1,26217.067885709996,26284.037886709997
2018-10-30,65.980003,HOLD,0.06217765808105469,1,26217.067885709996,26283.047888709996
2018-10-31,67.463997,HOLD,0.005669593811035156,1,26217.067885709996,26284.531882709995
2018-11-01,68.856003,HOLD,0.09880328178405762,1,26217.067885709996,26285.923888709996
2018-11-02,69.281998,HOLD,0.07066535949707031,1,26217.067885709996,26286.349883709994
2018-11-05,68.279999,HOLD,0.14781522750854492,1,26217.067885709996,26285.347884709994
2018-11-06,68.211998,HOLD,0.16400551795959473,1,26217.067885709996,26285.279883709994
2018-11-07,69.632004,BUY,0.21703803539276123,339,2446.094360189996,26286.699889709995
2018-11-08,70.279999,BUY,0.2322484254837036,370,245.62759149999602,26271.014021189996
2018-11-09,70.101997,HOLD,0.12012553215026855,370,245.62759149999602,26183.366481499997
2018-11-12,66.255997,HOLD,0.0896902084350586,370,245.62759149999602,24760.346481499993
2018-11-13,67.746002,HOLD,0.1965101957321167,370,245.62759149999602,25311.648331499997
2018-11-14,68.800003,BUY,0.28504478931427,373,37.163582409995996,25701.628701499998
2018-11-15,69.688004,HOLD,0.32559752464294434,373,37.163582409995996,26030.78907441
2018-11-16,70.862,HOLD,0.16125822067260742,373,37.163582409995996,26468.689582409996
2018-11-19,70.694,HOLD,0.08081400394439697,373,37.163582409995996,26406.02558241
2018-11-20,69.498001,HOLD,0.07620155811309814,373,37.163582409995996,25959.917955409997
2018-11-21,67.638,HOLD,0.034684062004089355,373,37.163582409995996,25266.13758241
2018-11-23,65.166,HOLD,0.015942811965942383,373,37.163582409995996,24344.081582409995
2018-11-26,69.199997,HOLD,0.11382663249969482,373,37.163582409995996,25848.762463409996
2018-11-27,68.783997,HOLD,0.05500972270965576,373,37.163582409995996,25693.594463409998
2018-11-28,69.573997,HOLD,0.05775374174118042,373,37.163582409995996,25988.26446341
2018-11-29,68.234001,HOLD,0.08278656005859375,373,37.163582409995996,25488.44595541
2018-11-30,70.096001,HOLD,0.046369850635528564,373,37.163582409995996,26182.971955409997
2018-12-03,71.697998,HOLD,0.06423264741897583,373,37.163582409995996,26780.516836409995
2018-12-04,71.940002,HOLD,0.08245724439620972,373,37.163582409995996,26870.78432841
2018-12-06,72.612,HOLD,0.09151661396026611,373,37.163582409995996,27121.439582409996
2018-12-07,71.594002,HOLD,0.10468816757202148,373,37.163582409995996,26741.726328409997
2018-12-10,73.029999,HOLD,0.0641736388206482,373,37.163582409995996,27277.353209409997
2018-12-11,73.351997,HOLD,0.05607789754867554,373,37.163582409995996,27397.458463409996
2018-12-12,73.32,HOLD,0.06557369232177734,373,37.163582409995996,27385.523582409995
2018-12-13,75.358002,HOLD,0.05143439769744873,373,37.163582409995996,28145.69832841
2018-12-14,73.141998,HOLD,0.08225768804550171,373,37.163582409995996,27319.128836409996
2018-12-17,69.683998,HOLD,0.08877670764923096,373,37.163582409995996,26029.294836409998
2018-12-18,67.405998,HOLD,0.08045822381973267,373,37.163582409995996,25179.600836409998
2018-12-19,66.594002,HOLD,0.035301148891448975,373,37.163582409995996,24876.726328409997
2018-12-20,63.076,HOLD,0.041486144065856934,373,37.163582409995996,23564.51158241
2018-12-21,63.953999,HOLD,0.005266785621643066,373,37.163582409995996,23892.00520941
2018-12-24,59.077999,HOLD,0.02546513080596924,373,37.163582409995996,22073.257209409996
2018-12-26,65.218002,HOLD,0.001431107521057129,373,37.163582409995996,24363.478328409998
2018-12-27,63.226002,HOLD,0.034544289112091064,373,37.163582409995996,23620.462328409998
2018-12-28,66.774002,HOLD,0.10341799259185791,373,37.163582409995996,24943.866328409997
2018-12-31,66.559998,HOLD,0.14995509386062622,373,37.163582409995996,24864.042836409993
2019-01-02,62.023998,HOLD,0.13652491569519043,373,37.163582409995996,23172.114836409997
2019-01-03,60.071999,HOLD,0.1549762487411499,373,37.163582409995996,22444.01920941
2019-01-04,63.537998,HOLD,0.09618645906448364,373,37.163582409995996,23736.83683641
2019-01-07,66.991997,HOLD,0.0786736011505127,373,37.163582409995996,25025.178463409997
2019-01-08,67.07,HOLD,0.08276587724685669,373,37.163582409995996,25054.273582409995
2019-01-09,67.706001,HOLD,0.07354843616485596,373,37.163582409995996,25291.501955409996
2019-01-10,68.994003,HOLD,0.10821110010147095,373,37.163582409995996,25771.92670141
2019-01-11,69.452003,HOLD,0.10604667663574219,373,37.163582409995996,25942.76070141
2019-01-14,66.879997,HOLD,0.07054305076599121,373,37.163582409995996,24983.40246341
2019-01-15,68.886002,HOLD,0.04651486873626709,373,37.163582409995996,25731.64232841
2019-01-16,69.209999,HOLD,0.05505955219268799,373,37.163582409995996,25852.493209409997
2019-01-17,69.461998,HOLD,0.028891801834106445,373,37.163582409995996,25946.488836409997
2019-01-18,60.452,HOLD,0.048285484313964844,373,37.163582409995996,22585.759582409995
2019-01-22,59.784,HOLD,0.1452195644378662,373,37.163582409995996,22336.59558241
2019-01-23,57.518002,HOLD,0.10548853874206543,373,37.163582409995996,21491.37832841
2019-01-24,58.301998,HOLD,0.2168254852294922,373,37.163582409995996,21783.808836409997
2019-01-25,59.408001,HOLD,0.2891746759414673,373,37.163582409995996,22196.347955409998
2019-01-28,59.276001,HOLD,0.2040175199508667,373,37.163582409995996,22147.111955409997
2019-01-29,59.492001,HOLD,0.13883614540100098,373,37.163582409995996,22227.67995541
2019-01-30,61.754002,HOLD,0.25458478927612305,373,37.163582409995996,23071.406328409998
2019-01-31,61.403999,HOLD,0.2514173984527588,373,37.163582409995996,22940.855209409998
2019-02-01,62.442001,HOLD,0.17521882057189941,373,37.163582409995996,23328.02995541
2019-02-04,62.577999,HOLD,0.07633340358734131,373,37.163582409995996,23378.757209409996
2019-02-05,64.269997,HOLD,0.008228778839111328,373,37.163582409995996,24009.87246341
2019-02-06,63.444,HOLD,0.06725382804870605,373,37.163582409995996,23701.77558241
2019-02-07,61.501999,HOLD,0.03246814012527466,373,37.163582409995996,22977.409209409998
2019-02-08,61.16,HOLD,0.010533750057220459,373,37.163582409995996,22849.843582409998
2019-02-11,62.568001,HOLD,0.028269648551940918,373,37.163582409995996,23375.027955409998
2019-02-12,62.362,HOLD,0.09155082702636719,373,37.163582409995996,23298.18958241
2019-02-13,61.633999,HOLD,0.11652779579162598,373,37.163582409995996,23026.64520941
2019-02-14,60.754002,HOLD,0.08999818563461304,373,37.163582409995996,22698.406328409998
2019-02-15,61.576,HOLD,0.1351010799407959,373,37.163582409995996,23005.01158241
2019-02-19,61.127998,HOLD,0.16394031047821045,373,37.163582409995996,22837.90683641
2019-02-20,60.512001,HOLD,0.1790229082107544,373,37.163582409995996,22608.139955409995
2019-02-21,58.245998,HOLD,0.2017296552658081,373,37.163582409995996,21762.920836409998
2019-02-22,58.942001,HOLD,0.19144070148468018,373,37.163582409995996,22022.52995541
2019-02-25,59.754002,HOLD,0.1884760856628418,373,37.163582409995996,22325.406328409998
2019-02-26,59.571999,HOLD,0.0922236442565918,373,37.163582409995996,22257.51920941
2019-02-27,62.948002,HOLD,0.061524033546447754,373,37.163582409995996,23516.76832841
2019-02-28,63.976002,HOLD,0.010290741920471191,373,37.163582409995996,23900.212328409998
2019-03-01,58.958,HOLD,0.03282207250595093,373,37.163582409995996,22028.497582409997
2019-03-04,57.071999,HOLD,0.09358823299407959,373,37.163582409995996,21325.01920941
2019-03-05,55.307999,HOLD,0.061626553535461426,373,37.163582409995996,20667.047209409997
2019-03-06,55.248001,HOLD,0.02554774284362793,373,37.163582409995996,20644.667955409997
2019-03-07,55.318001,HOLD,0.0015115737915039062,373,37.163582409995996,20670.777955409998
2019-03-08,56.827999,HOLD,0.04697120189666748,373,37.163582409995996,21234.007209409996
2019-03-11,58.183998,HOLD,0.04981738328933716,373,37.163582409995996,21739.794836409998
2019-03-12,56.672001,HOLD,0.012383699417114258,373,37.163582409995996,21175.81995541
2019-03-13,57.792,HOLD,0.000809788703918457,373,37.163582409995996,21593.57958241
2019-03-14,57.992001,HOLD,0.00882023572921753,373,37.163582409995996,21668.17995541
2019-03-15,55.085999,HOLD,0.02106863260269165,373,37.163582409995996,20584.241209409996
2019-03-18,53.897999,HOLD,0.010932207107543945,373,37.163582409995996,20141.117209409997
2019-03-19,53.493999,HOLD,0.06187081336975098,373,37.163582409995996,19990.425209409997
2019-03-20,54.720001,HOLD,0.09899163246154785,373,37.163582409995996,20447.723955409998
2019-03-21,54.804001,HOLD,0.04731953144073486,373,37.163582409995996,20479.055955409996
2019-03-22,52.905998,HOLD,0.03465580940246582,373,37.163582409995996,19771.100836409998
2019-03-25,52.084,HOLD,0.0448307991027832,373,37.163582409995996,19464.49558241
2019-03-26,53.554001,HOLD,0.08746284246444702,373,37.163582409995996,20012.805955409996
2019-03-27,54.966,HOLD,0.051901161670684814,373,37.163582409995996,20539.481582409997
2019-03-28,55.723999,HOLD,0.03282254934310913,373,37.163582409995996,20822.21520941
2019-03-29,55.972,HOLD,0.06674200296401978,373,37.163582409995996,20914.719582409998
2019-04-01,57.835999,HOLD,0.03318911790847778,373,37.163582409995996,21609.991209409996
2019-04-02,57.175999,HOLD,0.054530203342437744,373,37.163582409995996,21363.811209409996
2019-04-03,58.362,HOLD,0.04652303457260132,373,37.163582409995996,21806.18958241
2019-04-04,53.556,HOLD,0.07919305562973022,373,37.163582409995996,20013.551582409997
2019-04-05,54.992001,HOLD,0.06286251544952393,373,37.163582409995996,20549.17995541
2019-04-08,54.639999,HOLD,0.035822927951812744,373,37.163582409995996,20417.88320941
2019-04-09,54.462002,HOLD,0.047213733196258545,373,37.163582409995996,20351.490328409996
2019-04-10,55.212002,HOLD,0.007166743278503418,373,37.163582409995996,20631.240328409996
2019-04-11,53.683998,HOLD,0.07007670402526855,373,37.163582409995996,20061.294836409998
2019-04-12,53.540001,HOLD,0.044389963150024414,373,37.163582409995996,20007.583955409995
2019-04-15,53.276001,HOLD,0.013750672340393066,373,37.163582409995996,19909.111955409997
2019-04-16,54.672001,HOLD,0.0031006336212158203,373,37.163582409995996,20429.81995541
2019-04-17,54.245998,HOLD,0.07074344158172607,373,37.163582409995996,20270.920836409998
2019-04-18,54.652,HOLD,0.19541800022125244,373,37.163582409995996,20422.359582409998
2019-04-22,52.549999,HOLD,0.06581926345825195,373,37.163582409995996,19638.313209409996
2019-04-23,52.779999,HOLD,0.0007522106170654297,373,37.163582409995996,19724.103209409997
2019-04-24,51.731998,HOLD,0.020641863346099854,373,37.163582409995996,19333.198836409996
2019-04-25,49.526001,HOLD,0.025904357433319092,373,37.163582409995996,18510.361955409997
2019-04-26,47.028,HOLD,0.04158151149749756,373,37.163582409995996,17578.607582409997
2019-04-29,48.293999,HOLD,0.09560805559158325,373,37.163582409995996,18050.82520941
2019-04-30,47.737999,HOLD,0.13250941038131714,373,37.163582409995996,17843.43720941
2019-05-01,46.801998,HOLD,0.06408053636550903,373,37.163582409995996,17494.308836409997
2019-05-02,48.82,HOLD,0.027759790420532227,373,37.163582409995996,18247.02358241
2019-05-03,51.006001,HOLD,0.06028705835342407,373,37.163582409995996,19062.401955409998
2019-05-06,51.068001,HOLD,0.06065511703491211,373,37.163582409995996,19085.527955409998
2019-05-07,49.411999,HOLD,0.09629231691360474,373,37.163582409995996,18467.839209409998
2019-05-08,48.967999,HOLD,0.04928618669509888,373,37.163582409995996,18302.227209409997
2019-05-09,48.396,HOLD,0.019059062004089355,373,37.163582409995996,18088.871582409996
2019-05-10,47.903999,HOLD,0.0034346580505371094,373,37.163582409995996,17905.355209409998
2019-05-13,45.402,HOLD,0.0015459656715393066,373,37.163582409995996,16972.109582409998
2019-05-14,46.462002,HOLD,0.01988738775253296,373,37.163582409995996,17367.490328409996
2019-05-15,46.389999,HOLD,0.003940582275390625,373,37.163582409995996,17340.63320941
2019-05-16,45.666,HOLD,0.03701353073120117,373,37.163582409995996,17070.581582409995
2019-05-17,42.206001,HOLD,0.05080997943878174,373,37.163582409995996,15780.001955409996
2019-05-20,41.071999,HOLD,0.06899261474609375,373,37.163582409995996,15357.019209409995
2019-05-21,41.015999,HOLD,0.10283815860748291,373,37.163582409995996,15336.131209409996
2019-05-22,38.546001,HOLD,0.11496400833129883,373,37.163582409995996,14414.821955409994
2019-05-23,39.098,HOLD,0.10109710693359375,373,37.163582409995996,14620.717582409996
2019-05-24,38.125999,HOLD,0.06787574291229248,373,37.163582409995996,14258.161209409996
2019-05-28,37.740002,HOLD,0.043100595474243164,373,37.163582409995996,14114.184328409994
2019-05-29,37.972,HOLD,0.0030298233032226562,373,37.163582409995996,14200.719582409996
2019-05-30,37.644001,HOLD,0.025325417518615723,373,37.163582409995996,14078.375955409996
2019-05-31,37.032001,HOLD,0.05189704895019531,373,37.163582409995996,13850.099955409996
2019-06-03,35.793999,HOLD,0.0720062255859375,373,37.163582409995996,13388.325209409995
2019-06-04,38.720001,HOLD,0.08343613147735596,373,37.163582409995996,14479.723955409998
2019-06-05,39.318001,HOLD,0.062422990798950195,373,37.163582409995996,14702.777955409996
2019-06-06,41.189999,HOLD,0.062493085861206055,373,37.163582409995996,15401.033209409996
2019-06-07,40.900002,HOLD,0.08577477931976318,373,37.163582409995996,15292.864328409996
2019-06-10,42.576,HOLD,0.1062307357788086,373,37.163582409995996,15918.011582409996
2019-06-11,43.419998,HOLD,0.06005895137786865,373,37.163582409995996,16232.822836409996
2019-06-12,41.852001,HOLD,0.1136777400970459,373,37.163582409995996,15647.959955409997
2019-06-13,42.782001,HOLD,0.10404706001281738,373,37.163582409995996,15994.849955409996
2019-06-14,42.984001,HOLD,0.10488617420196533,373,37.163582409995996,16070.195955409996
2019-06-17,45.006001,HOLD,0.12823474407196045,373,37.163582409995996,16824.401955409998
2019-06-18,44.948002,HOLD,0.15437722206115723,373,37.163582409995996,16802.76832841
2019-06-19,45.285999,HOLD,0.1820279359817505,373,37.163582409995996,16928.841209409995
2019-06-20,43.924,HOLD,0.23464131355285645,373,37.163582409995996,16420.815582409996
2019-06-21,44.372002,HOLD,0.2736625671386719,373,37.163582409995996,16587.920328409997
2019-06-24,44.728001,HOLD,0.2685350179672241,373,37.163582409995996,16720.70795541
2019-06-25,43.952,HOLD,0.23144125938415527,373,37.163582409995996,16431.259582409995
2019-06-26,43.854,HOLD,0.2815983295440674,373,37.163582409995996,16394.705582409995
2019-06-27,44.568001,HOLD,0.3181796073913574,373,37.163582409995996,16661.027955409998
2019-06-28,44.692001,HOLD,0.2619425058364868,373,37.163582409995996,16707.27995541
2019-07-01,45.433998,HOLD,0.13738703727722168,373,37.163582409995996,16984.044836409998
2019-07-02,44.91,HOLD,0.049794793128967285,373,37.163582409995996,16788.593582409998
2019-07-03,46.98,HOLD,0.01465463638305664,373,37.163582409995996,17560.703582409995
2019-07-05,46.619999,HOLD,0.011852383613586426,373,37.163582409995996,17426.423209409997
2019-07-08,46.068001,HOLD,0.04330414533615112,373,37.163582409995996,17220.527955409998
2019-07-09,46.012001,HOLD,0.031681716442108154,373,37.163582409995996,17199.639955409995
2019-07-10,47.784,HOLD,0.03913521766662598,373,37.163582409995996,17860.59558241
2019-07-11,47.720001,HOLD,0.005845904350280762,373,37.163582409995996,17836.723955409998
2019-07-12,49.015999,HOLD,0.0030344128608703613,373,37.163582409995996,18320.13120941
2019-07-15,50.700001,HOLD,0.0741611123085022,373,37.163582409995996,18948.26395541
2019-07-16,50.476002,HOLD,0.043412208557128906,373,37.163582409995996,18864.712328409998
2019-07-17,50.972,HOLD,0.04491627216339111,373,37.163582409995996,19049.719582409998
2019-07-18,50.708,HOLD,0.004393815994262695,373,37.163582409995996,18951.247582409997
2019-07-19,51.636002,HOLD,0.015580713748931885,373,37.163582409995996,19297.39232841
2019-07-22,51.136002,HOLD,0.04433721303939819,373,37.163582409995996,19110.89232841
2019-07-23,52.034,HOLD,0.021748661994934082,373,37.163582409995996,19445.84558241
2019-07-24,52.976002,HOLD,0.029968321323394775,373,37.163582409995996,19797.212328409998
2019-07-25,45.764,HOLD,0.02212733030319214,373,37.163582409995996,17107.13558241
2019-07-26,45.608002,HOLD,0.015157759189605713,373,37.163582409995996,17048.94832841
2019-07-29,47.153999,HOLD,0.009466946125030518,373,37.163582409995996,17625.605209409998
2019-07-30,48.452,HOLD,0.045732319355010986,373,37.163582409995996,18109.759582409995
2019-07-31,48.321999,HOLD,0.037907302379608154,373,37.163582409995996,18061.26920941
2019-08-01,46.77,HOLD,0.010644793510437012,373,37.163582409995996,17482.37358241
2019-08-02,46.868,HOLD,0.047940850257873535,373,37.163582409995996,17518.927582409997
2019-08-05,45.664001,HOLD,0.0019339323043823242,373,37.163582409995996,17069.83595541
2019-08-06,46.150002,HOLD,0.005436301231384277,373,37.163582409995996,17251.114328409996
2019-08-07,46.683998,HOLD,0.022617578506469727,373,37.163582409995996,17450.294836409998
2019-08-08,47.66,HOLD,0.003598451614379883,373,37.163582409995996,17814.343582409998
2019-08-09,47.001999,HOLD,0.011546134948730469,373,37.163582409995996,17568.909209409998
2019-08-12,45.801998,HOLD,0.031206250190734863,373,37.163582409995996,17121.308836409997
2019-08-13,47.0,HOLD,0.014494061470031738,373,37.163582409995996,17568.163582409998
2019-08-14,43.924,HOLD,0.002413034439086914,373,37.163582409995996,16420.815582409996
2019-08-15,43.127998,HOLD,0.0014743804931640625,373,37.163582409995996,16123.906836409995
2019-08-16,43.987999,HOLD,0.08197146654129028,373,37.163582409995996,16444.68720941
2019-08-19,45.366001,HOLD,0.1649099588394165,373,37.163582409995996,16958.681955409997
2019-08-20,45.172001,HOLD,0.11685067415237427,373,37.163582409995996,16886.31995541
2019-08-21,44.166,HOLD,0.09387052059173584,373,37.163582409995996,16511.081582409995
2019-08-22,44.43,HOLD,0.12522512674331665,373,37.163582409995996,16609.553582409997
2019-08-23,42.279999,HOLD,0.05417835712432861,373,37.163582409995996,15807.603209409994
2019-08-26,43.0,HOLD,0.06893086433410645,373,37.163582409995996,16076.163582409996
2019-08-27,42.816002,HOLD,0.07400888204574585,373,37.163582409995996,16007.532328409994
2019-08-28,43.118,HOLD,0.030218660831451416,373,37.163582409995996,16120.177582409997
2019-08-29,44.341999,HOLD,0.07086122035980225,373,37.163582409995996,16576.729209409998
2019-08-30,45.122002,HOLD,0.07212615013122559,373,37.163582409995996,16867.670328409997
2019-09-03,45.001999,HOLD,0.10585039854049683,373,37.163582409995996,16822.909209409998
2019-09-04,44.136002,HOLD,0.16147661209106445,373,37.163582409995996,16499.89232841
2019-09-05,45.916,HOLD,0.11223143339157104,373,37.163582409995996,17163.831582409995
2019-09-06,45.490002,HOLD,0.07220464944839478,373,37.163582409995996,17004.934328409996
2019-09-09,46.358002,HOLD,0.14293891191482544,373,37.163582409995996,17328.69832841
2019-09-10,47.108002,HOLD,0.1252979040145874,373,37.163582409995996,17608.44832841
2019-09-11,49.419998,HOLD,0.031631529331207275,373,37.163582409995996,18470.822836409996
2019-09-12,49.174,HOLD,0.06885230541229248,373,37.163582409995996,18379.065582409996
2019-09-13,49.040001,HOLD,0.07469630241394043,373,37.163582409995996,18329.083955409995
2019-09-16,48.562,HOLD,0.08912920951843262,373,37.163582409995996,18150.789582409998
2019-09-17,48.958,HOLD,0.04135584831237793,373,37.163582409995996,18298.497582409997
2019-09-18,48.698002,HOLD,0.01647329330444336,373,37.163582409995996,18201.51832841
2019-09-19,49.32,HOLD,0.041939496994018555,373,37.163582409995996,18433.52358241
2019-09-20,48.124001,HOLD,0.04972577095031738,373,37.163582409995996,17987.415955409997
2019-09-23,48.245998,HOLD,0.009731173515319824,373,37.163582409995996,18032.920836409998
2019-09-24,44.641998,HOLD,0.045659422874450684,373,37.163582409995996,16688.628836409996
2019-09-25,45.740002,HOLD,0.0502544641494751,373,37.163582409995996,17098.184328409996
2019-09-26,48.512001,HOLD,0.037679195404052734,373,37.163582409995996,18132.139955409995
2019-09-27,48.425999,HOLD,0.05079066753387451,373,37.163582409995996,18100.061209409996
2019-09-30,48.174,HOLD,0.034153103828430176,373,37.163582409995996,18006.065582409996
2019-10-01,48.938,HOLD,0.11157745122909546,373,37.163582409995996,18291.037582409997
2019-10-02,48.625999,HOLD,0.050144076347351074,373,37.163582409995996,18174.66120941
2019-10-03,46.605999,HOLD,0.0132332444190979,373,37.163582409995996,17421.201209409995
2019-10-04,46.285999,HOLD,0.0907326340675354,373,37.163582409995996,17301.841209409995
2019-10-07,47.543999,HOLD,0.05647623538970947,373,37.163582409995996,17771.07520941
2019-10-08,48.009998,HOLD,0.027010023593902588,373,37.163582409995996,17944.89283641
2019-10-09,48.905998,HOLD,0.009514689445495605,373,37.163582409995996,18279.100836409998
2019-10-10,48.948002,HOLD,0.006724417209625244,373,37.163582409995996,18294.76832841
2019-10-11,49.577999,HOLD,0.017907321453094482,373,37.163582409995996,18529.757209409996
2019-10-14,51.391998,HOLD,0.05952334403991699,373,37.163582409995996,19206.378836409996
2019-10-15,51.577999,HOLD,0.06851792335510254,373,37.163582409995996,19275.757209409996
2019-10-16,51.950001,HOLD,0.0719839334487915,373,37.163582409995996,19414.51395541
2019-10-17,52.394001,HOLD,0.07463949918746948,373,37.163582409995996,19580.12595541
2019-10-18,51.389999,HOLD,0.07398658990859985,373,37.163582409995996,19205.63320941
2019-10-21,50.700001,HOLD,0.009238183498382568,373,37.163582409995996,18948.26395541
2019-10-22,51.116001,HOLD,0.12643176317214966,373,37.163582409995996,19103.431955409997
2019-10-23,50.936001,HOLD,0.06820398569107056,373,37.163582409995996,19036.291955409997
2019-10-24,59.936001,HOLD,0.059487760066986084,373,37.163582409995996,22393.291955409997
2019-10-25,65.625999,HOLD,0.15069395303726196,373,37.163582409995996,24515.661209409995
2019-10-28,65.542,SELL,0.21513158082962036,75,19373.364422409995,24484.32958241
2019-10-29,63.243999,HOLD,0.1509876251220703,75,19373.364422409995,24116.664347409995
2019-10-30,63.001999,HOLD,0.01742863655090332,75,19373.364422409995,24098.514347409997
2019-10-31,62.984001,HOLD,0.048149049282073975,75,19373.364422409995,24097.164497409995
2019-11-01,62.661999,HOLD,0.0731472373008728,75,19373.364422409995,24073.014347409997
2019-11-04,63.493999,HOLD,0.0351715087890625,75,19373.364422409995,24135.414347409995
2019-11-05,63.444,HOLD,0.023654162883758545,75,19373.364422409995,24131.664422409995
2019-11-06,65.316002,HOLD,0.0033103227615356445,75,19373.364422409995,24272.064572409996
2019-11-07,67.108002,HOLD,0.019563913345336914,75,19373.364422409995,24406.464572409997
2019-11-08,67.428001,HOLD,0.013067066669464111,75,19373.364422409995,24430.464497409994
2019-11-11,69.017998,HOLD,0.006938815116882324,75,19373.364422409995,24549.714272409998
2019-11-12,69.986,HOLD,0.017281830310821533,75,19373.364422409995,24622.314422409996
2019-11-13,69.222,HOLD,0.0014507770538330078,75,19373.364422409995,24565.014422409993
2019-11-14,69.870003,HOLD,0.025328636169433594,75,19373.364422409995,24613.614647409995
2019-11-15,70.433998,HOLD,0.05073392391204834,75,19373.364422409995,24655.914272409995
2019-11-18,69.998001,HOLD,0.029530644416809082,75,19373.364422409995,24623.214497409994
2019-11-19,71.903999,HOLD,0.06935709714889526,75,19373.364422409995,24766.164347409995
2019-11-20,70.444,SELL,0.20349276065826416,15,23557.738022409994,24656.664422409995
2019-11-21,70.966003,HOLD,0.10580700635910034,15,23557.738022409994,24622.228067409993
2019-11-22,66.608002,HOLD,0.007338762283325195,15,23557.738022409994,24556.858052409996
2019-11-25,67.267998,HOLD,0.060738444328308105,15,23557.738022409994,24566.757992409995
2019-11-26,65.783997,HOLD,0.06394720077514648,15,23557.738022409994,24544.497977409996
2019-11-27,66.258003,HOLD,0.04614377021789551,15,23557.738022409994,24551.608067409994
2019-11-29,65.987999,HOLD,0.007396817207336426,15,23557.738022409994,24547.558007409993
2019-12-02,66.973999,HOLD,0.0035398006439208984,15,23557.738022409994,24562.348007409993
2019-12-03,67.239998,HOLD,0.02651083469390869,15,23557.738022409994,24566.337992409994
2019-12-04,66.606003,HOLD,0.04357278347015381,15,23557.738022409994,24556.828067409995
2019-12-05,66.073997,HOLD,0.020444154739379883,15,23557.738022409994,24548.847977409994
2019-12-06,67.178001,HOLD,0.012602746486663818,15,23557.738022409994,24565.408037409994
2019-12-09,67.905998,HOLD,0.06644922494888306,15,23557.738022409994,24576.327992409995
2019-12-10,69.767998,HOLD,0.09520727396011353,15,23557.738022409994,24604.257992409995
2019-12-11,70.540001,HOLD,0.07783013582229614,15,23557.738022409994,24615.838037409994
2019-12-12,71.935997,HOLD,0.09069770574569702,15,23557.738022409994,24636.777977409994
2019-12-13,71.678001,HOLD,0.09035325050354004,15,23557.738022409994,24632.908037409994
2019-12-16,76.300003,HOLD,0.1333499550819397,15,23557.738022409994,24702.238067409995
2019-12-17,75.797997,HOLD,0.17133349180221558,15,23557.738022409994,24694.707977409995
2019-12-18,78.629997,HOLD,0.14918988943099976,15,23557.738022409994,24737.187977409994
2019-12-19,80.807999,HOLD,0.134404718875885,15,23557.738022409994,24769.858007409995
2019-12-20,81.117996,HOLD,0.08543789386749268,15,23557.738022409994,24774.507962409996
2019-12-23,83.844002,HOLD,0.10010355710983276,15,23557.738022409994,24815.398052409993
2019-12-24,85.050003,HOLD,0.07174557447433472,15,23557.738022409994,24833.488067409995
2019-12-26,86.188004,HOLD,0.06926470994949341,15,23557.738022409994,24850.558082409996
2019-12-27,86.075996,HOLD,0.13976788520812988,15,23557.738022409994,24848.877962409995
2019-12-30,82.940002,HOLD,0.14270150661468506,15,23557.738022409994,24801.838052409996
2019-12-31,83.666,HOLD,0.13430583477020264,15,23557.738022409994,24812.728022409996
2020-01-02,86.052002,HOLD,0.09970611333847046,15,23557.738022409994,24848.518052409996
2020-01-03,88.601997,HOLD,0.08944481611251831,15,23557.738022409994,24886.767977409996
2020-01-06,90.307999,HOLD,0.04718858003616333,15,23557.738022409994,24912.358007409995
2020-01-07,93.811996,HOLD,0.07569897174835205,15,23557.738022409994,24964.917962409992
2020-01-08,98.428001,HOLD,0.08221173286437988,15,23557.738022409994,25034.158037409994
2020-01-09,96.267998,HOLD,0.03830885887145996,15,23557.738022409994,25001.757992409995
2020-01-10,95.629997,HOLD,0.018369436264038086,15,23557.738022409994,24992.187977409994
2020-01-13,104.972,HOLD,0.002111077308654785,15,23557.738022409994,25132.318022409992
2020-01-14,107.584,HOLD,0.028253018856048584,15,23557.738022409994,25171.498022409993
2020-01-15,103.699997,HOLD,0.03227591514587402,15,23557.738022409994,25113.237977409994
2020-01-16,102.697998,HOLD,0.016444802284240723,15,23557.738022409994,25098.207992409993
2020-01-17,102.099998,HOLD,0.04769134521484375,15,23557.738022409994,25089.237992409995
2020-01-21,109.440002,HOLD,0.06633245944976807,15,23557.738022409994,25199.338052409996
2020-01-22,113.912003,HOLD,0.014142870903015137,15,23557.738022409994,25266.418067409995
2020-01-23,114.440002,HOLD,0.009469568729400635,15,23557.738022409994,25274.338052409996
2020-01-24,112.963997,HOLD,0.004892110824584961,15,23557.738022409994,25252.197977409993
2020-01-27,111.603996,HOLD,0.021355867385864258,15,23557.738022409994,25231.797962409993
2020-01-28,113.379997,HOLD,0.02718973159790039,15,23557.738022409994,25258.437977409994
2020-01-29,116.197998,HOLD,0.02368760108947754,15,23557.738022409994,25300.707992409993
2020-01-30,128.162003,HOLD,0.02955573797225952,15,23557.738022409994,25480.168067409995
2020-01-31,130.113998,HOLD,0.022266268730163574,15,23557.738022409994,25509.447992409994
2020-02-03,156.0,HOLD,0.04503750801086426,15,23557.738022409994,25897.738022409994
2020-02-04,177.412003,HOLD,0.08139532804489136,15,23557.738022409994,26218.918067409995
2020-02-05,146.940002,HOLD,0.012517988681793213,15,23557.738022409994,25761.838052409996
2020-02-06,149.792007,HOLD,0.02137160301208496,15,23557.738022409994,25804.618127409994
2020-02-07,149.613998,HOLD,0.02440166473388672,15,23557.738022409994,25801.947992409994
2020-02-10,154.255997,HOLD,0.006576061248779297,15,23557.738022409994,25871.577977409994
2020-02-11,154.876007,HOLD,0.015978455543518066,15,23557.738022409994,25880.878127409993
2020-02-12,153.457993,HOLD,0.020758509635925293,15,23557.738022409994,25859.607917409994
2020-02-13,160.800003,HOLD,0.0449448823928833,15,23557.738022409994,25969.738067409995
2020-02-14,160.005997,HOLD,0.06302106380462646,15,23557.738022409994,25957.827977409994
2020-02-18,171.679993,HOLD,0.09006619453430176,15,23557.738022409994,26132.937917409996
2020-02-19,183.483994,HOLD,0.08004868030548096,15,23557.738022409994,26309.997932409995
2020-02-20,179.882004,HOLD,0.13827502727508545,15,23557.738022409994,26255.968082409992
2020-02-21,180.199997,HOLD,0.13067901134490967,15,23557.738022409994,26260.737977409994
2020-02-24,166.757996,HOLD,0.19700491428375244,15,23557.738022409994,26059.107962409995
2020-02-25,159.981995,BUY,0.20208346843719482,147,2228.938449009991,25957.467947409994
2020-02-26,155.759995,HOLD,0.10182082653045654,147,2228.938449009991,25125.65771400999
2020-02-27,135.800003,HOLD,0.029628992080688477,147,2228.938449009991,22191.538890009993
2020-02-28,133.598007,HOLD,0.09364289045333862,147,2228.938449009991,21867.84547800999
2020-03-02,148.723999,HOLD,0.09678339958190918,147,2228.938449009991,24091.36630200999
2020-03-03,149.102005,HOLD,0.07428848743438721,147,2228.938449009991,24146.93318400999
2020-03-04,149.899994,HOLD,0.0007431507110595703,147,2228.938449009991,24264.23756700999
2020-03-05,144.908005,HOLD,0.13727498054504395,147,2228.938449009991,23530.41518400999
2020-03-06,140.695999,BUY,0.2240893840789795,161,239.49702314999104,22911.25030200999
2020-03-09,121.599998,BUY,0.22157931327819824,162,116.68102516999103,19817.09670114999
2020-03-10,129.065994,HOLD,0.17245829105377197,162,116.68102516999103,21025.372053169987
2020-03-11,126.846001,HOLD,0.08551740646362305,162,116.68102516999103,20665.73318716999
2020-03-12,112.110001,HOLD,0.16104769706726074,162,116.68102516999103,18278.50118716999
2020-03-13,109.323997,HOLD,0.07720637321472168,162,116.68102516999103,17827.16853916999
2020-03-16,89.014,HOLD,0.1118999719619751,162,116.68102516999103,14536.949025169992
2020-03-17,86.040001,HOLD,0.08447587490081787,162,116.68102516999103,14055.161187169992
2020-03-18,72.244003,HOLD,0.08958077430725098,162,116.68102516999103,11820.209511169993
2020-03-19,85.528,HOLD,0.04564046859741211,162,116.68102516999103,13972.217025169992
2020-03-20,85.505997,HOLD,0.03127586841583252,162,116.68102516999103,13968.65253916999
2020-03-23,86.858002,HOLD,0.02793264389038086,162,116.68102516999103,14187.677349169991
2020-03-24,101.0,HOLD,0.01047658920288086,162,116.68102516999103,16478.68102516999
2020-03-25,107.849998,HOLD,0.00486445426940918,162,116.68102516999103,17588.38070116999
2020-03-26,105.632004,HOLD,0.01767575740814209,162,116.68102516999103,17229.06567316999
2020-03-27,102.872002,HOLD,0.05245792865753174,162,116.68102516999103,16781.94534916999
2020-03-30,100.426003,HOLD,0.1251509189605713,162,116.68102516999103,16385.69351116999
2020-03-31,104.800003,HOLD,0.14809644222259521,162,116.68102516999103,17094.28151116999
2020-04-01,96.311996,HOLD,0.133431077003479,162,116.68102516999103,15719.22437716999
2020-04-02,90.893997,HOLD,0.08971917629241943,162,116.68102516999103,14841.508539169992
2020-04-03,96.001999,HOLD,0.14638233184814453,162,116.68102516999103,15669.004863169992
2020-04-06,103.248001,HOLD,0.15674328804016113,162,116.68102516999103,16842.85718716999
2020-04-07,109.089996,HOLD,0.13192236423492432,162,116.68102516999103,17789.26037716999
2020-04-08,109.767998,HOLD,0.1882094144821167,162,116.68102516999103,17899.09670116999
2020-04-09,114.599998,BUY,0.2589379549026489,162,116.68102516999103,18681.88070116999
2020-04-13,130.190002,HOLD,0.3290681838989258,162,116.68102516999103,21207.46134916999
2020-04-14,141.977997,HOLD,0.4007735252380371,162,116.68102516999103,23117.116539169987
2020-04-15,145.966003,HOLD,0.4430783987045288,162,116.68102516999103,23763.17351116999
2020-04-16,149.042007,HOLD,0.5484737157821655,162,116.68102516999103,24261.486159169992
2020-04-17,150.778,HOLD,0.6274011135101318,162,116.68102516999103,24542.71702516999
2020-04-20,149.272003,HOLD,0.662659764289856,162,116.68102516999103,24298.745511169993
2020-04-21,137.343994,HOLD,0.645301103591919,162,116.68102516999103,22366.40805316999
2020-04-22,146.421997,HOLD,0.5998945236206055,162,116.68102516999103,23837.04453916999
2020-04-23,141.126007,HOLD,0.6170984506607056,162,116.68102516999103,22979.09415916999
2020-04-24,145.029999,HOLD,0.6167049407958984,162,116.68102516999103,23611.54086316999
2020-04-27,159.75,HOLD,0.5412777662277222,162,116.68102516999103,25996.18102516999
2020-04-28,153.824005,HOLD,0.30725038051605225,162,116.68102516999103,25036.16983516999
2020-04-29,160.102005,HOLD,0.32605409622192383,162,116.68102516999103,26053.20583516999
2020-04-30,156.376007,HOLD,0.5323659181594849,162,116.68102516999103,25449.59415916999
2020-05-01,140.264008,HOLD,0.4981726408004761,162,116.68102516999103,22839.45032116999
2020-05-04,152.238007,HOLD,0.37678229808807373,162,116.68102516999103,24779.238159169992
2020-05-05,153.641998,HOLD,0.3468630313873291,162,116.68102516999103,25006.68470116999
2020-05-06,156.516006,HOLD,0.2745140790939331,162,116.68102516999103,25472.273997169992
2020-05-07,156.007996,HOLD,0.2972668409347534,162,116.68102516999103,25389.976377169987
2020-05-08,163.884003,HOLD,0.15321338176727295,162,116.68102516999103,26665.88951116999
2020-05-11,162.257996,HOLD,0.19198811054229736,162,116.68102516999103,26402.476377169987
2020-05-12,161.882004,HOLD,0.18995749950408936,162,116.68102516999103,26341.56567316999
2020-05-13,158.192001,HOLD,0.2074810266494751,162,116.68102516999103,25743.78518716999
2020-05-14,160.666,HOLD,0.17259931564331055,162,116.68102516999103,26144.57302516999
2020-05-15,159.834,HOLD,0.1683042049407959,162,116.68102516999103,26009.78902516999
2020-05-18,162.725998,HOLD,0.22745919227600098,162,116.68102516999103,26478.29270116999
2020-05-19,161.602005,HOLD,0.26754021644592285,162,116.68102516999103,26296.20583516999
2020-05-20,163.112,HOLD,0.22145533561706543,162,116.68102516999103,26540.82502516999
2020-05-21,165.520004,HOLD,0.2594928741455078,162,116.68102516999103,26930.92167316999
2020-05-22,163.376007,HOLD,0.17033040523529053,162,116.68102516999103,26583.59415916999
2020-05-26,163.774002,HOLD,0.116432785987854,162,116.68102516999103,26648.06934916999
2020-05-27,164.046005,HOLD,0.10634589195251465,162,116.68102516999103,26692.133835169992
2020-05-28,161.162003,HOLD,0.1286320686340332,162,116.68102516999103,26224.92551116999
2020-05-29,167.0,HOLD,0.15703439712524414,162,116.68102516999103,27170.68102516999
2020-06-01,179.619995,HOLD,0.22138702869415283,162,116.68102516999103,29215.120215169987
2020-06-02,176.311996,HOLD,0.19398367404937744,162,116.68102516999103,28679.22437716999
2020-06-03,176.591995,HOLD,0.1607666015625,162,116.68102516999103,28724.58421516999
2020-06-04,172.876007,HOLD,0.19507408142089844,162,116.68102516999103,28122.59415916999
2020-06-05,177.132004,HOLD,0.14912521839141846,162,116.68102516999103,28812.06567316999
2020-06-08,189.983994,HOLD,0.13404417037963867,162,116.68102516999103,30894.088053169988
2020-06-09,188.134003,HOLD,0.0967029333114624,162,116.68102516999103,30594.38951116999
2020-06-10,205.009995,HOLD,0.11735856533050537,162,116.68102516999103,33328.30021516999
2020-06-11,194.567993,HOLD,0.1323181390762329,162,116.68102516999103,31636.69589116999
2020-06-12,187.056,HOLD,0.06588971614837646,162,116.68102516999103,30419.75302516999
2020-06-15,198.179993,HOLD,0.01597011089324951,162,116.68102516999103,32221.839891169988
2020-06-16,196.425995,HOLD,0.010397553443908691,162,116.68102516999103,31937.69221516999
2020-06-17,198.358002,HOLD,0.004548847675323486,162,116.68102516999103,32250.67734916999
2020-06-18,200.792007,HOLD,0.005510449409484863,162,116.68102516999103,32644.986159169992
2020-06-19,200.179993,HOLD,0.037847280502319336,162,116.68102516999103,32545.839891169988
2020-06-22,198.863998,HOLD,0.0348353385925293,162,116.68102516999103,32332.64870116999
2020-06-23,200.356003,HOLD,0.07486093044281006,162,116.68102516999103,32574.35351116999
2020-06-24,192.169998,HOLD,0.020502567291259766,162,116.68102516999103,31248.22070116999
2020-06-25,197.195999,HOLD,0.07929611206054688,162,116.68102516999103,32062.43286316999
2020-06-26,191.947998,HOLD,0.08606076240539551,162,116.68102516999103,31212.25670116999
2020-06-29,201.869995,HOLD,0.03183329105377197,162,116.68102516999103,32819.62021516999
2020-06-30,215.962006,HOLD,0.009029269218444824,162,116.68102516999103,35102.52599716999
2020-07-01,223.925995,HOLD,0.0031501054763793945,162,116.68102516999103,36392.69221516999
2020-07-02,241.731995,HOLD,0.007445693016052246,162,116.68102516999103,39277.26421517
2020-07-06,274.31601,HOLD,0.03288865089416504,162,116.68102516999103,44555.87464516999
2020-07-07,277.971985,HOLD,0.07176846265792847,162,116.68102516999103,45148.14259516999
2020-07-08,273.175995,HOLD,0.08928519487380981,162,116.68102516999103,44371.19221516999
2020-07-09,278.855988,HOLD,0.03276330232620239,162,116.68102516999103,45291.351081169996
2020-07-10,308.929993,HOLD,0.03997540473937988,162,116.68102516999103,50163.33989117
2020-07-13,299.411987,HOLD,0.030739545822143555,162,116.68102516999103,48621.42291916999
2020-07-14,303.359985,HOLD,0.02486729621887207,162,116.68102516999103,49260.99859516999
2020-07-15,309.201996,HOLD,0.022879958152770996,162,116.68102516999103,50207.404377169994
2020-07-16,300.127991,HOLD,0.006864190101623535,162,116.68102516999103,48737.41556716999
2020-07-17,300.167999,HOLD,0.009506702423095703,162,116.68102516999103,48743.89686317
2020-07-20,328.600006,HOLD,0.013926506042480469,162,116.68102516999103,53349.88199716999
2020-07-21,313.671997,HOLD,0.04313862323760986,162,116.68102516999103,50931.54453916999
2020-07-22,318.466003,HOLD,0.05922365188598633,162,116.68102516999103,51708.173511169996
2020-07-23,302.614014,HOLD,0.07450497150421143,162,116.68102516999103,49140.15129316999
2020-07-24,283.399994,HOLD,0.07248032093048096,162,116.68102516999103,46027.480053169995
2020-07-27,307.920013,HOLD,0.013463973999023438,162,116.68102516999103,49999.723131169994
2020-07-28,295.298004,HOLD,0.007894456386566162,162,116.68102516999103,47954.95767316999
2020-07-29,299.821991,HOLD,0.013220667839050293,162,116.68102516999103,48687.84356717
2020-07-30,297.497986,HOLD,0.011526346206665039,162,116.68102516999103,48311.35475717
2020-07-31,286.152008,HOLD,0.0007125139236450195,162,116.68102516999103,46473.30632117
2020-08-03,297.0,HOLD,0.007439970970153809,162,116.68102516999103,48230.68102516999
2020-08-04,297.399994,HOLD,0.0073812007904052734,162,116.68102516999103,48295.480053169995
2020-08-05,297.003998,HOLD,0.03232574462890625,162,116.68102516999103,48231.328701169994
2020-08-06,297.915985,HOLD,0.023214519023895264,162,116.68102516999103,48379.07059516999
2020-08-07,290.541992,HOLD,0.0041435956954956055,162,116.68102516999103,47184.483729169995
2020-08-10,283.713989,HOLD,0.0643913745880127,162,116.68102516999103,46078.34724317
2020-08-11,274.877991,HOLD,0.0731813907623291,162,116.68102516999103,44646.91556716999
2020-08-12,310.951996,HOLD,0.0976186990737915,162,116.68102516999103,50490.904377169994
2020-08-13,324.200012,HOLD,0.06196880340576172,162,116.68102516999103,52637.08296917
2020-08-14,330.141998,HOLD,0.03746151924133301,162,116.68102516999103,53599.684701169994
2020-08-17,367.127991,HOLD,0.02472531795501709,162,116.68102516999103,59591.41556716999
2020-08-18,377.417999,HOLD,0.05363607406616211,162,116.68102516999103,61258.39686317
2020-08-19,375.705994,HOLD,0.10597825050354004,162,116.68102516999103,60981.05205316999
2020-08-20,400.365997,HOLD,0.11384904384613037,162,116.68102516999103,64975.97253916999
2020-08-21,409.996002,HOLD,0.11271154880523682,162,116.68102516999103,66536.03334916999
2020-08-24,402.839996,HOLD,0.15578055381774902,162,116.68102516999103,65376.760377169994
2020-08-25,404.667999,HOLD,0.13549304008483887,162,116.68102516999103,65672.89686317
2020-08-26,430.634003,HOLD,0.10408556461334229,162,116.68102516999103,69879.38951117
2020-08-27,447.75,HOLD,0.07590162754058838,162,116.68102516999103,72652.18102517
2020-08-28,442.679993,HOLD,0.05187880992889404,162,116.68102516999103,71830.83989116999
2020-08-31,498.320007,HOLD,0.031987667083740234,162,116.68102516999103,80844.52215917
2020-09-01,475.049988,HOLD,0.004534006118774414,162,116.68102516999103,77074.77908117
2020-09-02,447.369995,HOLD,0.023682355880737305,162,116.68102516999103,72590.62021517
2020-09-03,407.0,HOLD,0.02050340175628662,162,116.68102516999103,66050.68102517
2020-09-04,418.320007,HOLD,0.012067019939422607,162,116.68102516999103,67884.52215917
2020-09-08,330.209991,HOLD,0.045532047748565674,162,116.68102516999103,53610.69956716999
2020-09-09,366.279999,HOLD,0.03668743371963501,162,116.68102516999103,59454.04086316999
2020-09-10,371.339996,HOLD,0.025738835334777832,162,116.68102516999103,60273.760377169994
2020-09-11,372.720001,HOLD,0.04254317283630371,162,116.68102516999103,60497.32118717
2020-09-14,419.619995,HOLD,0.023551344871520996,162,116.68102516999103,68095.12021517
2020-09-15,449.76001,HOLD,0.057225823402404785,162,116.68102516999103,72977.80264517
2020-09-16,441.76001,HOLD,0.06954693794250488,162,116.68102516999103,71681.80264517
2020-09-17,423.429993,HOLD,0.019728779792785645,162,116.68102516999103,68712.33989116999
2020-09-18,442.149994,HOLD,0.025190353393554688,162,116.68102516999103,71744.98005316999
2020-09-21,449.390015,HOLD,0.0340116024017334,162,116.68102516999103,72917.86345517
2020-09-22,424.230011,HOLD,0.0374072790145874,162,116.68102516999103,68841.94280717
2020-09-23,380.359985,HOLD,0.0074422359466552734,162,116.68102516999103,61734.99859516999
2020-09-24,387.790009,HOLD,0.010979890823364258,162,116.68102516999103,62938.662483169996
2020-09-25,407.339996,HOLD,0.047511398792266846,162,116.68102516999103,66105.76037717
2020-09-28,421.200012,HOLD,0.06281435489654541,162,116.68102516999103,68351.08296916999
2020-09-29,419.070007,HOLD,0.014644980430603027,162,116.68102516999103,68006.02215917
2020-09-30,429.01001,HOLD,0.02077782154083252,162,116.68102516999103,69616.30264517
2020-10-01,448.160004,HOLD,0.08895003795623779,162,116.68102516999103,72718.60167317
2020-10-02,415.089996,HOLD,0.08394759893417358,162,116.68102516999103,67361.26037717
2020-10-05,425.679993,HOLD,0.10546481609344482,162,116.68102516999103,69076.83989116999
2020-10-06,413.980011,HOLD,0.05651247501373291,162,116.68102516999103,67181.44280717
2020-10-07,425.299988,HOLD,0.16678476333618164,162,116.68102516999103,69015.27908117
2020-10-08,425.920013,HOLD,0.1042792797088623,162,116.68102516999103,69115.72313116999
2020-10-09,434.0,HOLD,0.014615416526794434,162,116.68102516999103,70424.68102517
2020-10-12,442.299988,HOLD,0.0026472806930541992,162,116.68102516999103,71769.27908117
2020-10-13,446.649994,HOLD,0.006464958190917969,162,116.68102516999103,72473.98005316999
2020-10-14,461.299988,HOLD,0.06669390201568604,162,116.68102516999103,74847.27908117
2020-10-15,448.880005,HOLD,0.0174596905708313,162,116.68102516999103,72835.24183516999
2020-10-16,439.670013,HOLD,0.08247053623199463,162,116.68102516999103,71343.22313116999
2020-10-19,430.829987,HOLD,0.08314073085784912,162,116.68102516999103,69911.13891917
2020-10-20,421.940002,HOLD,0.05122411251068115,162,116.68102516999103,68470.96134916999
2020-10-21,422.640015,HOLD,0.010485708713531494,162,116.68102516999103,68584.36345517
2020-10-22,425.790009,HOLD,0.03405630588531494,162,116.68102516999103,69094.66248316999
2020-10-23,420.630005,HOLD,0.01883256435394287,162,116.68102516999103,68258.74183516999
2020-10-26,420.279999,HOLD,0.06338369846343994,162,116.68102516999103,68202.04086316998
2020-10-27,424.679993,HOLD,0.13291388750076294,162,116.68102516999103,68914.83989116999
2020-10-28,406.019989,HOLD,0.14609122276306152,162,116.68102516999103,65891.91924316999
2020-10-29,410.829987,HOLD,0.13375204801559448,162,116.68102516999103,66671.13891917
2020-10-30,388.040009,HOLD,0.10055863857269287,162,116.68102516999103,62979.162483169996
2020-11-02,400.51001,HOLD,0.07662111520767212,162,116.68102516999103,64999.30264517
2020-11-03,423.899994,HOLD,0.08105725049972534,162,116.68102516999103,68788.48005316999
2020-11-04,420.980011,HOLD,0.09037578105926514,162,116.68102516999103,68315.44280717
2020-11-05,438.089996,HOLD,0.12525594234466553,162,116.68102516999103,71087.26037717
2020-11-06,429.950012,HOLD,0.13962829113006592,162,116.68102516999103,69768.58296916999
2020-11-09,421.26001,HOLD,0.15353751182556152,162,116.68102516999103,68360.80264517
2020-11-10,410.359985,HOLD,0.141213059425354,162,116.68102516999103,66594.99859517
2020-11-11,417.130005,HOLD,0.11845862865447998,162,116.68102516999103,67691.74183516999
2020-11-12,411.76001,HOLD,0.09198009967803955,162,116.68102516999103,66821.80264517
2020-11-13,408.5,HOLD,0.07807004451751709,162,116.68102516999103,66293.68102517
2020-11-16,408.089996,HOLD,0.0643119215965271,162,116.68102516999103,66227.26037717
2020-11-17,441.609985,HOLD,0.04673057794570923,162,116.68102516999103,71657.49859517
2020-11-18,486.640015,HOLD,0.05401504039764404,162,116.68102516999103,78952.36345517
2020-11-19,499.269989,HOLD,0.1260150671005249,162,116.68102516999103,80998.41924316999
2020-11-20,489.609985,HOLD,0.1494511365890503,162,116.68102516999103,79433.49859517
2020-11-23,521.849976,HOLD,0.15807479619979858,162,116.68102516999103,84656.37713716998
2020-11-24,555.380005,HOLD,0.13373547792434692,162,116.68102516999103,90088.24183516999
2020-11-25,574.0,HOLD,0.14834344387054443,162,116.68102516999103,93104.68102517
2020-11-27,585.76001,HOLD,0.13343685865402222,162,116.68102516999103,95009.80264516998
2020-11-30,567.599976,HOLD,0.14277201890945435,162,116.68102516999103,92067.87713716998
2020-12-01,584.76001,HOLD,0.15856724977493286,162,116.68102516999103,94847.80264516998
2020-12-02,568.820007,HOLD,0.113675057888031,162,116.68102516999103,92265.52215917
2020-12-03,593.380005,HOLD,0.13410842418670654,162,116.68102516999103,96244.24183516999
2020-12-04,599.039978,HOLD,0.0982014536857605,162,116.68102516999103,97161.15746116999
2020-12-07,641.76001,HOLD,0.09061521291732788,162,116.68102516999103,104081.80264516998
2020-12-08,649.880005,HOLD,0.10377383232116699,162,116.68102516999103,105397.24183516999
2020-12-09,604.47998,HOLD,0.08638155460357666,162,116.68102516999103,98042.43778516998
2020-12-10,627.070007,HOLD,0.0824439525604248,162,116.68102516999103,101702.02215917
2020-12-11,609.98999,HOLD,0.11554783582687378,162,116.68102516999103,98935.05940517
2020-12-14,639.830017,HOLD,0.12138736248016357,162,116.68102516999103,103769.14377916999
2020-12-15,633.25,HOLD,0.11388778686523438,162,116.68102516999103,102703.18102517
2020-12-16,622.77002,HOLD,0.06911468505859375,162,116.68102516999103,101005.42426517
2020-12-17,655.900024,HOLD,0.03421902656555176,162,116.68102516999103,106372.48491317
2020-12-18,695.0,HOLD,0.04613006114959717,162,116.68102516999103,112706.68102517
2020-12-21,649.859985,HOLD,0.03597289323806763,162,116.68102516999103,105393.99859517001
2020-12-22,640.340027,HOLD,0.019431591033935547,162,116.68102516999103,103851.76539916999
2020-12-23,645.97998,HOLD,0.018264591693878174,162,116.68102516999103,104765.43778516998
2020-12-24,661.77002,HOLD,0.04232680797576904,162,116.68102516999103,107323.42426517
2020-12-28,663.690002,HOLD,0.07912707328796387,162,116.68102516999103,107634.46134917
2020-12-29,665.98999,HOLD,0.053019940853118896,162,116.68102516999103,108007.05940517
2020-12-30,694.780029,HOLD,0.07966333627700806,162,116.68102516999103,112671.04572317
2020-12-31,705.669983,HOLD,0.07023638486862183,162,116.68102516999103,114435.21827117
2021-01-04,729.77002,HOLD,0.12032759189605713,162,116.68102516999103,118339.42426517
2021-01-05,735.109985,HOLD,0.14227241277694702,162,116.68102516999103,119204.49859517001
2021-01-06,755.97998,HOLD,0.15020030736923218,162,116.68102516999103,122585.43778516998
2021-01-07,816.039978,HOLD,0.11901098489761353,162,116.68102516999103,132315.15746117
2021-01-08,880.02002,HOLD,0.1037779450416565,162,116.68102516999103,142679.92426517
2021-01-11,811.190002,HOLD,0.06579571962356567,162,116.68102516999103,131529.46134917001
2021-01-12,849.440002,HOLD,0.05086839199066162,162,116.68102516999103,137725.96134917001
2021-01-13,854.409973,HOLD,0.09570270776748657,162,116.68102516999103,138531.09665117
2021-01-14,845.0,HOLD,0.09351915121078491,162,116.68102516999103,137006.68102517
2021-01-15,826.159973,HOLD,0.17040801048278809,162,116.68102516999103,133954.59665117
2021-01-19,844.549988,HOLD,0.14038413763046265,162,116.68102516999103,136933.77908116998
2021-01-20,850.450012,HOLD,0.09452122449874878,162,116.68102516999103,137889.58296917
2021-01-21,844.98999,HOLD,0.048064351081848145,162,116.68102516999103,137005.05940517
2021-01-22,846.640015,HOLD,0.05387347936630249,162,116.68102516999103,137272.36345516998
2021-01-25,880.799988,HOLD,0.06966805458068848,162,116.68102516999103,142806.27908116998
2021-01-26,883.090027,HOLD,0.05836331844329834,162,116.68102516999103,143177.26539917
2021-01-27,864.159973,HOLD,0.11552679538726807,162,116.68102516999103,140110.59665117
2021-01-28,835.429993,HOLD,0.09726345539093018,162,116.68102516999103,135456.33989116998
2021-01-29,793.530029,HOLD,0.1402212381362915,162,116.68102516999103,128668.54572317
2021-02-01,839.809998,HOLD,0.07157057523727417,162,116.68102516999103,136165.90070116997
2021-02-02,872.789978,HOLD,0.07777392864227295,162,116.68102516999103,141508.65746117
2021-02-03,854.690002,HOLD,0.06608140468597412,162,116.68102516999103,138576.46134917001
2021-02-04,849.98999,HOLD,0.09919363260269165,162,116.68102516999103,137815.05940517
2021-02-05,852.22998,HOLD,0.1278802752494812,162,116.68102516999103,138177.93778516998
2021-02-08,863.419983,HOLD,0.0930337905883789,162,116.68102516999103,139990.71827117
2021-02-09,849.460022,HOLD,0.07858705520629883,162,116.68102516999103,137729.20458917
2021-02-10,804.820007,HOLD,0.07401984930038452,162,116.68102516999103,130497.52215917
2021-02-11,811.659973,HOLD,0.06820172071456909,162,116.68102516999103,131605.59665117
2021-02-12,816.119995,HOLD,0.06887805461883545,162,116.68102516999103,132328.12021517
2021-02-16,796.219971,HOLD,0.06768876314163208,162,116.68102516999103,129104.31632716999
2021-02-17,798.150024,HOLD,0.07807654142379761,162,116.68102516999103,129416.98491317
2021-02-18,787.380005,HOLD,0.08412408828735352,162,116.68102516999103,127672.24183516999
2021-02-19,781.299988,HOLD,0.10088735818862915,162,116.68102516999103,126687.27908117
2021-02-22,714.5,HOLD,0.10470181703567505,162,116.68102516999103,115865.68102517
2021-02-23,698.840027,HOLD,0.09751009941101074,162,116.68102516999103,113328.76539916999
2021-02-24,742.02002,HOLD,0.06901901960372925,162,116.68102516999103,120323.92426517
2021-02-25,682.219971,HOLD,0.06183183193206787,162,116.68102516999103,110636.31632716999
2021-02-26,675.5,HOLD,0.05056530237197876,162,116.68102516999103,109547.68102517
2021-03-01,718.429993,HOLD,0.1265115737915039,162,116.68102516999103,116502.33989116999
2021-03-02,686.440002,HOLD,0.12837260961532593,162,116.68102516999103,111319.96134917
2021-03-03,653.200012,HOLD,0.06690669059753418,162,116.68102516999103,105935.08296916999
2021-03-04,621.440002,HOLD,0.12025684118270874,162,116.68102516999103,100789.96134917
2021-03-05,597.950012,HOLD,0.08938014507293701,162,116.68102516999103,96984.58296916999
2021-03-08,563.0,HOLD,0.0732201337814331,162,116.68102516999103,91322.68102517
2021-03-09,673.580017,HOLD,0.05049973726272583,162,116.68102516999103,109236.64377916999
2021-03-10,668.059998,HOLD,0.024856150150299072,162,116.68102516999103,108342.40070116999
2021-03-11,699.599976,HOLD,0.051232755184173584,162,116.68102516999103,113451.87713716998
2021-03-12,693.72998,HOLD,0.05349934101104736,162,116.68102516999103,112500.93778516998
2021-03-15,707.940002,HOLD,0.03356367349624634,162,116.68102516999103,114802.96134917
2021-03-16,676.880005,HOLD,0.04474532604217529,162,116.68102516999103,109771.24183516999
2021-03-17,701.809998,HOLD,0.08110517263412476,162,116.68102516999103,113809.90070116999
2021-03-18,653.159973,HOLD,0.11295777559280396,162,116.68102516999103,105928.59665117
2021-03-19,654.869995,HOLD,0.10086601972579956,162,116.68102516999103,106205.62021517
2021-03-22,670.0,HOLD,0.08274072408676147,162,116.68102516999103,108656.68102517
2021-03-23,662.159973,HOLD,0.10482275485992432,162,116.68102516999103,107386.59665117
2021-03-24,630.27002,HOLD,0.043657541275024414,162,116.68102516999103,102220.42426517
2021-03-25,640.390015,HOLD,0.08846694231033325,162,116.68102516999103,103859.86345516998
2021-03-26,618.710022,HOLD,0.13229727745056152,162,116.68102516999103,100347.70458917
2021-03-29,611.289978,HOLD,0.08147156238555908,162,116.68102516999103,99145.65746116999
2021-03-30,635.619995,HOLD,0.061380982398986816,162,116.68102516999103,103087.12021517
2021-03-31,667.929993,HOLD,0.04640620946884155,162,116.68102516999103,108321.33989116999
2021-04-01,661.75,HOLD,0.03489220142364502,162,116.68102516999103,107320.18102517
2021-04-05,691.049988,HOLD,0.007038235664367676,162,116.68102516999103,112066.77908117
2021-04-06,691.619995,HOLD,0.08674854040145874,162,116.68102516999103,112159.12021517
2021-04-07,670.969971,HOLD,0.01874399185180664,162,116.68102516999103,108813.81632716999
2021-04-08,683.799988,HOLD,0.04791402816772461,162,116.68102516999103,110892.27908117
2021-04-09,677.02002,HOLD,0.12059670686721802,162,116.68102516999103,109793.92426517
2021-04-12,701.97998,HOLD,0.14278095960617065,162,116.68102516999103,113837.43778516998
2021-04-13,762.320007,HOLD,0.14654487371444702,162,116.68102516999103,123612.52215917
2021-04-14,732.22998,HOLD,0.17483198642730713,162,116.68102516999103,118737.93778516998
2021-04-15,738.849976,HOLD,0.1693703532218933,162,116.68102516999103,119810.37713716998
2021-04-16,739.780029,HOLD,0.16148054599761963,162,116.68102516999103,119961.04572317
2021-04-19,714.630005,HOLD,0.15483224391937256,162,116.68102516999103,115886.74183516999
2021-04-20,718.98999,HOLD,0.1493215560913086,162,116.68102516999103,116593.05940517
2021-04-21,744.119995,HOLD,0.13544821739196777,162,116.68102516999103,120664.12021517
2021-04-22,719.690002,HOLD,0.14862209558486938,162,116.68102516999103,116706.46134917
2021-04-23,729.400024,HOLD,0.11884230375289917,162,116.68102516999103,118279.48491317
2021-04-26,738.200012,HOLD,0.11680179834365845,162,116.68102516999103,119705.08296916999
2021-04-27,704.73999,HOLD,0.13946819305419922,162,116.68102516999103,114284.55940517
2021-04-28,694.400024,HOLD,0.15709388256072998,162,116.68102516999103,112609.48491317
2021-04-29,677.0,HOLD,0.1271122694015503,162,116.68102516999103,109790.68102517
2021-04-30,709.440002,HOLD,0.15198880434036255,162,116.68102516999103,115045.96134917
2021-05-03,684.900024,HOLD,0.14154213666915894,162,116.68102516999103,111070.48491317
2021-05-04,673.599976,HOLD,0.1296701431274414,162,116.68102516999103,109239.87713716998
2021-05-05,670.940002,HOLD,0.15634757280349731,162,116.68102516999103,108808.96134917
2021-05-06,663.539978,HOLD,0.15826380252838135,162,116.68102516999103,107610.15746116999
2021-05-07,672.369995,HOLD,0.14811062812805176,162,116.68102516999103,109040.62021517
2021-05-10,629.039978,HOLD,0.15803593397140503,162,116.68102516999103,102021.15746116999
2021-05-11,617.200012,HOLD,0.1087416410446167,162,116.68102516999103,100103.08296916999
2021-05-12,589.890015,HOLD,0.08606934547424316,162,116.68102516999103,95678.86345516998
2021-05-13,571.690002,HOLD,0.08095824718475342,162,116.68102516999103,92730.46134917
2021-05-14,589.73999,HOLD,0.06172502040863037,162,116.68102516999103,95654.55940517
2021-05-17,576.830017,HOLD,0.0637316107749939,162,116.68102516999103,93563.14377916999
2021-05-18,577.869995,HOLD,0.05661773681640625,162,116.68102516999103,93731.62021517
2021-05-19,563.460022,HOLD,0.024891257286071777,162,116.68102516999103,91397.20458917
2021-05-20,586.780029,HOLD,0.034778714179992676,162,116.68102516999103,95175.04572317
2021-05-21,580.880005,HOLD,0.03907996416091919,162,116.68102516999103,94219.24183516999
2021-05-24,606.440002,HOLD,0.030478596687316895,162,116.68102516999103,98359.96134917
2021-05-25,604.690002,HOLD,0.052175164222717285,162,116.68102516999103,98076.46134917
2021-05-26,619.130005,HOLD,0.038738906383514404,162,116.68102516999103,100415.74183516999
2021-05-27,630.849976,HOLD,0.08372765779495239,162,116.68102516999103,102314.37713716998
2021-05-28,625.219971,HOLD,0.06418788433074951,162,116.68102516999103,101402.31632716999
2021-06-01,623.900024,HOLD,0.06421929597854614,162,116.68102516999103,101188.48491317
2021-06-02,605.119995,HOLD,0.06789416074752808,162,116.68102516999103,98146.12021517
2021-06-03,572.840027,HOLD,0.06300818920135498,162,116.68102516999103,92916.76539916999
2021-06-04,599.049988,HOLD,0.0864153504371643,162,116.68102516999103,97162.77908117
2021-06-07,605.130005,HOLD,0.07621002197265625,162,116.68102516999103,98147.74183516999
2021-06-08,603.590027,HOLD,0.09576362371444702,162,116.68102516999103,97898.26539916999
2021-06-09,598.780029,HOLD,0.09975540637969971,162,116.68102516999103,97119.04572317
2021-06-10,610.119995,HOLD,0.09424865245819092,162,116.68102516999103,98956.12021517
2021-06-11,609.890015,HOLD,0.11461770534515381,162,116.68102516999103,98918.86345516998
2021-06-14,617.690002,HOLD,0.09274893999099731,162,116.68102516999103,100182.46134917
2021-06-15,599.359985,HOLD,0.10655587911605835,162,116.68102516999103,97212.99859517001
2021-06-16,604.869995,HOLD,0.09964311122894287,162,116.68102516999103,98105.62021517
2021-06-17,616.599976,HOLD,0.10773032903671265,162,116.68102516999103,100005.87713716998
2021-06-18,623.309998,HOLD,0.09298783540725708,162,116.68102516999103,101092.90070116999
2021-06-21,620.830017,HOLD,0.11019384860992432,162,116.68102516999103,100691.14377916999
2021-06-22,623.710022,HOLD,0.09801119565963745,162,116.68102516999103,101157.70458917
2021-06-23,656.570007,HOLD,0.10510480403900146,162,116.68102516999103,106481.02215917
2021-06-24,679.820007,HOLD,0.1568896770477295,162,116.68102516999103,110247.52215917
2021-06-25,671.869995,HOLD,0.16958683729171753,162,116.68102516999103,108959.62021517
2021-06-28,688.719971,HOLD,0.1773812174797058,162,116.68102516999103,111689.31632716999
2021-06-29,680.76001,HOLD,0.19428497552871704,162,116.68102516999103,110399.80264516998
2021-06-30,679.700012,HOLD,0.14788365364074707,162,116.68102516999103,110228.08296916999
2021-07-01,677.919983,HOLD,0.1969345211982727,162,116.68102516999103,109939.71827117
2021-07-02,678.900024,HOLD,0.1565583348274231,162,116.68102516999103,110098.48491317
2021-07-06,659.580017,HOLD,0.15409338474273682,162,116.68102516999103,106968.64377916999
2021-07-07,644.650024,HOLD,0.15040075778961182,162,116.68102516999103,104549.98491317
2021-07-08,652.809998,HOLD,0.14228790998458862,162,116.68102516999103,105871.90070116999
2021-07-09,656.950012,HOLD,0.12475109100341797,162,116.68102516999103,106542.58296916999
2021-07-12,685.700012,HOLD,0.12494087219238281,162,116.68102516999103,111200.08296916999
2021-07-13,668.539978,HOLD,0.13592612743377686,162,116.68102516999103,108420.15746116999
2021-07-14,653.380005,HOLD,0.15289008617401123,162,116.68102516999103,105964.24183516999
2021-07-15,650.599976,HOLD,0.17256778478622437,162,116.68102516999103,105513.87713716998
2021-07-16,644.219971,HOLD,0.1427232027053833,162,116.68102516999103,104480.31632716999
2021-07-19,646.219971,HOLD,0.1322789192199707,162,116.68102516999103,104804.31632716999
2021-07-20,660.5,HOLD,0.13516777753829956,162,116.68102516999103,107117.68102517
2021-07-21,655.289978,HOLD,0.14219212532043457,162,116.68102516999103,106273.65746116999
2021-07-22,649.26001,HOLD,0.1290186643600464,162,116.68102516999103,105296.80264516998
2021-07-23,643.380005,HOLD,0.11814242601394653,162,116.68102516999103,104344.24183516999
2021-07-26,657.619995,HOLD,0.09331279993057251,162,116.68102516999103,106651.12021517
2021-07-27,644.780029,HOLD,0.07837557792663574,162,116.68102516999103,104571.04572317
2021-07-28,646.97998,HOLD,0.13007450103759766,162,116.68102516999103,104927.43778516998
2021-07-29,677.349976,HOLD,0.12343472242355347,162,116.68102516999103,109847.37713716998
2021-07-30,687.200012,HOLD,0.13542133569717407,162,116.68102516999103,111443.08296916999
2021-08-02,709.669983,HOLD,0.0907127857208252,162,116.68102516999103,115083.21827117
2021-08-03,709.73999,HOLD,0.09153807163238525,162,116.68102516999103,115094.55940517
2021-08-04,710.919983,HOLD,0.12406188249588013,162,116.68102516999103,115285.71827117
2021-08-05,714.630005,HOLD,0.13607776165008545,162,116.68102516999103,115886.74183516999
2021-08-06,699.099976,HOLD,0.15148138999938965,162,116.68102516999103,113370.87713716998
2021-08-09,713.76001,HOLD,0.11034542322158813,162,116.68102516999103,115745.80264516998
2021-08-10,709.98999,HOLD,0.08651614189147949,162,116.68102516999103,115135.05940517
2021-08-11,707.820007,HOLD,0.08967620134353638,162,116.68102516999103,114783.52215917
2021-08-12,722.25,HOLD,0.10907286405563354,162,116.68102516999103,117121.18102517
2021-08-13,717.169983,HOLD,0.11069834232330322,162,116.68102516999103,116298.21827117
2021-08-16,686.169983,HOLD,0.1164131760597229,162,116.68102516999103,111276.21827117
2021-08-17,665.710022,HOLD,0.09301412105560303,162,116.68102516999103,107961.70458917
2021-08-18,688.98999,HOLD,0.1060328483581543,162,116.68102516999103,111733.05940517
2021-08-19,673.469971,HOLD,0.12511450052261353,162,116.68102516999103,109218.81632716999
2021-08-20,680.26001,HOLD,0.135650634765625,162,116.68102516999103,110318.80264516998
2021-08-23,706.299988,HOLD,0.11841613054275513,162,116.68102516999103,114537.27908117
2021-08-24,708.48999,HOLD,0.12553083896636963,162,116.68102516999103,114892.05940517
2021-08-25,711.200012,HOLD,0.13878768682479858,162,116.68102516999103,115331.08296916999
2021-08-26,701.159973,HOLD,0.16523683071136475,162,116.68102516999103,113704.59665117
2021-08-27,711.919983,HOLD,0.15718913078308105,162,116.68102516999103,115447.71827117
2021-08-30,730.909973,HOLD,0.13916444778442383,162,116.68102516999103,118524.09665117
2021-08-31,735.719971,HOLD,0.14876532554626465,162,116.68102516999103,119303.31632716999
2021-09-01,734.090027,HOLD,0.16519826650619507,162,116.68102516999103,119039.26539916999
2021-09-02,732.390015,HOLD,0.1770319938659668,162,116.68102516999103,118763.86345516998
2021-09-03,733.570007,HOLD,0.1927143931388855,162,116.68102516999103,118955.02215917
2021-09-07,752.919983,HOLD,0.17977935075759888,162,116.68102516999103,122089.71827117
2021-09-08,753.869995,HOLD,0.1949024200439453,162,116.68102516999103,122243.62021517
2021-09-09,754.859985,SELL,0.201787531375885,33,96519.84970952,122403.99859517001
2021-09-10,736.27002,HOLD,0.18736863136291504,33,96519.84970952,120816.76036952
2021-09-13,743.0,HOLD,0.16772228479385376,33,96519.84970952,121038.84970952
2021-09-14,744.48999,HOLD,0.1514551043510437,33,96519.84970952,121088.01937952
2021-09-15,755.830017,HOLD,0.13912171125411987,33,96519.84970952,121462.24027052001
2021-09-16,756.98999,HOLD,0.14741390943527222,33,96519.84970952,121500.51937952
2021-09-17,759.48999,HOLD,0.15881574153900146,33,96519.84970952,121583.01937952
2021-09-20,730.169983,HOLD,0.17526262998580933,33,96519.84970952,120615.45914851999
2021-09-21,739.380005,HOLD,0.16675031185150146,33,96519.84970952,120919.38987452
2021-09-22,751.940002,HOLD,0.17451852560043335,33,96519.84970952,121333.86977552
2021-09-23,753.640015,HOLD,0.17868417501449585,33,96519.84970952,121389.97020452
2021-09-24,774.390015,HOLD,0.19274556636810303,33,96519.84970952,122074.72020452
2021-09-27,791.359985,SELL,0.21205449104309082,7,116889.45572342,122634.72921452
2021-09-28,777.559998,SELL,0.232524573802948,2,120738.37771352,122332.37570942
2021-09-29,781.309998,SELL,0.21008378267288208,1,121511.87461154001,122300.99770952
2021-09-30,775.47998,SELL,0.2334570288658142,1,121511.87461154001,122287.35459154002
2021-10-01,775.219971,SELL,0.22248131036758423,1,121511.87461154001,122287.09458254001
2021-10-04,781.530029,SELL,0.21911627054214478,1,121511.87461154001,122293.40464054001
2021-10-05,780.590027,SELL,0.2072228193283081,1,121511.87461154001,122292.46463854001
2021-10-06,782.75,SELL,0.2023950219154358,1,121511.87461154001,122294.62461154001
2021-10-07,793.609985,SELL,0.20182788372039795,1,121511.87461154001,122305.48459654002
2021-10-08,785.48999,SELL,0.2059626579284668,1,121511.87461154001,122297.36460154002
2021-10-11,791.940002,HOLD,0.18965429067611694,1,121511.87461154001,122303.81461354002
2021-10-12,805.719971,SELL,0.20033502578735352,1,121511.87461154001,122317.59458254001
2021-10-13,811.080017,SELL,0.21415454149246216,1,121511.87461154001,122322.95462854001
2021-10-14,818.320007,SELL,0.21917062997817993,1,121511.87461154001,122330.19461854002
2021-10-15,843.030029,SELL,0.20911306142807007,1,121511.87461154001,122354.90464054001
2021-10-18,870.109985,HOLD,0.19792139530181885,1,121511.87461154001,122381.98459654002
2021-10-19,864.27002,SELL,0.20960700511932373,1,121511.87461154001,122376.14463154001
2021-10-20,865.799988,SELL,0.22166723012924194,1,121511.87461154001,122377.67459954001
2021-10-21,894.0,SELL,0.24210625886917114,1,121511.87461154001,122405.87461154001
2021-10-22,909.679993,SELL,0.2238216996192932,1,121511.87461154001,122421.55460454001
2021-10-25,1024.859985,HOLD,0.1938754916191101,1,121511.87461154001,122536.73459654002
2021-10-26,1018.429993,HOLD,0.1993512511253357,1,121511.87461154001,122530.30460454001
2021-10-27,1037.859985,SELL,0.24761956930160522,1,121511.87461154001,122549.73459654002
2021-10-28,1077.040039,SELL,0.23129069805145264,1,121511.87461154001,122588.91465054001
2021-10-29,1114.0,SELL,0.2725750803947449,1,121511.87461154001,122625.87461154001
2021-11-01,1208.589966,SELL,0.26719343662261963,1,121511.87461154001,122720.46457754001
2021-11-02,1172.0,SELL,0.2708112597465515,1,121511.87461154001,122683.87461154001
2021-11-03,1213.859985,SELL,0.27016860246658325,1,121511.87461154001,122725.73459654002
2021-11-04,1229.910034,SELL,0.27750688791275024,1,121511.87461154001,122741.78464554001
2021-11-05,1222.089966,SELL,0.27713268995285034,1,121511.87461154001,122733.96457754001
2021-11-08,1162.939941,SELL,0.28581076860427856,1,121511.87461154001,122674.81455254002
2021-11-09,1023.5,SELL,0.2758108973503113,1,121511.87461154001,122535.37461154001
2021-11-10,1067.949951,SELL,0.2565930485725403,1,121511.87461154001,122579.82456254002
2021-11-11,1063.51001,SELL,0.22488313913345337,1,121511.87461154001,122575.38462154001
2021-11-12,1033.420044,HOLD,0.1921291947364807,1,121511.87461154001,122545.29465554001
2021-11-15,1013.390015,HOLD,0.17129480838775635,1,121511.87461154001,122525.26462654001
2021-11-16,1054.72998,HOLD,0.13747620582580566,1,121511.87461154001,122566.60459154002
2021-11-17,1089.01001,HOLD,0.15536564588546753,1,121511.87461154001,122600.88462154001
2021-11-18,1096.380005,HOLD,0.12110573053359985,1,121511.87461154001,122608.25461654001
2021-11-19,1137.060059,HOLD,0.14031612873077393,1,121511.87461154001,122648.93467054001
2021-11-22,1156.869995,HOLD,0.10162371397018433,1,121511.87461154001,122668.74460654001
2021-11-23,1109.030029,HOLD,0.039197683334350586,1,121511.87461154001,122620.90464054001
2021-11-24,1116.0,HOLD,0.062195539474487305,1,121511.87461154001,122627.87461154001
2021-11-26,1081.920044,HOLD,0.099601149559021,1,121511.87461154001,122593.79465554001
2021-11-29,1136.98999,HOLD,0.09001249074935913,1,121511.87461154001,122648.86460154002
2021-11-30,1144.76001,HOLD,0.12202870845794678,1,121511.87461154001,122656.63462154001
2021-12-01,1095.0,HOLD,0.07021570205688477,1,121511.87461154001,122606.87461154001
2021-12-02,1084.599976,HOLD,0.08961337804794312,1,121511.87461154001,122596.47458754001
2021-12-03,1014.969971,HOLD,0.13465696573257446,1,121511.87461154001,122526.84458254001
2021-12-06,1009.01001,HOLD,0.1520708203315735,1,121511.87461154001,122520.88462154001
2021-12-07,1051.75,HOLD,0.1535772681236267,1,121511.87461154001,122563.62461154001
2021-12-08,1068.959961,HOLD,0.12676465511322021,1,121511.87461154001,122580.83457254001
2021-12-09,1003.799988,HOLD,0.13271760940551758,1,121511.87461154001,122515.67459954001
2021-12-10,1017.030029,HOLD,0.16325974464416504,1,121511.87461154001,122528.90464054001
2021-12-13,966.409973,HOLD,0.17415815591812134,1,121511.87461154001,122478.28458454002
2021-12-14,958.51001,HOLD,0.17848199605941772,1,121511.87461154001,122470.38462154001
2021-12-15,975.98999,HOLD,0.1843765377998352,1,121511.87461154001,122487.86460154002
2021-12-16,926.919983,HOLD,0.18171089887619019,1,121511.87461154001,122438.79459454001
2021-12-17,932.570007,SELL,0.21776610612869263,1,121511.87461154001,122444.44461854002
2021-12-20,899.940002,HOLD,0.1986757516860962,1,121511.87461154001,122411.81461354002
2021-12-21,938.530029,HOLD,0.17335736751556396,1,121511.87461154001,122450.40464054001
2021-12-22,1008.869995,HOLD,0.18930304050445557,1,121511.87461154001,122520.74460654001
2021-12-23,1067.0,SELL,0.21104395389556885,1,121511.87461154001,122578.87461154001
2021-12-27,1093.939941,SELL,0.2611018419265747,1,121511.87461154001,122605.81455254002
2021-12-28,1088.469971,SELL,0.27483993768692017,1,121511.87461154001,122600.34458254001
2021-12-29,1086.189941,SELL,0.2483775019645691,1,121511.87461154001,122598.06455254002
2021-12-30,1070.339966,SELL,0.2631877064704895,1,121511.87461154001,122582.21457754001
2021-12-31,1056.780029,SELL,0.23424780368804932,1,121511.87461154001,122568.65464054001
2022-01-03,1199.780029,SELL,0.22456645965576172,1,121511.87461154001,122711.65464054001
2022-01-04,1149.589966,SELL,0.24335604906082153,1,121511.87461154001,122661.46457754001
2022-01-05,1088.119995,SELL,0.2613818645477295,1,121511.87461154001,122599.99460654001
2022-01-06,1064.699951,SELL,0.2511477470397949,1,121511.87461154001,122576.57456254002
2022-01-07,1026.959961,SELL,0.24529463052749634,1,121511.87461154001,122538.83457254001
2022-01-10,1058.119995,SELL,0.23828065395355225,1,121511.87461154001,122569.99460654001
2022-01-11,1064.400024,SELL,0.23579591512680054,1,121511.87461154001,122576.27463554002
2022-01-12,1106.219971,SELL,0.2278764247894287,1,121511.87461154001,122618.09458254001
2022-01-13,1031.560059,SELL,0.20723289251327515,1,121511.87461154001,122543.43467054001
2022-01-14,1049.609985,SELL,0.21474534273147583,1,121511.87461154001,122561.48459654002
2022-01-18,1030.51001,SELL,0.21455800533294678,1,121511.87461154001,122542.38462154001
2022-01-19,995.650024,HOLD,0.19972455501556396,1,121511.87461154001,122507.52463554002
2022-01-20,996.27002,SELL,0.2104315161705017,1,121511.87461154001,122508.14463154001
2022-01-21,943.900024,SELL,0.20000553131103516,1,121511.87461154001,122455.77463554002
2022-01-24,930.0,HOLD,0.1781788468360901,1,121511.87461154001,122441.87461154001
2022-01-25,918.400024,HOLD,0.15026259422302246,1,121511.87461154001,122430.27463554002
2022-01-26,937.409973,HOLD,0.1502053141593933,1,121511.87461154001,122449.28458454002
2022-01-27,829.099976,HOLD,0.16605007648468018,1,121511.87461154001,122340.97458754001
2022-01-28,846.349976,HOLD,0.16411465406417847,1,121511.87461154001,122358.22458754001
2022-01-31,936.719971,HOLD,0.16491985321044922,1,121511.87461154001,122448.59458254001
2022-02-01,931.25,HOLD,0.1077846884727478,1,121511.87461154001,122443.12461154001
2022-02-02,905.659973,HOLD,0.09116041660308838,1,121511.87461154001,122417.53458454002
2022-02-03,891.140015,HOLD,0.10970866680145264,1,121511.87461154001,122403.01462654001
2022-02-04,923.320007,HOLD,0.11135983467102051,1,121511.87461154001,122435.19461854002
2022-02-07,907.340027,HOLD,0.11754739284515381,1,121511.87461154001,122419.21463854001
2022-02-08,922.0,HOLD,0.13122165203094482,1,121511.87461154001,122433.87461154001
2022-02-09,932.0,HOLD,0.15156042575836182,1,121511.87461154001,122443.87461154001
2022-02-10,904.549988,HOLD,0.1342172622680664,1,121511.87461154001,122416.42459954001
2022-02-11,860.0,HOLD,0.15487098693847656,1,121511.87461154001,122371.87461154001
2022-02-14,875.76001,HOLD,0.14939260482788086,1,121511.87461154001,122387.63462154001
2022-02-15,922.429993,HOLD,0.11180496215820312,1,121511.87461154001,122434.30460454001
2022-02-16,923.390015,HOLD,0.14336025714874268,1,121511.87461154001,122435.26462654001
2022-02-17,876.349976,HOLD,0.1423105001449585,1,121511.87461154001,122388.22458754001
2022-02-18,856.97998,HOLD,0.15740036964416504,1,121511.87461154001,122368.85459154002
2022-02-22,821.530029,HOLD,0.1346060037612915,1,121511.87461154001,122333.40464054001
2022-02-23,764.039978,HOLD,0.13413608074188232,1,121511.87461154001,122275.91458954001
2022-02-24,800.77002,HOLD,0.09251338243484497,1,121511.87461154001,122312.64463154001
2022-02-25,809.869995,HOLD,0.10577219724655151,1,121511.87461154001,122321.74460654001
2022-02-28,870.429993,HOLD,0.1417807936668396,1,121511.87461154001,122382.30460454001
2022-03-01,864.369995,HOLD,0.1373189091682434,1,121511.87461154001,122376.24460654001
2022-03-02,879.890015,HOLD,0.1442921757698059,1,121511.87461154001,122391.76462654001
2022-03-03,839.289978,HOLD,0.14179164171218872,1,121511.87461154001,122351.16458954001
2022-03-04,838.289978,HOLD,0.17330235242843628,1,121511.87461154001,122350.16458954001
2022-03-07,804.580017,HOLD,0.15373528003692627,1,121511.87461154001,122316.45462854001
2022-03-08,824.400024,HOLD,0.16278940439224243,1,121511.87461154001,122336.27463554002
2022-03-09,858.969971,HOLD,0.17693322896957397,1,121511.87461154001,122370.84458254001
2022-03-10,838.299988,HOLD,0.17664557695388794,1,121511.87461154001,122350.17459954001
2022-03-11,795.349976,HOLD,0.1756589412689209,1,121511.87461154001,122307.22458754001
2022-03-14,766.369995,HOLD,0.1771838665008545,1,121511.87461154001,122278.24460654001
2022-03-15,801.890015,HOLD,0.1839052438735962,1,121511.87461154001,122313.76462654001
2022-03-16,840.22998,HOLD,0.18183928728103638,1,121511.87461154001,122352.10459154002
2022-03-17,871.599976,HOLD,0.17177700996398926,1,121511.87461154001,122383.47458754001
2022-03-18,905.390015,HOLD,0.1842252016067505,1,121511.87461154001,122417.26462654001
2022-03-21,921.159973,HOLD,0.17980653047561646,1,121511.87461154001,122433.03458454002
2022-03-22,993.97998,HOLD,0.1671110987663269,1,121511.87461154001,122505.85459154002
2022-03-23,999.109985,HOLD,0.18830496072769165,1,121511.87461154001,122510.98459654002
2022-03-24,1013.919983,HOLD,0.16427278518676758,1,121511.87461154001,122525.79459454001
