Date,Open,High,Low,Close,Adj Close,Volume,prediction,portfolio_value,action,daily_return
2010-06-29,3.8,5.0,3.508,4.778,4.778,93831500,0,10000.0,hold,
2010-06-30,5.158,6.084,4.66,4.766,4.766,85935500,0,10000.0,hold,0.0
2010-07-01,5.0,5.184,4.054,4.392,4.392,41094000,0,10000.0,hold,0.0
2010-07-02,4.6,4.62,3.742,3.84,3.84,25699000,0,10000.0,hold,0.0
2010-07-06,4.0,4.0,3.166,3.222,3.222,34334500,0,10000.0,hold,0.0
2010-07-07,3.28,3.326,2.996,3.16,3.16,34608500,-1,10000.0,hold,0.0
2010-07-08,3.228,3.504,3.114,3.492,3.492,38557000,0,10000.0,hold,0.0
2010-07-09,3.516,3.58,3.31,3.48,3.48,20253000,0,10000.0,hold,0.0
2010-07-12,3.59,3.614,3.4,3.41,3.41,11012500,0,10000.0,hold,0.0
2010-07-13,3.478,3.728,3.38,3.628,3.628,13400500,0,10000.0,hold,0.0
2010-07-14,3.588,4.03,3.552,3.968,3.968,20976000,1,10000.0,buy,0.0
2010-07-15,3.988,4.3,3.8,3.978,3.978,18699000,0,10000.301599999999,hold,3.0159999999890275e-05
2010-07-16,4.14,4.26,4.01,4.128,4.128,13106500,0,10007.801599999999,hold,0.0007499773806822763
2010-07-19,4.274,4.45,4.184,4.382,4.382,12432500,0,10020.5016,hold,0.0012690099691825552
2010-07-20,4.37,4.37,4.01,4.06,4.06,9126500,0,10004.4016,hold,-0.0016067059956360596
2010-07-21,4.132,4.18,3.9,4.044,4.044,6262500,0,10003.6016,hold,-7.996480269234496e-05
2010-07-22,4.1,4.25,4.074,4.2,4.2,4789000,0,10011.4016,hold,0.0007797191763414535
2010-07-23,4.238,4.312,4.212,4.258,4.258,3268000,0,10014.301599999999,hold,0.0002896697301604245
2010-07-26,4.3,4.3,4.06,4.19,4.19,4611000,0,10010.9016,hold,-0.00033951444002844333
2010-07-27,4.182,4.236,4.052,4.11,4.11,3098500,0,10006.9016,hold,-0.00039956441086186345
2010-07-28,4.11,4.18,4.102,4.144,4.144,2336000,0,10008.6016,hold,0.00016988275371887518
2010-07-29,4.154,4.176,4.0,4.07,4.07,3080000,0,10004.9016,hold,-0.0003696820143186397
2010-07-30,4.04,4.088,3.91,3.988,3.988,2134500,0,10000.801599999999,hold,-0.0004097991328571027
2010-08-02,4.1,4.194,4.066,4.184,4.184,3590500,0,10010.6016,hold,0.0009799214494967678
2010-08-03,4.2,4.39,4.164,4.39,4.39,6152500,0,10020.9016,hold,0.0010289091916313442
2010-08-04,4.39,4.436,4.17,4.252,4.252,4565000,-1,10014.0016,sell,-0.000688560797762916
2010-08-05,4.308,4.31,4.01,4.09,4.09,3981000,0,10013.788999999999,hold,-2.123027421929713e-05
2010-08-06,4.02,4.032,3.904,3.918,3.918,3709500,0,10013.788999999999,hold,0.0
2010-08-09,3.98,3.996,3.89,3.92,3.92,4063500,0,10013.788999999999,hold,0.0
2010-08-10,3.93,3.93,3.764,3.806,3.806,6406500,0,10013.788999999999,hold,0.0
2010-08-11,3.738,3.776,3.57,3.58,3.58,3988000,-1,10013.788999999999,hold,0.0
2010-08-12,3.56,3.58,3.478,3.52,3.52,3455000,0,10013.788999999999,hold,0.0
2010-08-13,3.636,3.69,3.532,3.664,3.664,3170000,0,10013.788999999999,hold,0.0
2010-08-16,3.69,3.76,3.652,3.756,3.756,2429000,0,10013.788999999999,hold,0.0
2010-08-17,3.792,3.88,3.756,3.83,3.83,2239500,0,10013.788999999999,hold,0.0
2010-08-18,3.918,3.918,3.72,3.754,3.754,3006500,-1,10013.788999999999,hold,0.0
2010-08-19,3.708,3.85,3.666,3.758,3.758,2895500,0,10013.788999999999,hold,0.0
2010-08-20,3.73,3.822,3.702,3.82,3.82,1480000,0,10013.788999999999,hold,0.0
2010-08-23,3.818,4.078,3.8,4.026,4.026,5440500,0,10013.788999999999,hold,0.0
2010-08-24,3.85,3.942,3.79,3.84,3.84,3365500,0,10013.788999999999,hold,0.0
2010-08-25,3.832,3.996,3.712,3.98,3.98,2516500,1,10013.788999999999,buy,0.0
2010-08-26,3.978,4.054,3.92,3.95,3.95,2169000,0,10012.089999999998,hold,-0.0001696660474871381
2010-08-27,3.95,3.974,3.9,3.94,3.94,1898000,0,10011.589999999998,hold,-4.993962299582044e-05
2010-08-30,3.94,4.038,3.922,3.974,3.974,3664000,0,10013.289999999999,hold,0.00016980319809345445
2010-08-31,3.932,3.958,3.866,3.896,3.896,1005500,0,10009.389999999998,hold,-0.00038948237791991414
2010-09-01,3.924,4.138,3.92,4.09,4.09,2474500,1,10019.089999999998,buy,0.0009690900244669898
2010-09-02,4.074,4.248,4.062,4.212,4.212,2435500,0,10030.731769999999,hold,0.0011619588206115417
2010-09-03,4.174,4.26,4.132,4.21,4.21,2173000,0,10030.537769999999,hold,-1.9340563026437607e-05
2010-09-07,4.122,4.2,4.1,4.108,4.108,1217000,0,10020.643769999999,hold,-0.000986387791648835
2010-09-08,4.132,4.19,4.12,4.18,4.18,1442000,0,10027.627769999997,hold,0.0006969612093095101
2010-09-09,4.2,4.21,4.138,4.142,4.142,1881000,0,10023.941769999998,hold,-0.000367584446146596
2010-09-10,4.15,4.186,3.952,4.034,4.034,1933000,0,10013.465769999999,hold,-0.0010450978507627884
2010-09-13,4.178,4.18,4.1,4.144,4.144,1804000,0,10024.135769999999,hold,0.0010655651344979589
2010-09-14,4.108,4.32,4.106,4.224,4.224,3273500,0,10031.895769999997,hold,0.0007741315738383214
2010-09-15,4.196,4.4,4.158,4.396,4.396,3423000,0,10048.579769999998,hold,0.0016630954290708377
2010-09-16,4.43,4.632,4.168,4.188,4.188,13422500,-1,10028.403769999999,sell,-0.002007845930649288
2010-09-17,4.204,4.264,3.96,4.046,4.046,5992500,0,10027.997533999998,hold,-4.050854047343844e-05
2010-09-20,4.134,4.27,4.032,4.212,4.212,4737500,0,10027.997533999998,hold,0.0
2010-09-21,4.178,4.31,4.134,4.154,4.154,3980000,0,10027.997533999998,hold,0.0
2010-09-22,4.174,4.19,3.96,3.974,3.974,4814500,0,10027.997533999998,hold,0.0
2010-09-23,3.978,4.028,3.9,3.912,3.912,3340500,-1,10027.997533999998,hold,0.0
2010-09-24,3.99,4.038,3.93,4.02,4.02,2894500,0,10027.997533999998,hold,0.0
2010-09-27,4.08,4.162,4.01,4.106,4.106,2093000,0,10027.997533999998,hold,0.0
2010-09-28,4.208,4.298,4.152,4.28,4.28,6072500,0,10027.997533999998,hold,0.0
2010-09-29,4.238,4.406,4.226,4.396,4.396,9846500,0,10027.997533999998,hold,0.0
2010-09-30,4.4,4.43,4.038,4.082,4.082,10979000,-1,10027.997533999998,hold,0.0
2010-10-01,4.138,4.15,4.062,4.12,4.12,2988500,0,10027.997533999998,hold,0.0
2010-10-04,4.086,4.234,4.06,4.198,4.198,3218000,0,10027.997533999998,hold,0.0
2010-10-05,4.23,4.256,4.202,4.224,4.224,1660000,0,10027.997533999998,hold,0.0
2010-10-06,4.212,4.252,4.064,4.092,4.092,1567000,0,10027.997533999998,hold,0.0
2010-10-07,4.114,4.128,4.068,4.086,4.086,705000,0,10027.997533999998,hold,0.0
2010-10-08,4.086,4.158,4.078,4.086,4.086,1339000,0,10027.997533999998,hold,0.0
2010-10-11,4.088,4.14,4.014,4.048,4.048,856000,0,10027.997533999998,hold,0.0
2010-10-12,4.04,4.056,4.006,4.048,4.048,1220000,0,10027.997533999998,hold,0.0
2010-10-13,4.128,4.17,4.072,4.108,4.108,1591000,0,10027.997533999998,hold,0.0
2010-10-14,4.2,4.206,4.08,4.15,4.15,1474000,1,10027.997533999998,buy,0.0
2010-10-15,4.178,4.18,4.05,4.108,4.108,1423500,0,10025.782333999998,hold,-0.00022090153018983205
2010-10-18,4.104,4.128,4.044,4.046,4.046,814000,0,10022.806333999999,hold,-0.00029683469088559455
2010-10-19,4.04,4.082,4.0,4.01,4.01,1226000,0,10021.078333999998,hold,-0.00017240680328611813
2010-10-20,4.032,4.138,4.008,4.13,4.13,1562500,0,10026.838333999998,hold,0.0005747884417246496
2010-10-21,4.122,4.19,4.09,4.15,4.15,2085500,0,10027.798334,hold,9.574304162707215e-05
2010-10-22,4.136,4.186,4.11,4.144,4.144,805500,0,10027.510333999999,hold,-2.872016273247624e-05
2010-10-25,4.188,4.196,4.146,4.17,4.17,592500,0,10028.758333999998,hold,0.00012445761294976876
2010-10-26,4.16,4.374,4.102,4.272,4.272,3304500,0,10033.654333999999,hold,0.0004881960295526344
2010-10-27,4.25,4.276,4.13,4.2,4.2,1782500,0,10030.198333999999,hold,-0.0003444408074024796
2010-10-28,4.278,4.3,4.192,4.238,4.238,1121000,0,10032.022334,hold,0.00018185084075739155
2010-10-29,4.228,4.37,4.21,4.368,4.368,1403000,0,10038.262334,hold,0.0006220081846162184
2010-11-01,4.388,4.55,4.262,4.282,4.282,2279000,0,10034.134333999998,hold,-0.0004112265512347113
2010-11-02,4.336,4.376,4.21,4.25,4.25,1612500,0,10032.598333999998,hold,-0.0001530774802162016
2010-11-03,4.256,4.5,4.232,4.354,4.354,1863000,0,10037.590333999999,hold,0.0004975779786859924
2010-11-04,4.52,5.066,4.43,4.98,4.98,9370000,1,10067.638334,buy,0.0029935471562552163
2010-11-05,4.974,4.994,4.744,4.888,4.888,5055000,0,10059.440113999997,hold,-0.0008143141149911104
2010-11-08,4.9,5.0,4.806,4.996,4.996,2547500,0,10068.836113999998,hold,0.0009340480079924607
2010-11-09,5.0,5.138,4.81,4.926,4.926,4782000,0,10062.746113999998,hold,-0.0006048365402960831
2010-11-10,4.896,5.994,4.81,5.872,5.872,15302500,0,10145.048113999997,hold,0.00817888070190853
2010-11-11,5.72,5.82,5.466,5.608,5.608,9726500,-1,10122.080113999999,sell,-0.002263961663060421
2010-11-12,5.65,6.1,5.614,5.968,5.968,13645500,0,10121.592217999998,hold,-4.8201159693062046e-05
2010-11-15,6.044,6.588,6.044,6.16,6.16,13114500,0,10121.592217999998,hold,0.0
2010-11-16,6.2,6.28,5.684,5.934,5.934,6738000,0,10121.592217999998,hold,0.0
2010-11-17,6.04,6.15,5.722,5.898,5.898,3750000,0,10121.592217999998,hold,0.0
2010-11-18,6.134,6.148,5.784,5.978,5.978,4780500,1,10121.592217999998,buy,0.0
2010-11-19,6.032,6.274,5.94,6.198,6.198,5752500,0,10128.654943999998,hold,0.0006977880404468451
2010-11-22,6.314,6.69,6.3,6.68,6.68,7648500,0,10144.560943999999,hold,0.0015703960780522053
2010-11-23,6.658,7.136,6.438,6.914,6.914,7889000,0,10152.282943999999,hold,0.000761196077644577
2010-11-24,7.054,7.194,6.866,7.094,7.094,7125000,0,10158.222944,hold,0.0005850900760711042
2010-11-26,7.12,7.2,6.95,7.064,7.064,1753000,0,10157.232943999998,hold,-9.74579909752693e-05
2010-11-29,7.082,7.19,6.666,6.866,6.866,5728000,0,10150.698943999998,hold,-0.0006432854337420357
2010-11-30,6.748,7.066,6.682,7.066,7.066,11113000,0,10157.298943999998,hold,0.0006502015315803522
2010-12-01,7.174,7.284,6.69,6.87,6.87,6496000,0,10150.830943999998,hold,-0.0006367834633657088
2010-12-02,6.802,6.86,6.24,6.47,6.47,10035000,0,10137.630943999999,hold,-0.001300386152899291
2010-12-03,6.402,6.45,6.174,6.298,6.298,5800500,-1,10131.954944,sell,-0.0005598941243130096
2010-12-06,6.27,6.29,5.912,6.062,6.062,6372000,0,10131.747109999998,hold,-2.0512724459353926e-05
2010-12-07,6.098,6.48,6.01,6.312,6.312,6556500,0,10131.747109999998,hold,0.0
2010-12-08,6.496,6.498,6.304,6.474,6.474,3300000,0,10131.747109999998,hold,0.0
2010-12-09,6.502,6.544,6.33,6.41,6.41,2030000,0,10131.747109999998,hold,0.0
2010-12-10,6.41,6.584,6.226,6.304,6.304,2147000,-1,10131.747109999998,hold,0.0
2010-12-13,6.328,6.354,6.08,6.11,6.11,2052000,0,10131.747109999998,hold,0.0
2010-12-14,6.058,6.078,5.552,5.706,5.706,8828500,0,10131.747109999998,hold,0.0
2010-12-15,5.734,5.994,5.706,5.92,5.92,3714500,0,10131.747109999998,hold,0.0
2010-12-16,6.0,6.182,5.93,6.162,6.162,3950500,0,10131.747109999998,hold,0.0
2010-12-17,6.268,6.308,6.142,6.272,6.272,4065000,1,10131.747109999998,buy,0.0
2010-12-20,6.328,6.438,6.252,6.34,6.34,2617000,0,10133.722405999997,hold,0.0001949610445812766
2010-12-21,6.36,6.538,6.342,6.452,6.452,3888500,0,10137.306405999998,hold,0.00035367063122615505
2010-12-22,6.45,6.572,6.34,6.526,6.526,4166500,0,10139.674405999998,hold,0.0002335926236380903
2010-12-23,6.252,6.496,5.984,6.018,6.018,7763000,0,10123.418405999997,hold,-0.0016032072973055644
2010-12-27,5.604,5.716,5.012,5.11,5.11,46509500,-1,10094.362405999998,sell,-0.00287017673622747
2010-12-28,5.17,5.35,5.0,5.282,5.282,20281500,0,10094.198885999998,hold,-1.619914100792208e-05
2010-12-29,5.406,5.602,5.3,5.546,5.546,16596000,0,10094.198885999998,hold,0.0
2010-12-30,5.54,5.58,5.276,5.3,5.3,10205500,0,10094.198885999998,hold,0.0
2010-12-31,5.314,5.45,5.3,5.326,5.326,7089500,0,10094.198885999998,hold,0.0
2011-01-03,5.368,5.4,5.18,5.324,5.324,6415000,0,10094.198885999998,hold,0.0
2011-01-04,5.332,5.39,5.204,5.334,5.334,5937000,0,10094.198885999998,hold,0.0
2011-01-05,5.296,5.38,5.238,5.366,5.366,7233500,0,10094.198885999998,hold,0.0
2011-01-06,5.366,5.6,5.362,5.576,5.576,10306000,0,10094.198885999998,hold,0.0
2011-01-07,5.6,5.716,5.58,5.648,5.648,11239500,0,10094.198885999998,hold,0.0
2011-01-10,5.634,5.736,5.61,5.69,5.69,6713500,0,10094.198885999998,hold,0.0
2011-01-11,5.718,5.742,5.384,5.392,5.392,8551000,0,10094.198885999998,hold,0.0
2011-01-12,5.402,5.48,5.304,5.392,5.392,4822000,0,10094.198885999998,hold,0.0
2011-01-13,5.392,5.394,5.232,5.244,5.244,3618000,0,10094.198885999998,hold,0.0
2011-01-14,5.23,5.316,5.122,5.15,5.15,5960000,0,10094.198885999998,hold,0.0
2011-01-18,5.096,5.128,4.95,5.128,5.128,8108500,0,10094.198885999998,hold,0.0
2011-01-19,5.054,5.094,4.75,4.806,4.806,11857500,0,10094.198885999998,hold,0.0
2011-01-20,4.806,4.89,4.474,4.524,4.524,11399500,0,10094.198885999998,hold,0.0
2011-01-21,4.624,4.718,4.542,4.608,4.608,6085000,0,10094.198885999998,hold,0.0
2011-01-24,4.706,4.962,4.646,4.898,4.898,8225500,0,10094.198885999998,hold,0.0
2011-01-25,4.93,4.978,4.804,4.936,4.936,6357500,0,10094.198885999998,hold,0.0
2011-01-26,4.942,4.976,4.82,4.95,4.95,5399500,0,10094.198885999998,hold,0.0
2011-01-27,4.948,5.016,4.906,4.984,4.984,4478500,0,10094.198885999998,hold,0.0
2011-01-28,4.976,4.976,4.75,4.802,4.802,5242000,0,10094.198885999998,hold,0.0
2011-01-31,4.81,4.824,4.7,4.82,4.82,4151500,0,10094.198885999998,hold,0.0
2011-02-01,4.862,4.946,4.708,4.782,4.782,3539000,0,10094.198885999998,hold,0.0
2011-02-02,4.832,4.836,4.734,4.788,4.788,2847500,0,10094.198885999998,hold,0.0
2011-02-03,4.764,4.78,4.63,4.726,4.726,2560000,0,10094.198885999998,hold,0.0
2011-02-04,4.688,4.734,4.644,4.692,4.692,2720000,0,10094.198885999998,hold,0.0
2011-02-07,4.652,4.652,4.576,4.614,4.614,4475500,0,10094.198885999998,hold,0.0
2011-02-08,4.756,5.05,4.6,4.898,4.898,17524500,1,10094.198885999998,buy,0.0
2011-02-09,4.826,4.836,4.558,4.642,4.642,13178000,0,10083.502067999998,hold,-0.0010596995483055371
2011-02-10,4.652,4.728,4.562,4.644,4.644,4180500,0,10083.584067999998,hold,8.13209532246617e-06
2011-02-11,4.65,4.75,4.588,4.65,4.65,3172500,0,10083.830067999997,hold,2.4396087575651038e-05
2011-02-14,4.728,4.828,4.61,4.616,4.616,6415500,0,10082.436067999997,hold,-0.0001382411237198511
2011-02-15,4.602,4.634,4.512,4.568,4.568,4768500,-1,10080.468067999998,sell,-0.0001951909227815296
2011-02-16,4.62,4.994,4.614,4.946,4.946,20575500,0,10080.280779999997,hold,-1.857929599480279e-05
2011-02-17,4.926,5.098,4.71,4.72,4.72,13092000,0,10080.280779999997,hold,0.0
2011-02-18,4.666,4.698,4.592,4.636,4.636,11853500,0,10080.280779999997,hold,0.0
2011-02-22,4.576,4.6,4.356,4.374,4.374,10323000,0,10080.280779999997,hold,0.0
2011-02-23,4.436,4.5,4.222,4.366,4.366,8028000,0,10080.280779999997,hold,0.0
2011-02-24,4.356,4.516,4.3,4.506,4.506,5276500,0,10080.280779999997,hold,0.0
2011-02-25,4.562,4.77,4.538,4.722,4.722,6731500,0,10080.280779999997,hold,0.0
2011-02-28,4.748,4.82,4.7,4.778,4.778,5256000,0,10080.280779999997,hold,0.0
2011-03-01,4.81,4.864,4.74,4.788,4.788,5532000,0,10080.280779999997,hold,0.0
2011-03-02,4.764,4.856,4.746,4.804,4.804,3316500,0,10080.280779999997,hold,0.0
2011-03-03,4.896,4.958,4.812,4.872,4.872,3201000,0,10080.280779999997,hold,0.0
2011-03-04,4.896,4.998,4.756,4.99,4.99,7900500,0,10080.280779999997,hold,0.0
2011-03-07,4.986,5.08,4.94,4.988,4.988,10168000,0,10080.280779999997,hold,0.0
2011-03-08,4.92,4.992,4.8,4.932,4.932,6999500,0,10080.280779999997,hold,0.0
2011-03-09,4.932,4.998,4.854,4.944,4.944,4624000,0,10080.280779999997,hold,0.0
2011-03-10,4.888,4.898,4.746,4.802,4.802,5085000,0,10080.280779999997,hold,0.0
2011-03-11,4.77,4.85,4.706,4.814,4.814,4654000,0,10080.280779999997,hold,0.0
2011-03-14,4.764,4.8,4.64,4.65,4.65,5830000,0,10080.280779999997,hold,0.0
2011-03-15,4.44,4.592,4.36,4.59,4.59,6594000,0,10080.280779999997,hold,0.0
2011-03-16,4.572,4.65,4.538,4.564,4.564,5848500,0,10080.280779999997,hold,0.0
2011-03-17,4.648,4.686,4.528,4.562,4.562,4613000,0,10080.280779999997,hold,0.0
2011-03-18,4.638,4.638,4.502,4.592,4.592,3439500,0,10080.280779999997,hold,0.0
2011-03-21,4.61,4.61,4.508,4.546,4.546,2058500,0,10080.280779999997,hold,0.0
2011-03-22,4.546,4.572,4.4,4.438,4.438,2914500,0,10080.280779999997,hold,0.0
2011-03-23,4.422,4.454,4.354,4.442,4.442,2114000,0,10080.280779999997,hold,0.0
2011-03-24,4.428,4.476,4.396,4.466,4.466,2311000,0,10080.280779999997,hold,0.0
2011-03-25,4.486,4.6,4.48,4.55,4.55,2840000,0,10080.280779999997,hold,0.0
2011-03-28,4.54,4.708,4.51,4.65,4.65,5290500,0,10080.280779999997,hold,0.0
2011-03-29,4.66,4.8,4.642,4.784,4.784,3777000,0,10080.280779999997,hold,0.0
2011-03-30,4.822,4.898,4.602,4.742,4.742,6116500,0,10080.280779999997,hold,0.0
2011-03-31,5.31,5.742,5.3,5.55,5.55,57589000,0,10080.280779999997,hold,0.0
2011-04-01,5.49,5.636,5.314,5.332,5.332,14324000,0,10080.280779999997,hold,0.0
2011-04-04,5.366,5.4,5.046,5.166,5.166,13046500,0,10080.280779999997,hold,0.0
2011-04-05,5.18,5.4,5.138,5.34,5.34,15904500,0,10080.280779999997,hold,0.0
2011-04-06,5.398,5.402,5.16,5.298,5.298,6441500,0,10080.280779999997,hold,0.0
2011-04-07,5.37,5.588,5.29,5.448,5.448,14051500,0,10080.280779999997,hold,0.0
2011-04-08,5.516,5.52,5.272,5.298,5.298,9732000,0,10080.280779999997,hold,0.0
2011-04-11,5.294,5.306,5.004,5.054,5.054,6847000,0,10080.280779999997,hold,0.0
2011-04-12,5.016,5.042,4.86,4.93,4.93,6787000,0,10080.280779999997,hold,0.0
2011-04-13,5.026,5.138,4.962,4.986,4.986,6057500,1,10080.280779999997,buy,0.0
2011-04-14,4.974,5.056,4.84,5.028,5.028,4917000,0,10081.761339999997,hold,0.00014687686110259612
2011-04-15,5.13,5.236,5.082,5.116,5.116,4717500,0,10085.281339999996,hold,0.00034914534090702
2011-04-18,5.026,5.124,4.872,5.006,5.006,5169500,0,10080.881339999996,hold,-0.00043627935123125017
2011-04-19,5.052,5.052,4.93,5.032,5.032,2743500,0,10081.921339999997,hold,0.00010316558294110045
2011-04-20,5.14,5.218,5.06,5.15,5.15,4186000,1,10086.641339999996,buy,0.0004681647317830162
2011-04-21,5.17,5.396,5.118,5.348,5.348,6930500,0,10101.889639999998,hold,0.0015117321500797143
2011-04-25,5.34,5.346,5.194,5.278,5.278,4004500,0,10096.429639999997,hold,-0.0005404929369234868
2011-04-26,5.332,5.45,5.262,5.386,5.386,7000000,0,10104.853639999998,hold,0.0008343543510298534
2011-04-27,5.386,5.472,5.326,5.416,5.416,4984500,0,10107.193639999998,hold,0.00023157188449896005
2011-04-28,5.414,5.538,5.344,5.532,5.532,8000000,1,10116.241639999997,buy,0.0008952039826555236
2011-04-29,5.538,5.574,5.484,5.52,5.52,3630000,0,10114.692019999997,hold,-0.0001531813943502769
2011-05-02,5.52,5.56,5.412,5.49,5.49,3923000,0,10111.302019999997,hold,-0.00033515602781541975
2011-05-03,5.476,5.478,5.3,5.374,5.374,4569500,0,10098.194019999997,hold,-0.0012963711274841527
2011-05-04,5.356,5.4,5.15,5.338,5.338,5222500,0,10094.126019999996,hold,-0.00040284430977899355
2011-05-05,5.44,5.488,5.234,5.288,5.288,6092500,0,10088.476019999996,hold,-0.0005597314704418599
2011-05-06,5.38,5.54,5.324,5.424,5.424,4908500,0,10103.844019999997,hold,0.0015233222510053768
2011-05-09,5.4,5.6,5.37,5.582,5.582,4582000,0,10121.698019999996,hold,0.0017670502399540489
2011-05-10,5.648,5.79,5.582,5.666,5.666,7676500,0,10131.190019999996,hold,0.0009377873140696824
2011-05-11,5.64,5.66,5.384,5.414,5.414,4812500,0,10102.714019999996,hold,-0.002810726078948833
2011-05-12,5.414,5.548,5.33,5.534,5.534,3140000,1,10116.274019999997,buy,0.001342213584701879
2011-05-13,5.6,5.638,5.46,5.51,5.51,3307500,0,10112.557863999997,hold,-0.00036734433968999003
2011-05-16,5.598,5.598,5.31,5.32,5.32,3778500,0,10084.627863999998,hold,-0.002761912502812658
2011-05-17,5.4,5.4,5.144,5.192,5.192,6171000,0,10065.811863999998,hold,-0.0018658100481000472
2011-05-18,5.22,5.294,5.104,5.27,5.27,3647500,0,10077.277863999998,hold,0.0011391033485343982
2011-05-19,5.406,5.688,5.32,5.64,5.64,13275500,1,10131.667863999997,buy,0.005397290888871975
2011-05-20,5.652,5.656,5.47,5.594,5.594,4212500,0,10123.253383999996,hold,-0.0008305128151604446
2011-05-23,5.524,5.524,5.324,5.364,5.364,4318000,0,10082.083383999998,hold,-0.004066874396828624
2011-05-24,5.404,5.5,5.32,5.344,5.344,3068500,0,10078.503383999996,hold,-0.00035508533937367304
2011-05-25,5.38,5.802,5.234,5.796,5.796,23465500,0,10159.411383999997,hold,0.008027779216549735
2011-05-26,5.764,5.952,5.62,5.896,5.896,16684500,1,10177.311383999997,buy,0.0017619130994330767
2011-05-27,5.908,5.934,5.764,5.91,5.91,8435500,0,10180.060503999997,hold,0.0002701224219514575
2011-05-31,5.938,6.056,5.91,6.028,6.028,16452500,0,10204.722503999998,hold,0.0024225789218355054
2011-06-01,6.0,6.02,5.676,5.704,5.704,7649500,0,10137.006503999997,hold,-0.0066357512390422535
2011-06-02,5.704,5.864,5.702,5.752,5.752,4931500,0,10147.038503999996,hold,0.0009896412709256008
2011-06-03,5.99,6.3,5.9,6.026,6.026,31046000,1,10204.304503999996,buy,0.005643617098469278
2011-06-06,6.02,6.026,5.652,5.74,5.74,11655500,0,10136.061749999997,hold,-0.006687643824549561
2011-06-07,5.788,5.878,5.652,5.674,5.674,6110500,0,10120.353749999997,hold,-0.001549714315818962
2011-06-08,5.688,5.72,5.404,5.424,5.424,8479500,0,10060.853749999997,hold,-0.005879241128305401
2011-06-09,5.486,5.62,5.42,5.524,5.524,8016000,0,10084.653749999996,hold,0.00236560441006306
2011-06-10,5.504,5.66,5.47,5.572,5.572,7833000,0,10096.077749999997,hold,0.0011328103357044483
2011-06-13,5.614,5.776,5.576,5.686,5.686,8567000,0,10123.209749999996,hold,0.002687380255168792
2011-06-14,5.708,5.94,5.704,5.72,5.72,7867000,0,10131.301749999997,hold,0.0007993512136801328
2011-06-15,5.688,5.69,5.414,5.464,5.464,6725000,0,10070.373749999997,hold,-0.006013837264298272
2011-06-16,5.534,5.6,5.148,5.3,5.3,9211000,0,10031.341749999996,hold,-0.003875923671651349
2011-06-17,5.374,5.54,5.228,5.3,5.3,8570000,0,10031.341749999996,hold,0.0
2011-06-20,5.258,5.292,5.1,5.202,5.202,7689000,0,10008.017749999995,hold,-0.0023251126899350716
2011-06-21,5.248,5.546,5.2,5.506,5.506,7480000,0,10080.369749999996,hold,0.007229403644892773
2011-06-22,5.474,5.65,5.42,5.442,5.442,7378000,0,10065.137749999996,hold,-0.001511055683250162
2011-06-23,5.44,5.544,5.242,5.542,5.542,5850000,0,10088.937749999996,hold,0.0023645975436350497
2011-06-24,5.528,5.594,5.452,5.514,5.514,18042500,0,10082.273749999997,hold,-0.0006605254353957424
2011-06-27,5.546,5.656,5.462,5.492,5.492,9047000,0,10077.037749999996,hold,-0.000519327299558836
2011-06-28,5.558,5.65,5.534,5.622,5.622,4446000,0,10107.977749999996,hold,0.0030703467395465367
2011-06-29,5.7,5.818,5.614,5.658,5.658,7309000,0,10116.545749999996,hold,0.0008476472952267944
2011-06-30,5.7,5.866,5.68,5.826,5.826,4733500,0,10156.529749999996,hold,0.003952337189796262
2011-07-01,5.814,5.92,5.76,5.804,5.804,4274500,0,10151.293749999997,hold,-0.0005155304152975049
2011-07-05,5.804,5.904,5.742,5.828,5.828,4980000,0,10157.005749999997,hold,0.0005626868988988232
2011-07-06,5.828,5.828,5.71,5.792,5.792,4634500,0,10148.437749999996,hold,-0.0008435556906130071
2011-07-07,5.828,6.0,5.802,5.946,5.946,6639500,0,10185.089749999996,hold,0.0036115903652265136
2011-07-08,5.978,5.978,5.718,5.762,5.762,6203000,0,10141.297749999996,hold,-0.004299618469243205
2011-07-11,5.68,5.706,5.6,5.67,5.67,4879000,-1,10119.401749999997,sell,-0.0021590925086485413
2011-07-12,5.674,5.818,5.6,5.634,5.634,5227000,0,10118.052289999996,hold,-0.00013335373309009135
2011-07-13,5.686,5.806,5.58,5.728,5.728,5330000,0,10118.052289999996,hold,0.0
2011-07-14,5.706,5.792,5.45,5.522,5.522,5795000,0,10118.052289999996,hold,0.0
2011-07-15,5.558,5.566,5.48,5.516,5.516,3545000,0,10118.052289999996,hold,0.0
2011-07-18,5.468,5.49,5.326,5.446,5.446,4259500,-1,10118.052289999996,hold,0.0
2011-07-19,5.516,5.622,5.508,5.578,5.578,5130500,0,10118.052289999996,hold,0.0
2011-07-20,5.6,6.088,5.56,5.738,5.738,15241500,0,10118.052289999996,hold,0.0
2011-07-21,5.782,5.832,5.62,5.74,5.74,5057500,0,10118.052289999996,hold,0.0
2011-07-22,5.74,5.908,5.71,5.858,5.858,2917500,0,10118.052289999996,hold,0.0
2011-07-25,5.802,5.85,5.688,5.698,5.698,3366500,-1,10118.052289999996,hold,0.0
2011-07-26,5.662,5.754,5.594,5.6,5.6,3803000,0,10118.052289999996,hold,0.0
2011-07-27,5.7,5.7,5.502,5.528,5.528,4792500,0,10118.052289999996,hold,0.0
2011-07-28,5.52,5.71,5.508,5.634,5.634,4693500,0,10118.052289999996,hold,0.0
2011-07-29,5.56,5.68,5.5,5.634,5.634,4741000,0,10118.052289999996,hold,0.0
2011-08-01,5.734,5.796,5.642,5.754,5.754,5824500,1,10118.052289999996,buy,0.0
2011-08-02,5.738,5.84,5.454,5.468,5.468,7747000,0,10107.840899999996,hold,-0.0010092248693054362
2011-08-03,5.5,5.566,5.268,5.44,5.44,8972500,0,10106.860899999996,hold,-9.695443465074227e-05
2011-08-04,5.302,5.378,4.934,4.95,4.95,15322500,0,10089.710899999996,hold,-0.0016968671251822443
2011-08-05,4.998,5.076,4.566,4.848,4.848,9822000,0,10086.140899999997,hold,-0.00035382579693132854
2011-08-08,4.62,4.888,4.62,4.728,4.728,13042500,-1,10081.940899999996,sell,-0.00041641298110373093
2011-08-09,4.83,5.09,4.74,5.012,5.012,6667000,0,10081.775419999996,hold,-1.6413506252477283e-05
2011-08-10,5.088,5.088,4.726,4.764,4.764,7821000,0,10081.775419999996,hold,0.0
2011-08-11,4.808,5.15,4.8,5.06,5.06,4182500,0,10081.775419999996,hold,0.0
2011-08-12,5.12,5.428,5.072,5.262,5.262,5045500,0,10081.775419999996,hold,0.0
2011-08-15,5.324,5.35,5.186,5.246,5.246,3693000,0,10081.775419999996,hold,0.0
2011-08-16,5.226,5.308,5.166,5.22,5.22,2688500,0,10081.775419999996,hold,0.0
2011-08-17,5.278,5.33,5.102,5.166,5.166,3218500,0,10081.775419999996,hold,0.0
2011-08-18,5.0,5.03,4.694,4.852,4.852,5283000,0,10081.775419999996,hold,0.0
2011-08-19,4.772,4.844,4.4,4.46,4.46,6876500,0,10081.775419999996,hold,0.0
2011-08-22,4.622,4.76,4.336,4.39,4.39,4930500,-1,10081.775419999996,hold,0.0
2011-08-23,4.386,4.622,4.3,4.592,4.592,4345000,0,10081.775419999996,hold,0.0
2011-08-24,4.62,4.786,4.566,4.774,4.774,3421500,0,10081.775419999996,hold,0.0
2011-08-25,4.774,4.774,4.58,4.622,4.622,3399000,0,10081.775419999996,hold,0.0
2011-08-26,4.542,4.79,4.414,4.746,4.746,3809000,0,10081.775419999996,hold,0.0
2011-08-29,4.844,4.97,4.804,4.942,4.942,4017000,1,10081.775419999996,buy,0.0
2011-08-30,4.9,4.954,4.818,4.926,4.926,1831000,0,10080.937739999998,hold,-8.308853997451848e-05
2011-08-31,4.96,5.1,4.856,4.948,4.948,4119000,0,10081.817739999997,hold,8.729346641112024e-05
2011-09-01,4.932,4.974,4.768,4.8,4.8,4240500,0,10075.897739999997,hold,-0.0005871956975092019
2011-09-02,4.732,4.798,4.536,4.614,4.614,3849500,0,10068.457739999996,hold,-0.0007383957431866817
2011-09-06,4.5,4.64,4.458,4.588,4.588,4049000,0,10067.417739999997,hold,-0.00010329288028565475
2011-09-07,4.678,4.8,4.656,4.768,4.768,2296000,0,10074.617739999996,hold,0.0007151784286640872
2011-09-08,4.716,4.806,4.656,4.722,4.722,2528500,0,10072.777739999996,hold,-0.00018263720247113646
2011-09-09,4.674,4.714,4.51,4.594,4.594,3346500,0,10067.657739999997,hold,-0.0005083007023640729
2011-09-12,4.5,4.662,4.49,4.576,4.576,2833000,0,10066.937739999998,hold,-7.15161379730711e-05
2011-09-13,4.602,4.82,4.55,4.816,4.816,3632500,1,10076.537739999996,buy,0.0009536167052919264
2011-09-14,4.85,4.968,4.758,4.868,4.868,4154000,0,10080.552283999998,hold,0.00039840509742394836
2011-09-15,4.916,4.986,4.866,4.964,4.964,2813000,0,10088.328283999997,hold,0.0007713863071114879
2011-09-16,4.956,5.168,4.898,5.16,5.16,7085500,0,10104.204283999996,hold,0.001573699779890969
2011-09-19,4.99,5.162,4.764,5.154,5.154,5787000,0,10103.718283999997,hold,-4.809879000255979e-05
2011-09-20,5.196,5.32,5.134,5.202,5.202,5902000,0,10107.606283999996,hold,0.0003848088288600504
2011-09-21,5.19,5.39,5.14,5.17,5.17,4938000,0,10105.014283999997,hold,-0.00025644053865669925
2011-09-22,5.128,5.222,4.976,5.126,5.126,3879000,0,10101.450283999997,hold,-0.0003526961862531097
2011-09-23,5.098,5.324,5.07,5.276,5.276,5782000,0,10113.600283999996,hold,0.0012027975843473815
2011-09-26,5.304,5.304,4.98,5.104,5.104,4674000,0,10099.668283999998,hold,-0.0013775509817250953
2011-09-27,5.2,5.398,5.114,5.238,5.238,3372500,1,10110.522283999997,buy,0.0010746887615302736
2011-09-28,5.2,5.3,4.902,4.918,4.918,3616500,0,10072.893715999997,hold,-0.0037217234622535234
2011-09-29,5.144,5.164,4.71,4.824,4.824,4648000,0,10061.895715999995,hold,-0.001091841164027385
2011-09-30,4.96,4.978,4.698,4.878,4.878,6680500,0,10068.213715999997,hold,0.0006279134845290635
2011-10-03,4.99,5.0,4.65,4.746,4.746,5116000,0,10052.769715999995,hold,-0.0015339364494675323
2011-10-04,4.658,4.864,4.586,4.732,4.732,6001500,0,10051.131715999996,hold,-0.00016294016935369804
2011-10-05,4.806,5.168,4.67,5.074,5.074,6147500,0,10091.145715999995,hold,0.003981044237665543
2011-10-06,5.074,5.52,5.004,5.392,5.392,8845500,0,10128.351715999996,hold,0.003686994623515183
2011-10-07,5.396,5.52,5.21,5.398,5.398,6558000,0,10129.053715999997,hold,6.931038926039079e-05
2011-10-10,5.462,5.636,5.4,5.576,5.576,4617500,0,10149.879715999996,hold,0.0020560657080042066
2011-10-11,5.502,5.554,5.418,5.522,5.522,2878500,0,10143.561715999997,hold,-0.000622470430860389
2011-10-12,5.45,5.6,5.44,5.56,5.56,5617000,0,10148.007715999996,hold,0.0004383075811513759
2011-10-13,5.526,5.694,5.488,5.588,5.588,5217500,0,10151.283715999996,hold,0.00032282198552469055
2011-10-14,5.6,5.71,5.452,5.61,5.61,7002500,0,10153.857715999997,hold,0.00025356398973896965
2011-10-17,5.572,5.6,5.452,5.484,5.484,3772500,0,10139.115715999997,hold,-0.0014518619831328516
2011-10-18,5.46,5.686,5.342,5.668,5.668,4998500,1,10160.643715999997,buy,0.002123262087444955
2011-10-19,5.604,5.612,5.46,5.514,5.514,3964500,0,10137.356671999996,hold,-0.0022918866806962424
2011-10-20,5.488,5.494,5.4,5.468,5.468,4998500,0,10130.456671999997,hold,-0.0006806508070351658
2011-10-21,5.48,5.66,5.402,5.606,5.606,5713000,0,10151.156671999996,hold,0.0020433432243200933
2011-10-24,5.574,5.778,5.55,5.71,5.71,4703000,0,10166.756671999996,hold,0.0015367706857514207
2011-10-25,5.646,5.772,5.56,5.65,5.65,3272000,-1,10157.756671999996,sell,-0.0008852380646412472
2011-10-26,5.638,5.674,5.48,5.596,5.596,2552500,0,10156.909171999996,hold,-8.343377650854578e-05
2011-10-27,5.668,5.79,5.622,5.752,5.752,4347000,0,10156.909171999996,hold,0.0
2011-10-28,5.7,6.0,5.602,5.974,5.974,6320000,0,10156.909171999996,hold,0.0
2011-10-31,5.9,5.902,5.75,5.874,5.874,5670000,0,10156.909171999996,hold,0.0
2011-11-01,5.678,5.784,5.6,5.776,5.776,3176000,-1,10156.909171999996,hold,0.0
2011-11-02,5.8,5.852,5.65,5.742,5.742,4376500,0,10156.909171999996,hold,0.0
2011-11-03,6.0,6.498,5.906,6.492,6.492,12548500,0,10156.909171999996,hold,0.0
2011-11-04,6.292,6.48,6.102,6.462,6.462,15164500,0,10156.909171999996,hold,0.0
2011-11-07,6.328,6.4,6.15,6.254,6.254,6331500,0,10156.909171999996,hold,0.0
2011-11-08,6.274,6.4,6.144,6.368,6.368,5839500,1,10156.909171999996,buy,0.0
2011-11-09,6.174,6.298,6.06,6.176,6.176,4768500,0,10150.759763999997,hold,-0.0006054408773243924
2011-11-10,6.188,6.3,6.13,6.266,6.266,3736500,0,10153.549763999996,hold,0.0002748562733101423
2011-11-11,6.38,6.9,6.114,6.728,6.728,19341500,0,10167.871763999996,hold,0.0014105411735685358
2011-11-14,6.6,6.708,6.524,6.644,6.644,6628500,0,10165.267763999997,hold,-0.000256100790847813
2011-11-15,6.584,6.88,6.546,6.786,6.786,4455000,1,10169.669763999997,buy,0.00043304319199433117
2011-11-16,6.696,7.0,6.68,6.988,6.988,9166000,0,10181.592969999998,hold,0.0011724280410960741
2011-11-17,6.9,6.98,6.638,6.736,6.736,6746500,0,10166.472969999997,hold,-0.0014850328474681485
2011-11-18,6.728,6.822,6.508,6.52,6.52,4514000,0,10153.512969999998,hold,-0.001274778385605524
2011-11-21,6.488,6.488,6.21,6.352,6.352,5158000,0,10143.432969999998,hold,-0.000992759848712721
2011-11-22,6.352,6.558,6.21,6.414,6.414,3663000,0,10147.152969999997,hold,0.00036673974294521017
2011-11-23,6.352,6.41,6.25,6.29,6.29,2259000,0,10139.712969999997,hold,-0.0007332105884277906
2011-11-25,6.31,6.482,6.216,6.332,6.332,1198000,0,10142.232969999997,hold,0.0002485277450610113
2011-11-28,6.4,6.656,6.362,6.512,6.512,3406000,0,10153.032969999997,hold,0.001064854261575876
2011-11-29,6.498,6.614,6.326,6.35,6.35,2955500,0,10143.312969999997,hold,-0.0009573493978320968
2011-11-30,6.5,6.586,6.444,6.548,6.548,3801500,1,10155.192969999996,buy,0.0011712149704081742
2011-12-01,6.514,6.798,6.396,6.52,6.52,5151000,0,10152.511077999998,hold,-0.00026409069802235674
2011-12-02,6.566,6.738,6.48,6.66,6.66,4014000,0,10164.971077999997,hold,0.0012272825810550891
2011-12-05,6.706,7.0,6.686,6.884,6.884,5800500,0,10184.907077999997,hold,0.0019612451277060128
2011-12-06,6.84,6.996,6.806,6.974,6.974,4759000,0,10192.917077999997,hold,0.0007864578379219722
2011-12-07,6.926,6.978,6.76,6.838,6.838,3371500,-1,10180.813077999997,sell,-0.001187491265491003
2011-12-08,6.168,6.33,5.922,6.178,6.178,16529000,0,10180.204495999997,hold,-5.977734738260576e-05
2011-12-09,6.108,6.224,6.056,6.208,6.208,6197500,0,10180.204495999997,hold,0.0
2011-12-12,6.088,6.124,6.004,6.082,6.082,3793500,0,10180.204495999997,hold,0.0
2011-12-13,6.114,6.186,5.782,5.89,5.89,4970500,0,10180.204495999997,hold,0.0
2011-12-14,5.9,5.936,5.6,5.706,5.706,5819500,-1,10180.204495999997,hold,0.0
2011-12-15,5.734,5.834,5.624,5.724,5.724,3501500,0,10180.204495999997,hold,0.0
2011-12-16,5.758,5.786,5.596,5.6,5.6,5148500,0,10180.204495999997,hold,0.0
2011-12-19,5.618,5.7,5.474,5.55,5.55,4935000,0,10180.204495999997,hold,0.0
2011-12-20,5.61,5.69,5.544,5.58,5.58,4216500,0,10180.204495999997,hold,0.0
2011-12-21,5.582,5.614,5.206,5.514,5.514,8527500,-1,10180.204495999997,hold,0.0
2011-12-22,5.52,5.61,5.46,5.554,5.554,5047000,0,10180.204495999997,hold,0.0
2011-12-23,5.6,5.6,5.504,5.58,5.58,2957000,0,10180.204495999997,hold,0.0
2011-12-27,5.532,5.754,5.528,5.714,5.714,3887500,0,10180.204495999997,hold,0.0
2011-12-28,5.798,5.848,5.608,5.702,5.702,2876000,0,10180.204495999997,hold,0.0
2011-12-29,5.718,5.868,5.71,5.746,5.746,2441000,0,10180.204495999997,hold,0.0
2011-12-30,5.698,5.796,5.65,5.712,5.712,1699000,0,10180.204495999997,hold,0.0
2012-01-03,5.788,5.9,5.53,5.616,5.616,4640500,0,10180.204495999997,hold,0.0
2012-01-04,5.642,5.734,5.5,5.542,5.542,3150500,0,10180.204495999997,hold,0.0
2012-01-05,5.552,5.586,5.37,5.424,5.424,5027500,0,10180.204495999997,hold,0.0
2012-01-06,5.44,5.558,5.282,5.382,5.382,4931500,0,10180.204495999997,hold,0.0
2012-01-09,5.4,5.498,5.224,5.45,5.45,4485000,0,10180.204495999997,hold,0.0
2012-01-10,5.488,5.552,5.45,5.524,5.524,3359000,0,10180.204495999997,hold,0.0
2012-01-11,5.524,5.676,5.46,5.646,5.646,3361500,0,10180.204495999997,hold,0.0
2012-01-12,5.696,5.724,5.562,5.65,5.65,3646500,0,10180.204495999997,hold,0.0
2012-01-13,5.68,5.7,4.528,4.558,4.558,27502000,-1,10180.204495999997,hold,0.0
2012-01-17,5.324,5.468,5.282,5.32,5.32,23258000,0,10180.204495999997,hold,0.0
2012-01-18,5.338,5.376,5.25,5.362,5.362,6301000,0,10180.204495999997,hold,0.0
2012-01-19,5.438,5.548,5.322,5.352,5.352,6231500,0,10180.204495999997,hold,0.0
2012-01-20,5.38,5.4,5.28,5.32,5.32,3311500,0,10180.204495999997,hold,0.0
2012-01-23,5.362,5.442,5.32,5.354,5.354,2973000,0,10180.204495999997,hold,0.0
2012-01-24,5.326,5.536,5.288,5.484,5.484,4290000,0,10180.204495999997,hold,0.0
2012-01-25,5.454,5.602,5.41,5.594,5.594,3056000,0,10180.204495999997,hold,0.0
2012-01-26,5.614,5.916,5.6,5.788,5.788,6355500,0,10180.204495999997,hold,0.0
2012-01-27,5.7,5.944,5.7,5.866,5.866,3742000,0,10180.204495999997,hold,0.0
2012-01-30,5.898,5.922,5.706,5.914,5.914,3645000,0,10180.204495999997,hold,0.0
2012-01-31,5.98,6.0,5.774,5.814,5.814,4782000,0,10180.204495999997,hold,0.0
2012-02-01,5.814,5.94,5.8,5.916,5.916,2616000,0,10180.204495999997,hold,0.0
2012-02-02,5.944,6.176,5.922,6.05,6.05,4028500,0,10180.204495999997,hold,0.0
2012-02-03,6.082,6.266,6.05,6.23,6.23,3822500,0,10180.204495999997,hold,0.0
2012-02-06,6.22,6.38,6.21,6.36,6.36,3260500,1,10180.204495999997,buy,0.0
2012-02-07,6.36,6.36,6.164,6.32,6.32,5108000,0,10178.720975999997,hold,-0.0001457259528119259
2012-02-08,6.32,6.402,6.258,6.386,6.386,3118500,0,10180.832975999998,hold,0.0002074916882957023
2012-02-09,6.4,6.58,6.286,6.516,6.516,6385500,0,10184.992975999998,hold,0.0004086109662939652
2012-02-10,6.452,6.454,5.968,6.22,6.22,9371000,0,10175.520975999998,hold,-0.0009299957321835528
2012-02-13,6.31,6.412,6.18,6.298,6.298,5789500,1,10178.016975999997,buy,0.0002452945658395489
2012-02-14,6.348,6.758,6.28,6.634,6.634,9054000,0,10198.989737999997,hold,0.002060594126483961
2012-02-15,6.62,6.882,6.454,6.72,6.72,13809000,0,10204.407737999998,hold,0.000531229086329521
2012-02-16,6.7,6.902,6.508,6.836,6.836,11098500,0,10211.715737999997,hold,0.0007161611126911271
2012-02-17,6.798,6.994,6.7,6.994,6.994,6883500,0,10221.669737999997,hold,0.0009747627387393099
2012-02-21,6.974,6.974,6.762,6.9,6.9,5679000,-1,10215.747737999998,sell,-0.0005793573996998314
2012-02-22,6.9,6.944,6.5,6.844,6.844,8273000,0,10215.313037999997,hold,-4.255195127667033e-05
2012-02-23,6.798,6.994,6.712,6.906,6.906,4102000,0,10215.313037999997,hold,0.0
2012-02-24,6.846,6.904,6.654,6.75,6.75,4799500,0,10215.313037999997,hold,0.0
2012-02-27,6.682,6.8,6.6,6.724,6.724,3030000,0,10215.313037999997,hold,0.0
2012-02-28,6.728,6.888,6.634,6.762,6.762,3061000,0,10215.313037999997,hold,0.0
2012-02-29,6.762,6.824,6.628,6.682,6.682,2678500,0,10215.313037999997,hold,0.0
2012-03-01,6.702,6.9,6.662,6.882,6.882,3517500,0,10215.313037999997,hold,0.0
2012-03-02,6.88,6.9,6.742,6.808,6.808,2750000,0,10215.313037999997,hold,0.0
2012-03-05,6.87,6.88,6.692,6.754,6.754,2335000,0,10215.313037999997,hold,0.0
2012-03-06,6.65,6.656,6.524,6.622,6.622,2869000,-1,10215.313037999997,hold,0.0
2012-03-07,6.624,6.662,6.582,6.624,6.624,1824500,0,10215.313037999997,hold,0.0
2012-03-08,6.622,6.698,6.608,6.614,6.614,3166500,0,10215.313037999997,hold,0.0
2012-03-09,6.64,7.062,6.64,6.948,6.948,7767000,0,10215.313037999997,hold,0.0
2012-03-12,6.938,7.258,6.92,7.202,7.202,9816500,0,10215.313037999997,hold,0.0
2012-03-13,7.302,7.318,7.1,7.218,7.218,5008000,0,10215.313037999997,hold,0.0
2012-03-14,7.2,7.2,6.96,7.058,7.058,4257500,0,10215.313037999997,hold,0.0
2012-03-15,7.056,7.096,6.956,7.0,7.0,2858000,0,10215.313037999997,hold,0.0
2012-03-16,6.98,7.178,6.966,7.064,7.064,3646500,0,10215.313037999997,hold,0.0
2012-03-19,7.052,7.064,6.908,6.996,6.996,5078000,0,10215.313037999997,hold,0.0
2012-03-20,6.996,7.04,6.914,6.992,6.992,2835000,0,10215.313037999997,hold,0.0
2012-03-21,6.988,7.06,6.92,7.03,7.03,3036000,0,10215.313037999997,hold,0.0
2012-03-22,6.994,7.03,6.86,6.88,6.88,2612000,0,10215.313037999997,hold,0.0
2012-03-23,6.852,6.926,6.63,6.816,6.816,5853000,0,10215.313037999997,hold,0.0
2012-03-26,7.118,7.618,7.008,7.48,7.48,15702500,0,10215.313037999997,hold,0.0
2012-03-27,7.432,7.99,7.406,7.588,7.588,12696000,1,10215.313037999997,buy,0.0
2012-03-28,7.556,7.688,7.422,7.57,7.57,4775000,0,10214.647749999996,hold,-6.512654066748169e-05
2012-03-29,7.638,7.638,7.406,7.466,7.466,3982000,0,10211.943749999997,hold,-0.0002647178900515579
2012-03-30,7.504,7.588,7.336,7.448,7.448,4432000,0,10211.475749999996,hold,-4.5828689567595227e-05
2012-04-02,7.466,7.594,7.306,7.316,7.316,5143000,0,10208.043749999997,hold,-0.0003360924595056103
2012-04-03,7.34,7.694,7.334,7.602,7.602,5490500,1,10215.479749999997,buy,0.0007284451538522863
2012-04-04,7.054,7.098,6.938,7.0,7.0,22409000,0,10183.978097999996,hold,-0.003083717335938263
2012-04-05,7.02,7.088,6.882,6.896,6.896,7547000,0,10178.570097999997,hold,-0.0005310302072488726
2012-04-09,6.82,6.858,6.62,6.63,6.63,8278500,0,10164.738097999996,hold,-0.001358933510976934
2012-04-10,6.63,6.77,6.42,6.492,6.492,9238500,0,10157.562097999997,hold,-0.0007059699847467016
2012-04-11,6.648,6.658,6.402,6.618,6.618,5527500,1,10164.114097999996,buy,0.0006450366669468188
2012-04-12,6.754,6.896,6.584,6.688,6.688,5169500,0,10169.592175999995,hold,0.0005389626628724553
2012-04-13,6.788,6.808,6.57,6.718,6.718,3248000,0,10172.022175999995,hold,0.00023894763506193684
2012-04-16,6.682,6.74,6.418,6.45,6.45,5498000,0,10150.314175999996,hold,-0.002134088937715495
2012-04-17,6.486,6.614,6.408,6.448,6.448,5577500,0,10150.152175999996,hold,-1.5960097115352845e-05
2012-04-18,6.418,6.55,6.306,6.532,6.532,4115500,1,10156.956175999996,buy,0.0006703347774517088
2012-04-19,6.55,6.686,6.5,6.632,6.632,3874500,0,10167.766747999996,hold,0.0010643515451553842
2012-04-20,6.628,6.746,6.588,6.632,6.632,4109000,0,10167.766747999996,hold,0.0
2012-04-23,6.572,6.594,6.342,6.388,6.388,4454000,0,10140.926747999996,hold,-0.002639714370442192
2012-04-24,6.364,6.44,6.2,6.364,6.364,3372500,0,10138.286747999995,hold,-0.000260331236543232
2012-04-25,6.414,6.598,6.414,6.582,6.582,3561000,1,10162.266747999996,buy,0.0023652911577720648
2012-04-26,6.592,6.704,6.582,6.698,6.698,2126500,0,10178.090451999997,hold,0.0015571037832788903
2012-04-27,6.72,6.726,6.582,6.668,6.668,2955000,0,10173.950451999995,hold,-0.0004067560628907563
2012-04-30,6.654,6.672,6.516,6.626,6.626,2069500,0,10168.154451999997,hold,-0.0005696902129948
2012-05-01,6.626,6.842,6.626,6.756,6.756,3295000,0,10186.094451999996,hold,0.0017643319724032214
2012-05-02,6.7,6.878,6.678,6.788,6.788,2486500,0,10190.510451999997,hold,0.00043353220616704213
2012-05-03,6.782,6.8,6.426,6.492,6.492,4206500,0,10149.662451999997,hold,-0.004008435121322429
2012-05-04,6.464,6.492,6.28,6.366,6.366,6237500,0,10132.274451999996,hold,-0.0017131604210713913
2012-05-07,6.392,6.516,6.322,6.494,6.494,5790000,0,10149.938451999997,hold,0.0017433400648276809
2012-05-08,6.5,6.546,5.874,6.038,6.038,15486000,0,10087.010451999997,hold,-0.006199840550520808
2012-05-09,6.06,6.154,5.952,6.012,6.012,9739500,0,10083.422451999995,hold,-0.0003557049947628954
2012-05-10,6.594,6.936,6.48,6.592,6.592,27781500,0,10163.462451999996,hold,0.007937781083854567
2012-05-11,6.498,6.688,6.432,6.45,6.45,6106500,0,10143.866451999997,hold,-0.0019280830811888583
2012-05-14,6.384,6.426,6.01,6.012,6.012,6904500,0,10083.422451999995,hold,-0.005958674661778907
2012-05-15,6.052,6.192,5.844,5.886,5.886,7928500,0,10066.034451999996,hold,-0.0017244145113199938
2012-05-16,5.916,6.036,5.776,5.836,5.836,6285500,0,10059.134451999997,hold,-0.0006854735132193479
2012-05-17,5.86,5.958,5.648,5.714,5.714,5745000,0,10042.298451999995,hold,-0.0016737026510917907
2012-05-18,5.674,5.692,5.366,5.512,5.512,8082500,0,10014.422451999995,hold,-0.0027758585480447406
2012-05-21,5.516,5.852,5.424,5.754,5.754,7376000,0,10047.818451999996,hold,0.003334790414531774
2012-05-22,6.02,6.268,6.0,6.16,6.16,11831000,0,10103.846451999996,hold,0.005576135781876879
2012-05-23,6.112,6.21,5.9,6.204,6.204,6102000,0,10109.918451999996,hold,0.0006009592513946949
2012-05-24,6.25,6.25,5.938,6.056,6.056,5378000,0,10089.494451999995,hold,-0.002020194336578518
2012-05-25,6.032,6.082,5.84,5.962,5.962,3785000,0,10076.522451999996,hold,-0.0012856937542027325
2012-05-29,6.002,6.386,6.002,6.338,6.338,8250000,0,10128.410451999996,hold,0.005149395562523917
2012-05-30,6.216,6.284,6.048,6.082,6.082,6536000,0,10093.082451999997,hold,-0.003488010302053257
2012-05-31,6.014,6.058,5.75,5.9,5.9,5593500,-1,10067.966451999997,sell,-0.002488437018070999
2012-06-01,5.706,5.832,5.552,5.63,5.63,4429000,0,10067.152251999996,hold,-8.0870352904161e-05
2012-06-04,5.606,5.682,5.422,5.576,5.576,5154500,0,10067.152251999996,hold,0.0
2012-06-05,5.568,5.678,5.512,5.582,5.582,3154500,0,10067.152251999996,hold,0.0
2012-06-06,5.64,5.89,5.628,5.844,5.844,4549500,0,10067.152251999996,hold,0.0
2012-06-07,5.962,5.974,5.77,5.786,5.786,2460500,0,10067.152251999996,hold,0.0
2012-06-08,5.772,6.038,5.63,6.016,6.016,4405500,0,10067.152251999996,hold,0.0
2012-06-11,6.062,6.2,5.792,5.824,5.824,3180000,0,10067.152251999996,hold,0.0
2012-06-12,5.846,5.968,5.762,5.932,5.932,2845000,0,10067.152251999996,hold,0.0
2012-06-13,5.91,6.128,5.894,5.954,5.954,4220500,0,10067.152251999996,hold,0.0
2012-06-14,6.036,6.13,5.724,5.878,5.878,4361000,-1,10067.152251999996,hold,0.0
2012-06-15,5.878,5.99,5.762,5.982,5.982,3234000,0,10067.152251999996,hold,0.0
2012-06-18,5.988,6.466,5.9,6.368,6.368,6284000,0,10067.152251999996,hold,0.0
2012-06-19,6.404,6.532,6.3,6.418,6.418,4555500,0,10067.152251999996,hold,0.0
2012-06-20,6.7,6.9,6.642,6.756,6.756,17112000,0,10067.152251999996,hold,0.0
2012-06-21,6.852,6.856,6.368,6.438,6.438,9459500,-1,10067.152251999996,hold,0.0
2012-06-22,6.52,6.796,6.492,6.758,6.758,15233000,0,10067.152251999996,hold,0.0
2012-06-25,6.788,6.824,6.55,6.622,6.622,7492500,0,10067.152251999996,hold,0.0
2012-06-26,6.41,6.47,6.278,6.322,6.322,13069500,0,10067.152251999996,hold,0.0
2012-06-27,6.38,6.49,6.314,6.392,6.392,5236000,0,10067.152251999996,hold,0.0
2012-06-28,6.38,6.422,6.124,6.282,6.282,4570500,-1,10067.152251999996,hold,0.0
2012-06-29,6.56,6.56,6.2,6.258,6.258,5629000,0,10067.152251999996,hold,0.0
2012-07-02,6.27,6.36,6.038,6.08,6.08,6578000,0,10067.152251999996,hold,0.0
2012-07-03,6.12,6.2,6.08,6.132,6.132,4735000,0,10067.152251999996,hold,0.0
2012-07-05,6.162,6.334,6.16,6.246,6.246,6269000,0,10067.152251999996,hold,0.0
2012-07-06,6.198,6.346,6.16,6.198,6.198,3922500,0,10067.152251999996,hold,0.0
2012-07-09,6.188,6.366,6.134,6.298,6.298,4552500,0,10067.152251999996,hold,0.0
2012-07-10,6.308,6.496,6.178,6.254,6.254,3792000,0,10067.152251999996,hold,0.0
2012-07-11,6.314,6.336,6.202,6.302,6.302,3193000,0,10067.152251999996,hold,0.0
2012-07-12,6.258,6.602,6.16,6.54,6.54,5628500,0,10067.152251999996,hold,0.0
2012-07-13,6.594,6.88,6.566,6.85,6.85,6524000,1,10067.152251999996,buy,0.0
2012-07-16,6.864,7.2,6.78,7.192,7.192,8720000,0,10076.871601999996,hold,0.0009654517739183799
2012-07-17,7.0,7.042,6.476,6.67,6.67,12846500,0,10061.733601999997,hold,-0.0015022519486102004
2012-07-18,6.284,6.734,6.212,6.43,6.43,14409500,0,10054.773601999996,hold,-0.0006917297033800507
2012-07-19,6.544,6.63,6.408,6.454,6.454,7179500,0,10055.469601999996,hold,6.9220852457752e-05
2012-07-20,6.414,6.45,6.25,6.358,6.358,7842500,-1,10052.685601999996,sell,-0.000276864245051911
2012-07-23,6.21,6.26,6.124,6.132,6.132,6934000,0,10052.501219999996,hold,-1.834156635349693e-05
2012-07-24,6.132,6.208,5.924,5.968,5.968,7501500,0,10052.501219999996,hold,0.0
2012-07-25,5.984,5.996,5.75,5.79,5.79,14211000,0,10052.501219999996,hold,0.0
2012-07-26,5.98,6.0,5.528,5.626,5.626,11311500,0,10052.501219999996,hold,0.0
2012-07-27,5.742,5.932,5.62,5.902,5.902,8365000,1,10052.501219999996,buy,0.0
2012-07-30,5.902,6.05,5.442,5.47,5.47,10326000,0,10037.612551999997,hold,-0.0014810908921232269
2012-07-31,5.508,5.594,5.47,5.484,5.484,7875500,0,10038.088551999997,hold,4.742163512827524e-05
2012-08-01,5.598,5.598,5.206,5.25,5.25,7961500,0,10030.132551999997,hold,-0.0007925811730775667
2012-08-02,5.368,5.37,5.104,5.22,5.22,6525500,0,10029.112551999997,hold,-0.00010169357131750711
2012-08-03,5.38,5.51,5.348,5.454,5.454,6047500,1,10037.068551999997,buy,0.0007932905288228209
2012-08-06,5.51,5.74,5.51,5.654,5.654,7641000,0,10050.872207999999,hold,0.0013752676818423737
2012-08-07,5.754,6.18,5.7,6.05,6.05,11936000,0,10078.592207999998,hold,0.0027579695996866604
2012-08-08,5.98,6.0,5.718,5.818,5.818,6544500,0,10062.352207999998,hold,-0.0016113361533874881
2012-08-09,5.904,6.0,5.826,5.882,5.882,3363000,0,10066.832207999998,hold,0.00044522393048795905
2012-08-10,5.862,5.988,5.862,5.988,5.988,3537000,1,10074.252207999998,buy,0.0007370739718999264
2012-08-13,5.938,6.26,5.82,6.234,6.234,4350500,0,10099.152591999999,hold,0.0024716855887554345
2012-08-14,6.15,6.234,5.852,5.884,5.884,3967000,0,10063.452591999998,hold,-0.0035349500539560985
2012-08-15,5.878,5.94,5.762,5.88,5.88,2627000,0,10063.044591999998,hold,-4.054274576936745e-05
2012-08-16,5.906,6.078,5.9,6.06,6.06,3345000,0,10081.404591999999,hold,0.0018244975297632138
2012-08-17,6.058,6.142,5.996,6.002,6.002,2541000,0,10075.488591999998,hold,-0.0005868229913811307
2012-08-20,6.03,6.078,5.82,5.902,5.902,5895500,0,10065.288591999999,hold,-0.0010123578531068267
2012-08-21,5.916,6.0,5.8,5.822,5.822,3808000,0,10057.128591999997,hold,-0.0008107070080919376
2012-08-22,5.802,6.008,5.802,5.99,5.99,3877500,0,10074.264591999998,hold,0.0017038660531427663
2012-08-23,6.0,6.17,5.93,6.146,6.146,7355000,0,10090.176591999998,hold,0.0015794701295255287
2012-08-24,6.012,6.048,5.882,5.9,5.9,7147000,-1,10065.084591999997,sell,-0.002486775109555084
2012-08-27,5.914,5.94,5.634,5.664,5.664,6752000,0,10064.482791999999,hold,-5.979085366825121e-05
2012-08-28,5.68,5.876,5.6,5.738,5.738,7013500,0,10064.482791999999,hold,0.0
2012-08-29,5.698,5.728,5.604,5.682,5.682,4194500,0,10064.482791999999,hold,0.0
2012-08-30,5.72,5.748,5.62,5.682,5.682,3282000,0,10064.482791999999,hold,0.0
2012-08-31,5.722,5.768,5.64,5.704,5.704,2699000,0,10064.482791999999,hold,0.0
2012-09-04,5.704,5.798,5.58,5.628,5.628,3762500,0,10064.482791999999,hold,0.0
2012-09-05,5.602,5.7,5.562,5.588,5.588,3196500,0,10064.482791999999,hold,0.0
2012-09-06,5.6,5.78,5.58,5.71,5.71,4208500,0,10064.482791999999,hold,0.0
2012-09-07,5.71,5.914,5.7,5.87,5.87,4766000,0,10064.482791999999,hold,0.0
2012-09-10,5.84,5.87,5.46,5.474,5.474,7416500,-1,10064.482791999999,hold,0.0
2012-09-11,5.552,5.632,5.48,5.56,5.56,5074500,0,10064.482791999999,hold,0.0
2012-09-12,5.58,5.716,5.56,5.656,5.656,5726000,0,10064.482791999999,hold,0.0
2012-09-13,5.714,5.9,5.696,5.896,5.896,7423500,0,10064.482791999999,hold,0.0
2012-09-14,6.0,6.13,5.93,6.078,6.078,7683000,0,10064.482791999999,hold,0.0
2012-09-17,6.47,6.556,6.302,6.508,6.508,16064000,1,10064.482791999999,buy,0.0
2012-09-18,6.376,6.38,6.136,6.268,6.268,8942500,0,10057.087551999999,hold,-0.0007347858953942188
2012-09-19,6.2,6.348,6.188,6.21,6.21,5242500,0,10055.347551999997,hold,-0.0001730123150469609
2012-09-20,6.186,6.3,6.136,6.18,6.18,4562000,0,10054.447551999998,hold,-8.950461387291497e-05
2012-09-21,6.22,6.298,5.908,6.004,6.004,9350000,0,10049.167551999999,hold,-0.0005251407372400818
2012-09-24,5.902,6.206,5.88,6.132,6.132,6509500,1,10053.007551999997,buy,0.00038212120358505075
2012-09-25,5.724,5.896,5.506,5.532,5.532,28402000,0,10015.611327999999,hold,-0.003719904099003579
2012-09-26,5.532,5.68,5.496,5.508,5.508,7636000,0,10014.123327999998,hold,-0.0001485680655199939
2012-09-27,5.564,5.708,5.52,5.698,5.698,8793000,0,10025.903327999999,hold,0.0011763386183853974
2012-09-28,5.746,5.978,5.722,5.856,5.856,21717000,0,10035.699327999999,hold,0.00097706906595052
2012-10-01,5.9,5.978,5.8,5.832,5.832,4422000,0,10034.211328,hold,-0.0001482706836232195
2012-10-02,5.856,5.978,5.8,5.96,5.96,3645000,0,10042.147328,hold,0.0007908942457544033
2012-10-03,5.95,5.99,5.848,5.86,5.86,5264000,0,10035.947327999998,hold,-0.0006173978331022179
2012-10-04,6.0,6.02,5.73,5.88,5.88,7706500,0,10037.187327999998,hold,0.00012355584973433587
2012-10-05,5.94,5.962,5.736,5.778,5.778,4693000,0,10030.863328,hold,-0.0006300569864186034
2012-10-08,5.772,5.88,5.722,5.85,5.85,4448500,1,10035.327328,buy,0.00044502650011590816
2012-10-09,5.824,5.824,5.65,5.674,5.674,5965000,0,10018.414278,hold,-0.0016853511048722236
2012-10-10,5.678,5.744,5.602,5.68,5.68,2518000,0,10018.984278,hold,5.6895231538955926e-05
2012-10-11,5.788,5.796,5.65,5.664,5.664,2253000,0,10017.464278,hold,-0.0001517119857487037
2012-10-12,5.664,5.746,5.5,5.528,5.528,4938000,0,10004.544278,hold,-0.001289747549025444
2012-10-15,5.604,5.61,5.372,5.466,5.466,7343500,-1,9998.654278,sell,-0.0005887324636016933
2012-10-16,5.534,5.618,5.468,5.612,5.612,2396500,0,9998.135008,hold,-5.1933988871155634e-05
2012-10-17,5.65,5.768,5.56,5.764,5.764,3340000,0,9998.135008,hold,0.0
2012-10-18,5.798,5.798,5.556,5.608,5.608,3705000,0,9998.135008,hold,0.0
2012-10-19,5.566,5.64,5.46,5.548,5.548,5137000,0,9998.135008,hold,0.0
2012-10-22,5.598,5.6,5.472,5.57,5.57,2351000,0,9998.135008,hold,0.0
2012-10-23,5.476,5.712,5.474,5.678,5.678,3745000,0,9998.135008,hold,0.0
2012-10-24,5.704,5.704,5.45,5.484,5.484,5082000,0,9998.135008,hold,0.0
2012-10-25,5.56,5.56,5.49,5.504,5.504,2888500,0,9998.135008,hold,0.0
2012-10-26,5.506,5.56,5.404,5.476,5.476,2387000,0,9998.135008,hold,0.0
2012-10-31,5.54,5.67,5.474,5.626,5.626,3876000,1,9998.135008,buy,0.0
2012-11-01,5.65,5.898,5.64,5.85,5.85,5120500,0,10005.778097999999,hold,0.0007644515696061394
2012-11-02,5.854,5.91,5.71,5.784,5.784,5151500,0,10003.468098,hold,-0.00023086660301419037
2012-11-05,5.96,6.316,5.866,6.3,6.3,10244500,0,10021.528097999999,hold,0.0018053738786460993
2012-11-06,6.122,6.24,5.99,6.23,6.23,11620000,0,10019.078097999998,hold,-0.00024447369463442836
2012-11-07,6.2,6.41,6.162,6.308,6.308,8572500,1,10021.808098,buy,0.00027248015968117656
2012-11-08,6.202,6.376,6.188,6.262,6.262,6370000,0,10018.576549999998,hold,-0.0003224515944030282
2012-11-09,6.12,6.186,5.97,6.064,6.064,4315000,0,10005.508549999999,hold,-0.0013043769176969144
2012-11-12,6.058,6.284,6.032,6.214,6.214,2779500,0,10015.408549999998,hold,0.0009894549537914354
2012-11-13,6.258,6.4,6.144,6.322,6.322,4991500,0,10022.536549999999,hold,0.0007117033683063934
2012-11-14,6.392,6.424,6.24,6.276,6.276,4356500,0,10019.500549999999,hold,-0.0003029173288472409
2012-11-15,6.26,6.288,6.1,6.164,6.164,4920000,0,10012.108549999999,hold,-0.0007377613248397141
2012-11-16,6.23,6.4,6.118,6.368,6.368,4543500,0,10025.572549999999,hold,0.0013447716764916073
2012-11-19,6.414,6.65,6.368,6.584,6.584,6962000,0,10039.828549999998,hold,0.0014219636762788923
2012-11-20,6.56,6.62,6.382,6.6,6.6,4612500,0,10040.884549999999,hold,0.0001051810790135832
2012-11-21,6.522,6.694,6.458,6.494,6.494,4816000,-1,10033.888549999998,sell,-0.0006967513634046352
2012-11-23,6.52,6.566,6.34,6.426,6.426,2151500,0,10033.459945999999,hold,-4.271564287994245e-05
2012-11-26,6.42,6.46,6.324,6.454,6.454,2479000,0,10033.459945999999,hold,0.0
2012-11-27,6.426,6.532,6.304,6.43,6.43,4554000,0,10033.459945999999,hold,0.0
2012-11-28,6.4,6.858,6.382,6.646,6.646,7626000,0,10033.459945999999,hold,0.0
2012-11-29,6.688,6.8,6.574,6.738,6.738,5517000,1,10033.459945999999,buy,0.0
2012-11-30,6.726,6.856,6.602,6.764,6.764,7101500,0,10034.018544,hold,5.567351671387222e-05
2012-12-03,6.778,7.0,6.7,6.924,6.924,10428500,0,10038.658544,hold,0.0004624268910460305
2012-12-04,6.816,6.96,6.71,6.78,6.78,6316500,0,10034.482544,hold,-0.0004159918361298365
2012-12-05,6.764,6.838,6.716,6.742,6.742,3307500,0,10033.380544,hold,-0.00010982130819092717
2012-12-06,6.764,6.96,6.7,6.78,6.78,3302000,0,10034.482544,hold,0.00010983337023540152
2012-12-07,6.86,6.898,6.77,6.834,6.834,3322000,0,10036.048544,hold,0.000156061859007961
2012-12-10,6.886,6.96,6.836,6.914,6.914,4649000,0,10038.368543999999,hold,0.00023116667778433353
2012-12-11,6.92,7.1,6.892,7.056,7.056,7863000,0,10042.486544,hold,0.000410226022480753
2012-12-12,7.042,7.16,6.99,7.052,7.052,10319000,0,10042.370544,hold,-1.1550924115422134e-05
2012-12-13,7.052,7.06,6.55,6.722,6.722,10756500,-1,10032.800544,sell,-0.0009529622471178278
2012-12-14,6.756,6.88,6.718,6.762,6.762,5115000,0,10032.605606,hold,-1.9430068318948557e-05
2012-12-17,6.754,6.9,6.75,6.88,6.88,4124500,0,10032.605606,hold,0.0
2012-12-18,6.852,7.014,6.852,6.918,6.918,7769500,0,10032.605606,hold,0.0
2012-12-19,6.95,7.052,6.904,6.922,6.922,6494000,0,10032.605606,hold,0.0
2012-12-20,6.902,6.958,6.81,6.886,6.886,4606000,0,10032.605606,hold,0.0
2012-12-21,6.788,6.834,6.716,6.8,6.8,7462000,0,10032.605606,hold,0.0
2012-12-24,6.728,6.87,6.71,6.856,6.856,1879000,0,10032.605606,hold,0.0
2012-12-26,6.792,6.9,6.7,6.718,6.718,3007000,0,10032.605606,hold,0.0
2012-12-27,6.7,6.782,6.6,6.738,6.738,2805500,0,10032.605606,hold,0.0
2012-12-28,6.676,6.73,6.604,6.644,6.644,2070500,-1,10032.605606,hold,0.0
2012-12-31,6.6,6.794,6.6,6.774,6.774,2974500,0,10032.605606,hold,0.0
2013-01-02,7.0,7.09,6.942,7.072,7.072,5974000,0,10032.605606,hold,0.0
2013-01-03,7.036,7.09,6.95,6.954,6.954,3710000,0,10032.605606,hold,0.0
2013-01-04,6.96,6.96,6.784,6.88,6.88,3370000,0,10032.605606,hold,0.0
2013-01-07,6.96,6.96,6.78,6.868,6.868,2210000,0,10032.605606,hold,0.0
2013-01-08,6.9,6.9,6.622,6.736,6.736,6420000,0,10032.605606,hold,0.0
2013-01-09,6.802,6.838,6.68,6.728,6.728,3490000,0,10032.605606,hold,0.0
2013-01-10,6.774,6.798,6.676,6.706,6.706,4612500,0,10032.605606,hold,0.0
2013-01-11,6.808,6.808,6.422,6.582,6.582,7816000,0,10032.605606,hold,0.0
2013-01-14,6.616,6.676,6.57,6.652,6.652,4625500,1,10032.605606,buy,0.0
2013-01-15,6.622,6.85,6.616,6.78,6.78,8121000,0,10036.246045999998,hold,0.00036286087014336665
2013-01-16,6.77,6.846,6.746,6.82,6.82,6891000,0,10037.446046,hold,0.00011956661828538273
2013-01-17,6.832,6.97,6.784,6.876,6.876,7183500,0,10039.126046,hold,0.00016737325334559294
2013-01-18,6.948,6.956,6.764,6.904,6.904,17775500,0,10039.966046,hold,8.367262211383952e-05
2013-01-22,6.912,7.11,6.852,7.038,7.038,9601000,1,10043.986045999998,buy,0.0004003997604753451
2013-01-23,7.004,7.248,6.992,7.2,7.2,7821500,0,10053.030019999998,hold,0.0009004367348361964
2013-01-24,7.2,7.544,7.168,7.398,7.398,9852000,0,10064.316019999998,hold,0.001122646602820021
2013-01-25,7.4,7.508,7.36,7.396,7.396,6439000,0,10064.202019999999,hold,-1.132714829032988e-05
2013-01-28,7.372,7.742,7.372,7.606,7.606,9930000,0,10076.172019999998,hold,0.0011893640425948426
2013-01-29,7.62,7.688,7.426,7.59,7.59,7133000,0,10075.260019999998,hold,-9.051056276032643e-05
2013-01-30,7.57,7.6,7.486,7.504,7.504,4840500,0,10070.358019999998,hold,-0.0004865383116930966
2013-01-31,7.574,7.574,7.386,7.502,7.502,4507000,0,10070.244019999998,hold,-1.1320352243049392e-05
2013-02-01,7.634,7.7,7.524,7.66,7.66,5503000,0,10079.25002,hold,0.0008943179511951005
2013-02-04,7.68,7.684,7.518,7.548,7.548,5640000,0,10072.86602,hold,-0.0006333804585988423
2013-02-05,7.6,7.73,7.536,7.626,7.626,6551000,1,10077.31202,buy,0.0004413838118340063
2013-02-06,7.636,7.878,7.58,7.834,7.834,9466000,0,10094.177369999998,hold,0.0016735960905573943
2013-02-07,7.838,7.936,7.79,7.896,7.896,5983000,0,10099.261369999998,hold,0.0005036566937204334
2013-02-08,7.89,8.0,7.828,7.848,7.848,5699000,0,10095.325369999999,hold,-0.0003897314720154865
2013-02-11,7.596,7.83,7.5,7.684,7.684,16331500,0,10081.877369999998,hold,-0.0013321016913395711
2013-02-12,7.69,7.774,7.458,7.578,7.578,11306500,-1,10073.18537,sell,-0.0008621410161031573
2013-02-13,7.66,7.8,7.61,7.69,7.69,4834000,0,10072.563973999999,hold,-6.168813311535626e-05
2013-02-14,7.728,7.75,7.642,7.654,7.654,4953500,0,10072.563973999999,hold,0.0
2013-02-15,7.7,7.702,7.39,7.408,7.408,10088000,0,10072.563973999999,hold,0.0
2013-02-19,7.472,7.858,7.462,7.856,7.856,13507000,0,10072.563973999999,hold,0.0
2013-02-20,7.86,7.93,7.692,7.708,7.708,15610000,-1,10072.563973999999,hold,0.0
2013-02-21,7.298,7.478,6.908,7.032,7.032,45189000,0,10072.563973999999,hold,0.0
2013-02-22,7.144,7.278,7.12,7.222,7.222,12736500,0,10072.563973999999,hold,0.0
2013-02-25,7.23,7.35,6.868,6.876,6.876,14447000,0,10072.563973999999,hold,0.0
2013-02-26,6.892,6.992,6.76,6.886,6.886,13814500,0,10072.563973999999,hold,0.0
2013-02-27,6.882,7.082,6.88,7.02,7.02,9796000,1,10072.563973999999,buy,0.0
2013-02-28,7.178,7.22,6.874,6.966,6.966,9824500,0,10070.855414,hold,-0.00016962513262852585
2013-03-01,7.0,7.016,6.85,6.93,6.93,7733000,0,10069.847414,hold,-0.00010009080247530555
2013-03-04,6.954,7.166,6.94,7.116,7.116,8788500,0,10075.055413999999,hold,0.0005171875785086044
2013-03-05,7.2,7.384,7.158,7.33,7.33,10435000,0,10081.047413999999,hold,0.000594736182956801
2013-03-06,7.402,7.576,7.394,7.538,7.538,5750000,1,10086.871414,buy,0.0005777177470580597
2013-03-07,7.546,7.73,7.376,7.646,7.646,5791500,0,10092.507425999998,hold,0.0005587472833425977
2013-03-08,7.612,7.888,7.472,7.694,7.694,4560500,0,10095.099425999999,hold,0.0002568241855658293
2013-03-11,7.774,7.888,7.73,7.82,7.82,7897500,0,10101.903425999999,hold,0.000673990390077428
2013-03-12,7.78,7.876,7.77,7.824,7.824,6375500,0,10102.119425999997,hold,2.138210898383619e-05
2013-03-13,7.8,7.898,7.762,7.796,7.796,4110000,0,10100.607425999999,hold,-0.00014967156259382275
2013-03-14,7.78,7.782,7.354,7.37,7.37,10105000,0,10077.603425999998,hold,-0.002277486791614769
2013-03-15,7.328,7.33,7.042,7.058,7.058,16398000,0,10060.755425999998,hold,-0.0016718260570298682
2013-03-18,7.06,7.212,6.984,7.03,7.03,6580500,0,10059.243425999999,hold,-0.00015028692538254784
2013-03-19,7.05,7.12,6.988,7.016,7.016,5492500,0,10058.487425999998,hold,-7.515475746888711e-05
2013-03-20,7.052,7.214,7.032,7.19,7.19,7115000,1,10067.883425999999,buy,0.0009341364761974447
2013-03-21,7.19,7.412,7.148,7.202,7.202,5731500,0,10068.656485999998,hold,7.678475875105839e-05
2013-03-22,7.24,7.36,7.24,7.324,7.324,2201000,0,10078.416485999998,hold,0.0009693448190999376
2013-03-25,7.42,7.704,7.354,7.506,7.506,11894000,0,10092.976485999998,hold,0.001444671394581265
2013-03-26,7.596,7.644,7.532,7.572,7.572,9041000,0,10098.256485999998,hold,0.0005231360647004468
2013-03-27,7.588,7.676,7.462,7.632,7.632,6481500,0,10103.056485999998,hold,0.00047532957859153235
2013-03-28,7.646,7.648,7.55,7.578,7.578,5793500,0,10098.736485999998,hold,-0.0004275933729546155
2013-04-01,8.472,9.336,8.34,8.786,8.786,70492500,0,10195.376485999997,hold,0.009569513981672051
2013-04-02,8.72,9.1,8.702,8.868,8.868,33262000,0,10201.936485999999,hold,0.0006434289120180736
2013-04-03,8.62,8.694,8.042,8.22,8.22,28218000,0,10150.096485999999,hold,-0.0050813882316499415
2013-04-04,8.222,8.45,8.162,8.402,8.402,11324000,1,10164.656485999998,buy,0.0014344691225429695
2013-04-05,8.4,8.4,8.1,8.274,8.274,7762000,0,10151.415641999998,hold,-0.0013026356589853627
2013-04-08,8.394,8.51,8.302,8.366,8.366,8395000,0,10160.799641999998,hold,0.0009244030912471946
2013-04-09,8.36,8.366,8.066,8.1,8.1,8480500,0,10133.667641999999,hold,-0.002670262278162472
2013-04-10,8.14,8.402,8.122,8.372,8.372,10605500,0,10161.411641999997,hold,0.0027378044139725333
2013-04-11,8.412,8.91,8.35,8.718,8.718,17237000,1,10196.703641999999,buy,0.00347313948527872
2013-04-12,8.65,9.028,8.61,8.75,8.75,15747000,0,10200.456563999998,hold,0.00036805247379567696
2013-04-15,8.7,8.76,8.502,8.66,8.66,8407000,0,10189.386563999999,hold,-0.0010852455407798223
2013-04-16,8.838,9.228,8.782,9.118,9.118,15902000,0,10245.720564,hold,0.005528693964662601
2013-04-17,9.1,9.19,8.908,9.09,9.09,10592500,0,10242.276563999998,hold,-0.0003361403405928165
2013-04-18,9.196,9.52,9.078,9.394,9.394,16839500,1,10279.668563999998,buy,0.0036507508625012175
2013-04-19,9.492,9.976,9.414,9.566,9.566,15058500,0,10303.914077999998,hold,0.0023585890779502794
2013-04-22,9.72,10.04,9.55,10.038,10.038,19697000,0,10370.938078,hold,0.00650471262596275
2013-04-23,10.2,10.584,10.132,10.202,10.202,18669000,0,10394.226077999998,hold,0.0022455056451835542
2013-04-24,10.18,10.21,9.796,10.086,10.086,13150000,0,10377.754077999998,hold,-0.0015847259696287752
2013-04-25,10.1,10.48,10.1,10.4,10.4,13979500,1,10422.342077999998,buy,0.0042964980346298365
2013-04-26,10.626,10.748,10.124,10.24,10.24,18110500,0,10396.725277999998,hold,-0.0024578736533771295
2013-04-29,10.352,10.998,10.24,10.988,10.988,18198500,0,10515.657277999999,hold,0.01143937122698313
2013-04-30,11.2,11.636,10.752,10.798,10.798,27613000,0,10485.447277999998,hold,-0.0028728589379956038
2013-05-01,11.198,11.198,10.6,10.656,10.656,13714000,0,10462.869277999998,hold,-0.002153270089619519
2013-05-02,10.77,11.054,10.74,10.822,10.822,15252000,1,10489.263277999999,buy,0.0025226349769558176
2013-05-03,11.294,11.294,10.9,10.91,10.91,16893500,0,10504.490125999999,hold,0.0014516603880023737
2013-05-06,11.278,11.932,11.1,11.9,11.9,21833500,0,10677.740125999999,hold,0.0164929471037516
2013-05-07,12.4,12.474,11.024,11.102,11.102,49955000,0,10538.090126,hold,-0.013078610113384959
2013-05-08,11.5,11.64,11.142,11.158,11.158,33849500,0,10547.890125999998,hold,0.0009299597823537731
2013-05-09,14.024,15.154,12.738,13.88,13.88,143025000,1,11024.240125999999,buy,0.045160690366485845
2013-05-10,13.93,16.200001,13.85,15.352,15.352,125413000,0,11299.337566,hold,0.024953868643626587
2013-05-13,16.198,17.6,15.83,17.559999,17.559999,112084500,0,11712.233379,hold,0.03654159463669915
2013-05-14,18.844,19.424,16.23,16.648001,16.648001,185819500,0,11541.689752999999,hold,-0.01456115332416319
2013-05-15,16.360001,17.375999,15.622,16.968,16.968,84393500,0,11601.529566,hold,0.00518466656794736
2013-05-16,18.940001,19.0,17.732,18.450001,18.450001,108070000,1,11878.663753,buy,0.023887728374384798
2013-05-17,18.5,18.888,17.5,18.299999,18.299999,95011000,0,11849.097310991,hold,-0.002489037708600428
2013-05-20,18.224001,18.5,17.726,17.988001,17.988001,41742000,0,11787.945702990999,hold,-0.00516086638458757
2013-05-21,17.700001,17.997999,17.056,17.518,17.518,44991000,0,11695.825506991,hold,-0.0078147794637895
2013-05-22,17.274,18.191999,17.1,17.448,17.448,42840000,0,11682.105506991,hold,-0.0011730681166368662
2013-05-23,16.962,18.601999,16.610001,18.546,18.546,60111000,1,11897.313506990999,buy,0.018422021601432137
2013-05-24,18.52,19.59,18.4,19.416,19.416,80621000,0,12074.645138991,hold,0.014905182745314605
2013-05-28,20.309999,22.15,20.059999,22.066,22.066,98459500,0,12615.245138990998,hold,0.044771502083677195
2013-05-29,22.709999,22.98,19.799999,20.926001,20.926001,125497500,0,12382.685342990999,hold,-0.01843482179202427
2013-05-30,20.492001,21.908001,20.24,20.99,20.99,80668500,0,12395.741138991,hold,0.0010543590213565324
2013-05-31,21.252001,21.288,19.546,19.552,19.552,75860000,-1,12102.389138990999,sell,-0.02366554744171423
2013-06-03,19.524,19.524,17.65,18.518,18.518,95698000,0,12098.400530990999,hold,-0.0003295719509752715
2013-06-04,18.549999,19.284,18.48,18.968,18.968,44280500,0,12098.400530990999,hold,0.0
2013-06-05,18.732,19.594,17.822001,19.073999,19.073999,61124000,0,12098.400530990999,hold,0.0
2013-06-06,19.049999,19.854,19.021999,19.469999,19.469999,47554500,0,12098.400530990999,hold,0.0
2013-06-07,19.6,20.58,19.34,20.408001,20.408001,53558000,1,12098.400530990999,buy,0.0
2013-06-10,19.785999,20.504,19.714001,20.01,20.01,46143000,0,12093.798031979999,hold,-0.0003804221061461943
2013-06-11,19.636,19.736,18.809999,18.893999,18.893999,36970000,0,12081.522020979999,hold,-0.001015066645526752
2013-06-12,19.360001,20.096001,19.15,19.546,19.546,45963500,0,12088.694031979998,hold,0.0005936347247925688
2013-06-13,19.799999,19.856001,19.024,19.636,19.636,29808000,0,12089.684031979998,hold,8.189470238728624e-05
2013-06-14,20.0,20.504,19.865999,20.059999,20.059999,32823500,1,12094.348020979998,buy,0.0003857825388706715
2013-06-17,20.719999,20.950001,20.24,20.440001,20.440001,35331000,0,12102.487404991,hold,0.0006729907223508302
2013-06-18,20.35,20.796,19.84,20.677999,20.677999,43976500,0,12107.723360991,hold,0.0004326346993628327
2013-06-19,20.412001,21.334,20.402,20.936001,20.936001,42894500,0,12113.399404991,hold,0.00046879531607801894
2013-06-20,20.93,21.426001,19.889999,20.129999,20.129999,50532500,0,12095.667360991,hold,-0.0014638371448970622
2013-06-21,20.74,20.74,19.5,19.91,19.91,58593000,-1,12090.827382991,sell,-0.00040014146020661556
2013-06-24,19.299999,20.573999,19.059999,20.298,20.298,35599000,0,12090.389362991,hold,-3.622746286291445e-05
2013-06-25,20.620001,20.84,20.110001,20.48,20.48,29243500,0,12090.389362991,hold,0.0
2013-06-26,20.76,21.174,20.532,21.143999,21.143999,33013000,0,12090.389362991,hold,0.0
2013-06-27,21.35,22.049999,21.226,21.85,21.85,43724500,0,12090.389362991,hold,0.0
2013-06-28,21.714001,21.888,21.341999,21.472,21.472,28743000,-1,12090.389362991,hold,0.0
2013-07-01,21.872,23.554001,21.83,23.436001,23.436001,54518000,0,12090.389362991,hold,0.0
2013-07-02,23.65,24.378,23.1,23.563999,23.563999,60320500,0,12090.389362991,hold,0.0
2013-07-03,23.6,23.85,22.854,23.048,23.048,24033500,0,12090.389362991,hold,0.0
2013-07-05,23.664,24.056,23.139999,24.018,24.018,34093500,0,12090.389362991,hold,0.0
2013-07-08,24.274,24.436001,23.764,24.322001,24.322001,39071000,1,12090.389362991,buy,0.0
2013-07-09,24.927999,25.063999,24.382,24.690001,24.690001,43016500,0,12093.482464982,hold,0.00025583146234042786
2013-07-10,24.638,24.65,24.158001,24.454,24.454,28000500,0,12091.358455982,hold,-0.00017563253646346588
2013-07-11,24.976,25.218,24.469999,25.122,25.122,37418000,0,12097.370455982,hold,0.0004972146034614155
2013-07-12,25.1,25.988001,24.902,25.98,25.98,56720000,0,12105.092455982,hold,0.0006383205365245725
2013-07-15,26.606001,26.652,25.364,25.452,25.452,49612000,-1,12100.340455982,sell,-0.00039256205743820605
2013-07-16,25.256001,25.264,21.459999,21.809999,21.809999,161859500,0,12100.111387982,hold,-1.8930707018749438e-05
2013-07-17,21.304001,24.323999,20.9,24.049999,24.049999,130145000,0,12100.111387982,hold,0.0
2013-07-18,24.194,24.546,23.236,23.806,23.806,56990500,0,12100.111387982,hold,0.0
2013-07-19,23.700001,24.110001,23.302,23.936001,23.936001,29451500,0,12100.111387982,hold,0.0
2013-07-22,23.978001,25.336,23.976,24.486,24.486,48989000,1,12100.111387982,buy,0.0
2013-07-23,24.799999,25.112,24.364,24.548,24.548,38682000,0,12100.449013982,hold,2.7902718344963162e-05
2013-07-24,24.893999,24.9,23.912001,24.34,24.34,34345000,0,12098.577013982,hold,-0.00015470500291669964
2013-07-25,24.08,24.950001,24.038,24.813999,24.813999,26421500,0,12102.843004982,hold,0.0003526027065059445
2013-07-26,25.628,26.136,25.322001,25.878,25.878,48165500,0,12112.419013982,hold,0.0007912197981960745
2013-07-29,25.864,27.073999,25.65,26.924,26.924,48394500,1,12121.833013982001,buy,0.0007772188188943652
2013-07-30,26.959999,27.497999,25.636,26.348,26.348,65635000,0,12111.825621982,hold,-0.0008255675514139416
2013-07-31,26.514,26.993999,26.290001,26.856001,26.856001,31758500,0,12120.461638982,hold,0.0007130235580941058
2013-08-01,27.0,27.304001,26.525999,27.110001,27.110001,26618000,0,12124.779638982,hold,0.00035625705757880155
2013-08-02,26.917999,27.65,26.722,27.6,27.6,31349500,0,12133.109621982001,hold,0.0006870213932153035
2013-08-05,28.002001,28.978001,27.93,28.936001,28.936001,51003500,1,12155.821638982,buy,0.0018719040466634862
2013-08-06,28.950001,29.146,28.219999,28.43,28.43,46272500,0,12142.940125974,hold,-0.0010596990800433304
2013-08-07,28.378,28.389999,26.472,26.846001,26.846001,91061000,0,12103.340150974002,hold,-0.00326115212536493
2013-08-08,30.870001,31.775999,30.091999,30.695999,30.695999,136234000,0,12199.590100974001,hold,0.007952346112676478
2013-08-09,30.48,31.190001,30.25,30.6,30.6,44638500,0,12197.190125974,hold,-0.00019672587194619062
2013-08-12,29.886,30.1,28.41,29.476,29.476,74561000,-1,12169.090125974,sell,-0.0023038092962215373
2013-08-13,29.9,29.968,28.889999,29.086,29.086,43744500,0,12168.353225974,hold,-6.0555061419664824e-05
2013-08-14,28.544001,28.968,27.610001,27.872,27.872,58469000,0,12168.353225974,hold,0.0
2013-08-15,27.285999,28.719999,27.0,27.934,27.934,50896000,0,12168.353225974,hold,0.0
2013-08-16,28.326,28.782,28.194,28.4,28.4,35540500,0,12168.353225974,hold,0.0
2013-08-19,28.686001,29.476,28.566,28.98,28.98,40188500,1,12168.353225974,buy,0.0
2013-08-20,29.73,29.955999,29.4,29.916,29.916,32091000,0,12175.609385974,hold,0.0005963140504920972
2013-08-21,30.0,30.062,29.25,29.572001,29.572001,31331500,0,12172.857393974,hold,-0.00022602499084523053
2013-08-22,29.844,31.496,29.628,31.42,31.42,52962000,0,12187.641385974,hold,0.0012145046574947305
2013-08-23,31.4,32.459999,31.0,32.368,32.368,64659500,0,12195.225385974,hold,0.0006222697041879943
2013-08-26,33.029999,34.599998,32.049999,32.844002,32.844002,120855500,1,12199.033401974,buy,0.00031225466356543663
2013-08-27,32.459999,33.759998,32.189999,33.402,33.402,87834500,0,12207.17346396,hold,0.0006672710630239997
2013-08-28,33.812,34.299999,32.650002,33.290001,33.290001,73700500,0,12205.49347896,hold,-0.00013762276787177008
2013-08-29,32.844002,33.549999,32.501999,33.212002,33.212002,47180000,0,12204.323493959999,hold,-9.585724674032736e-05
2013-08-30,33.273998,33.841999,32.792,33.799999,33.799999,55142000,0,12213.14344896,hold,0.0007226910204705117
2013-09-03,34.68,34.740002,33.279999,33.787998,33.787998,60305500,0,12212.96343396,hold,-1.4739448590983528e-05
2013-09-04,33.953999,34.324001,33.112,34.124001,34.124001,57378500,0,12218.00347896,hold,0.00041267993859572805
2013-09-05,34.02,34.299999,33.650002,33.986,33.986,33426500,0,12215.933463959998,hold,-0.0001694233434755832
2013-09-06,33.714001,33.939999,33.029999,33.394001,33.394001,43098500,0,12207.053478959999,hold,-0.0007269182519860085
2013-09-09,32.624001,32.900002,31.702,32.139999,32.139999,71722500,0,12188.24344896,hold,-0.001540914851599462
2013-09-10,32.290001,33.5,32.125999,33.273998,33.273998,44839000,1,12205.253433959999,buy,0.0013956059436481816
2013-09-11,33.282001,33.580002,32.425999,32.703999,32.703999,29162500,0,12192.480537974,hold,-0.0010465080512347402
2013-09-12,32.799999,33.352001,32.102001,32.986,32.986,30800000,0,12198.684559973999,hold,0.0005088400166541884
2013-09-13,32.554001,33.273998,32.431999,33.108002,33.108002,27006000,0,12201.368603974,hold,0.0002200273305539291
2013-09-16,33.599998,34.169998,33.169998,33.316002,33.316002,37874500,0,12205.944603974,hold,0.00037503989499243495
2013-09-17,33.015999,33.683998,32.672001,33.245998,33.245998,27484500,0,12204.404515974,hold,-0.00012617524083291531
2013-09-18,33.414001,33.490002,32.84,33.243999,33.243999,27198500,0,12204.360537974,hold,-3.6034531584183682e-06
2013-09-19,34.16,36.094002,33.816002,35.584,35.584,77973000,0,12255.840559974,hold,0.004218166272605517
2013-09-20,35.779999,37.166,35.712002,36.678001,36.678001,67008500,0,12279.908581974,hold,0.001963800188344633
2013-09-23,36.896,37.096001,35.422001,36.222,36.222,40867000,0,12269.876559974,hold,-0.0008169459840056126
2013-09-24,35.827999,36.992001,35.529999,36.466,36.466,31367000,0,12275.244559974,hold,0.00043749421387917486
2013-09-25,36.712002,37.259998,36.099998,37.048,37.048,41263500,0,12288.048559974,hold,0.0010430749413947726
2013-09-26,37.34,37.936001,37.122002,37.728001,37.728001,33072000,0,12303.008581974,hold,0.0012174448959070272
2013-09-27,37.504002,38.256001,37.285999,38.18,38.18,29582000,0,12312.952559974,hold,0.000808255796437507
2013-09-30,37.799999,38.900002,37.599998,38.674,38.674,44623500,0,12323.820559974,hold,0.000882647760320987
2013-10-01,38.792,38.846001,37.674,38.599998,38.599998,38779500,0,12322.192515974,hold,-0.0001321054612956063
2013-10-02,37.717999,38.366001,35.080002,36.189999,36.189999,103877000,0,12269.172537974,hold,-0.004302803898840857
2013-10-03,35.009998,35.938,33.599998,34.661999,34.661999,119082500,0,12235.556537974,hold,-0.0027398750727447574
2013-10-04,35.279999,36.236,34.529999,36.195999,36.195999,72070000,0,12269.304537974,hold,0.002758190842832464
2013-10-07,36.492001,37.346001,36.051998,36.613998,36.613998,57428000,0,12278.500515974,hold,0.0007495109418416135
2013-10-08,36.880001,37.186001,34.641998,34.945999,34.945999,68786000,-1,12241.804537974,sell,-0.0029886367600229224
2013-10-09,34.945999,34.998001,32.299999,33.756001,33.756001,76582500,0,12241.035725996,hold,-6.280217721288395e-05
2013-10-10,34.618,35.150002,33.938,34.585999,34.585999,44419500,0,12241.035725996,hold,0.0
2013-10-11,34.549999,35.858002,34.240002,35.740002,35.740002,41555500,0,12241.035725996,hold,0.0
2013-10-14,35.0,36.5,34.830002,35.944,35.944,38848000,0,12241.035725996,hold,0.0
2013-10-15,37.056,37.757999,36.636002,36.787998,36.787998,54892500,1,12241.035725996,buy,0.0
2013-10-16,36.98,37.459999,36.417999,36.712002,36.712002,41027000,0,12240.359022007999,hold,-5.528159570389324e-05
2013-10-17,36.708,36.959999,36.198002,36.560001,36.560001,33525000,0,12239.447016008,hold,-7.450810865583524e-05
2013-10-18,36.830002,37.192001,36.504002,36.68,36.68,29654000,0,12240.167010008,hold,5.8825696868325394e-05
2013-10-21,36.655998,36.678001,34.200001,34.52,34.52,57660500,0,12227.207010008,hold,-0.0010588090823763219
2013-10-22,34.099998,35.556,33.222,34.307999,34.307999,56933500,0,12225.935004007999,hold,-0.00010403078961207513
2013-10-23,33.782001,34.362,32.029999,32.900002,32.900002,66602000,0,12217.487022008,hold,-0.0006909886235474394
2013-10-24,33.0,34.900002,32.566002,34.630001,34.630001,54128500,0,12227.867016008,hold,0.000849601393584587
2013-10-25,34.841999,34.900002,33.360001,33.931999,33.931999,37977500,0,12223.679004008,hold,-0.00034249734598179593
2013-10-28,34.035999,34.099998,32.439999,32.571999,32.571999,39208500,0,12215.519004008,hold,-0.000667556796715929
2013-10-29,32.551998,33.09,30.6,32.894001,32.894001,70558500,0,12217.451016007999,hold,0.00015816045141958668
2013-10-30,32.925999,33.535999,31.634001,31.844,31.844,42009000,0,12211.151010008,hold,-0.0005156563338576392
2013-10-31,31.134001,32.487999,30.66,31.988001,31.988001,46669000,0,12212.015016008,hold,7.075549219659472e-05
2013-11-01,32.599998,33.18,32.082001,32.433998,32.433998,35903000,0,12214.690998008,hold,0.00021912698244253015
2013-11-04,33.0,35.077999,32.844002,35.040001,35.040001,65602000,0,12230.327016008,hold,0.0012800993494268553
2013-11-05,36.0,36.285999,34.271999,35.362,35.362,112335500,0,12232.259010008,hold,0.00015796748504537383
2013-11-06,30.962,32.146,29.27,30.232,30.232,155358500,0,12201.479010007999,hold,-0.002516297273857382
2013-11-07,28.837999,29.129999,27.524,27.954,27.954,111423500,0,12187.811010008,hold,-0.0011201920676000565
2013-11-08,27.296,28.120001,26.464001,27.59,27.59,112389500,0,12185.627010008,hold,-0.00017919542715305603
2013-11-11,28.200001,29.084,27.42,28.940001,28.940001,69988000,0,12193.727016007999,hold,0.000664718031607725
2013-11-12,28.938,28.940001,27.236,27.559999,27.559999,74926000,-1,12185.447004008,sell,-0.0006790386556242423
2013-11-13,28.167999,28.474001,27.268,27.74,27.74,63291500,0,12185.281644014,hold,-1.3570285435249296e-05
2013-11-14,27.784,28.08,26.822001,27.52,27.52,61018500,0,12185.281644014,hold,0.0
2013-11-15,27.370001,27.59,26.870001,27.09,27.09,49501000,0,12185.281644014,hold,0.0
2013-11-18,27.054001,27.09,23.922001,24.316,24.316,115691000,0,12185.281644014,hold,0.0
2013-11-19,23.886,25.799999,23.844,25.218,25.218,99081000,1,12185.281644014,buy,0.0
2013-11-20,25.216,25.49,23.812,24.222,24.222,69248000,0,12176.090682013999,hold,-0.0007542675063662019
2013-11-21,24.577999,24.958,24.049999,24.42,24.42,59519000,0,12177.872682014,hold,0.00014635239228577568
2013-11-22,24.316,24.549999,23.586,24.275999,24.275999,55483500,0,12176.576673013999,hold,-0.00010642326733434349
2013-11-25,24.9,25.167999,24.059999,24.167999,24.167999,51336500,0,12175.604673013999,hold,-7.982539149564705e-05
2013-11-26,23.875999,24.544001,23.219999,24.1,24.1,69427500,0,12174.992682013999,hold,-5.026370487837273e-05
2013-11-27,24.261999,25.389999,23.903999,25.388,25.388,61838000,0,12186.584682014,hold,0.0009521155620180188
2013-11-29,25.954,26.118,25.396,25.455999,25.455999,48581000,0,12187.196673014,hold,5.021841770846969e-05
2013-12-02,25.27,25.709999,24.785999,24.834,24.834,38756000,0,12181.598682013999,hold,-0.0004593337705295353
2013-12-03,26.535999,28.988001,26.318001,28.940001,28.940001,128412000,0,12218.552691014,hold,0.003033592713455935
2013-12-04,28.864,28.886,27.426001,27.790001,27.790001,65738500,-1,12208.202691014,sell,-0.0008470725020985892
2013-12-05,28.030001,28.67,27.9,28.096001,28.096001,46442000,0,12207.952581005,hold,-2.0487045909178825e-05
2013-12-06,28.302,28.497999,27.26,27.472,27.472,39548000,0,12207.952581005,hold,0.0
2013-12-09,27.4,28.34,26.841999,28.32,28.32,45307500,0,12207.952581005,hold,0.0
2013-12-10,28.01,29.174,27.972,28.438,28.438,53741000,0,12207.952581005,hold,0.0
2013-12-11,28.375999,28.610001,27.898001,27.93,27.93,35689000,-1,12207.952581005,hold,0.0
2013-12-12,27.940001,29.648001,27.705999,29.493999,29.493999,53839000,0,12207.952581005,hold,0.0
2013-12-13,29.610001,30.360001,29.464001,29.530001,29.530001,52959500,0,12207.952581005,hold,0.0
2013-12-16,29.695999,30.086,29.219999,29.587999,29.587999,33376500,0,12207.952581005,hold,0.0
2013-12-17,29.516001,30.926001,29.264,30.492001,30.492001,52475000,0,12207.952581005,hold,0.0
2013-12-18,30.448,30.98,29.190001,29.596001,29.596001,57909500,-1,12207.952581005,hold,0.0
2013-12-19,29.379999,29.4,27.82,28.143999,28.143999,63700000,0,12207.952581005,hold,0.0
2013-12-20,28.316,28.870001,28.316,28.648001,28.648001,37063000,0,12207.952581005,hold,0.0
2013-12-23,28.969999,29.247999,28.52,28.709999,28.709999,26927500,0,12207.952581005,hold,0.0
2013-12-24,30.0,30.993999,29.964001,30.282,30.282,49707500,0,12207.952581005,hold,0.0
2013-12-26,31.007999,31.6,30.858,31.1,31.1,35647500,1,12207.952581005,buy,0.0
2013-12-27,31.059999,31.1,30.16,30.224001,30.224001,27301000,0,12201.602888005,hold,-0.0005201275937031236
2013-12-30,30.224001,30.962,30.15,30.488001,30.488001,22337500,0,12203.450888005,hold,0.00015145551096540366
2013-12-31,30.464001,30.639999,29.732,30.086,30.086,21312000,0,12200.636881005,hold,-0.00023059108655609784
2014-01-02,29.959999,30.496,29.309999,30.02,30.02,30942000,0,12200.174881005,hold,-3.786687568096969e-05
2014-01-03,30.0,30.438,29.719999,29.912001,29.912001,23475000,0,12199.418888005,hold,-6.19657510956273e-05
2014-01-06,30.0,30.08,29.048,29.4,29.4,26805500,0,12195.834881005,hold,-0.00029378505918220554
2014-01-07,29.524,30.08,29.049999,29.872,29.872,25170500,0,12199.138881005,hold,0.00027091216240937577
2014-01-08,29.77,30.74,29.752001,30.256001,30.256001,30816000,0,12201.826888005,hold,0.00022034399527881554
2014-01-09,30.5,30.686001,29.370001,29.506001,29.506001,26910000,0,12196.576888005,hold,-0.0004302634390889182
2014-01-10,29.691999,29.780001,28.450001,29.143999,29.143999,37230500,-1,12194.042874005,sell,-0.0002077643607111268
2014-01-13,29.156,29.4,27.563999,27.868,27.868,31580500,0,12193.838866012,hold,-1.6730135780851363e-05
2014-01-14,28.1,32.400002,27.334,32.254002,32.254002,138035000,0,12193.838866012,hold,0.0
2014-01-15,33.689999,34.445999,32.419998,32.826,32.826,102328000,0,12193.838866012,hold,0.0
2014-01-16,32.5,34.540001,32.48,34.194,34.194,59797000,0,12193.838866012,hold,0.0
2014-01-17,34.037998,34.639999,33.59,34.001999,34.001999,46031000,0,12193.838866012,hold,0.0
2014-01-21,34.248001,35.458,34.161999,35.335999,35.335999,48673500,0,12193.838866012,hold,0.0
2014-01-22,35.562,36.063999,34.952,35.712002,35.712002,35113000,0,12193.838866012,hold,0.0
2014-01-23,35.445999,36.476002,34.683998,36.299999,36.299999,39337000,0,12193.838866012,hold,0.0
2014-01-24,35.57,36.096001,34.706001,34.919998,34.919998,38321500,0,12193.838866012,hold,0.0
2014-01-27,35.032001,35.584,32.942001,33.924,33.924,43582000,-1,12193.838866012,hold,0.0
2014-01-28,34.299999,35.796001,34.200001,35.675999,35.675999,30467000,0,12193.838866012,hold,0.0
2014-01-29,35.060001,35.818001,34.625999,35.046001,35.046001,29677500,0,12193.838866012,hold,0.0
2014-01-30,35.599998,36.956001,35.402,36.568001,36.568001,42825000,0,12193.838866012,hold,0.0
2014-01-31,35.77,37.200001,35.702,36.282001,36.282001,32544000,0,12193.838866012,hold,0.0
2014-02-03,36.577999,36.976002,35.032001,35.422001,35.422001,33824500,-1,12193.838866012,hold,0.0
2014-02-04,36.139999,36.32,35.240002,35.745998,35.745998,23431500,0,12193.838866012,hold,0.0
2014-02-05,35.66,36.118,33.872002,34.883999,34.883999,36340000,0,12193.838866012,hold,0.0
2014-02-06,35.259998,36.021999,35.200001,35.675999,35.675999,29208000,0,12193.838866012,hold,0.0
2014-02-07,36.202,37.326,35.919998,37.306,37.306,44642500,0,12193.838866012,hold,0.0
2014-02-10,37.868,39.860001,37.863998,39.312,39.312,64853500,1,12193.838866012,buy,0.0
2014-02-11,39.793999,40.439999,38.540001,39.324001,39.324001,53549500,0,12193.675000012,hold,-1.3438425896961093e-05
2014-02-12,39.155998,39.653999,38.863998,39.063999,39.063999,25868500,0,12192.114988012,hold,-0.00012793616362571925
2014-02-13,38.667999,40.543999,38.650002,39.925999,39.925999,40146500,0,12197.286988012,hold,0.00042420859753100615
2014-02-14,39.619999,40.375999,39.400002,39.646,39.646,30790000,0,12195.606994012,hold,-0.00013773505548009268
2014-02-18,41.048,41.200001,40.271999,40.740002,40.740002,46664000,1,12202.171006011999,buy,0.000538227576800443
2014-02-19,40.740002,40.740002,38.681999,38.728001,38.728001,80845000,0,12179.835295002,hold,-0.0018304702498427305
2014-02-20,43.001999,43.042,41.254002,41.993999,41.993999,90011500,0,12215.761273002,hold,0.002949627571297464
2014-02-21,42.327999,42.796001,41.838001,41.919998,41.919998,39094000,0,12214.947262002,hold,-6.663612539625774e-05
2014-02-24,41.751999,43.672001,41.664001,43.529999,43.529999,41392000,0,12232.657273002,hold,0.0014498638938122976
2014-02-25,46.0,51.84,45.689999,49.599998,49.599998,163408500,1,12299.427262002,buy,0.00545833889643621
2014-02-26,51.716,53.0,49.5,50.599998,50.599998,123023000,0,12314.22886201,hold,0.0012034381514438586
2014-02-27,52.25,52.380001,49.666,50.507999,50.507999,89729000,0,12312.84887701,hold,-0.00011206426447529783
2014-02-28,49.93,50.535999,48.509998,48.962002,48.962002,72949000,0,12289.65892201,hold,-0.0018833947554817154
2014-03-03,47.452,50.330002,46.998001,50.112,50.112,65446500,0,12306.90889201,hold,0.0014036166592961141
2014-03-04,51.695999,52.0,50.566002,50.967999,50.967999,43728000,1,12319.74887701,buy,0.0010433151908955107
2014-03-05,51.344002,51.397999,50.360001,50.532001,50.532001,29678500,0,12311.261043014,hold,-0.0006889616079627237
2014-03-06,50.827999,51.5,49.889999,50.588001,50.588001,36805500,0,12312.325043014,hold,8.642494024635461e-05
2014-03-07,50.588001,50.970001,48.882,49.242001,49.242001,39061500,0,12286.751043014,hold,-0.0020771056571895485
2014-03-10,48.540001,48.599998,47.212002,47.768002,47.768002,38640500,0,12258.745062014,hold,-0.002279364243806481
2014-03-11,47.299999,48.919998,46.486,46.882,46.882,44050500,-1,12241.911024014,sell,-0.0013732268608933618
2014-03-12,46.299999,49.5,46.222,48.298,48.298,48772000,0,12241.020266014,hold,-7.276298596292641e-05
2014-03-13,48.757999,48.838001,46.799999,47.557999,47.557999,31181500,0,12241.020266014,hold,0.0
2014-03-14,47.057999,47.388,45.664001,46.194,46.194,41448500,0,12241.020266014,hold,0.0
2014-03-17,46.990002,47.585999,46.099998,46.796001,46.796001,29563000,0,12241.020266014,hold,0.0
2014-03-18,47.389999,48.299999,47.004002,48.007999,48.007999,31211500,1,12241.020266014,buy,0.0
2014-03-19,48.278,48.310001,46.702,47.167999,47.167999,25356500,0,12236.580226019001,hold,-0.00036271813121058205
2014-03-20,47.231998,47.849998,46.672001,46.981998,46.981998,19089500,0,12235.650221019001,hold,-7.600203511293202e-05
2014-03-21,47.203999,47.240002,45.5,45.778,45.778,41084500,0,12229.630231019,hold,-0.0004920040938780623
2014-03-24,45.950001,45.98,42.054001,44.034,44.034,56644000,0,12220.910231019001,hold,-0.0007130223755974496
2014-03-25,44.827999,45.41,43.580002,44.088001,44.088001,39327000,0,12221.180236019001,hold,2.209368982319937e-05
2014-03-26,44.389999,44.52,42.27,42.591999,42.591999,34536500,0,12213.700226019,hold,-0.0006120529977911016
2014-03-27,42.473999,42.720001,40.599998,41.464001,41.464001,47478500,0,12208.060236019,hold,-0.0004617757023367419
2014-03-28,42.560001,43.344002,42.054001,42.473999,42.473999,48424000,0,12213.110226019,hold,0.00041366031149658866
2014-03-31,43.299999,43.349998,41.278,41.689999,41.689999,41900000,0,12209.190226019002,hold,-0.00032096656195301776
2014-04-01,41.804001,43.632,41.716,43.394001,43.394001,36857000,1,12217.710236019,buy,0.0006978357976470395
2014-04-02,44.0,46.178001,43.610001,46.057999,46.057999,53911500,0,12244.133246014002,hold,0.0021626810167019173
2014-04-03,46.060001,47.146,44.400002,45.080002,45.080002,54618500,0,12234.353276014002,hold,-0.0007987474330356514
2014-04-04,45.202,45.653999,42.25,42.445999,42.445999,56728000,0,12208.013246014001,hold,-0.0021529564665785372
2014-04-07,41.161999,43.240002,40.702,41.504002,41.504002,49277500,0,12198.593276014002,hold,-0.0007716218691911081
2014-04-08,42.009998,43.298,41.284,43.091999,43.091999,34446500,1,12214.473246014002,buy,0.0013017869881131183
2014-04-09,43.352001,43.689999,42.178001,43.386002,43.386002,25789500,0,12218.667831019002,hold,0.0003434110436459914
2014-04-10,43.363998,43.5,40.757999,40.838001,40.838001,36057500,0,12180.447816019001,hold,-0.0031280018025346967
2014-04-11,40.122002,41.400002,39.720001,40.756001,40.756001,45336000,0,12179.217816019001,hold,-0.0001009815089377808
2014-04-14,41.52,41.688,38.882,39.618,39.618,38515000,0,12162.147801019002,hold,-0.0014015690710077466
2014-04-15,39.818001,39.858002,36.863998,38.782001,38.782001,68296500,-1,12149.607816019,sell,-0.0010310666508221988
2014-04-16,39.400002,39.998001,38.164001,39.821999,39.821999,36011000,0,12149.026086004002,hold,-4.78805590936604e-05
2014-04-17,39.922001,40.458,38.816002,39.624001,39.624001,29634000,0,12149.026086004002,hold,0.0
2014-04-21,39.416,41.240002,38.799999,40.875999,40.875999,26291000,0,12149.026086004002,hold,0.0
2014-04-22,41.271999,43.866001,41.001999,43.728001,43.728001,49023500,0,12149.026086004002,hold,0.0
2014-04-23,43.265999,43.348,41.400002,41.598,41.598,36478000,-1,12149.026086004002,hold,0.0
2014-04-24,42.161999,42.560001,40.639999,41.571999,41.571999,27476000,0,12149.026086004002,hold,0.0
2014-04-25,40.400002,41.34,39.529999,39.970001,39.970001,34983500,0,12149.026086004002,hold,0.0
2014-04-28,40.0,40.757999,38.099998,39.702,39.702,35210000,0,12149.026086004002,hold,0.0
2014-04-29,39.641998,41.43,39.105999,41.383999,41.383999,28895500,0,12149.026086004002,hold,0.0
2014-04-30,40.720001,41.632,40.256001,41.577999,41.577999,22203000,0,12149.026086004002,hold,0.0
2014-05-01,41.416,42.804001,41.138,41.546001,41.546001,27199500,0,12149.026086004002,hold,0.0
2014-05-02,41.720001,42.271999,41.304001,42.181999,42.181999,20434000,0,12149.026086004002,hold,0.0
2014-05-05,41.896,43.537998,41.703999,43.321999,43.321999,25735000,0,12149.026086004002,hold,0.0
2014-05-06,43.32,43.731998,41.369999,41.456001,41.456001,28183500,0,12149.026086004002,hold,0.0
2014-05-07,41.928001,42.040001,39.450001,40.27,40.27,50896500,-1,12149.026086004002,hold,0.0
2014-05-08,36.400002,38.880001,35.599998,35.717999,35.717999,100283000,0,12149.026086004002,hold,0.0
2014-05-09,35.972,36.68,35.444,36.452,36.452,42476000,0,12149.026086004002,hold,0.0
2014-05-12,36.773998,37.438,35.976002,36.933998,36.933998,35011500,0,12149.026086004002,hold,0.0
2014-05-13,36.751999,38.268002,36.599998,38.032001,38.032001,35486000,0,12149.026086004002,hold,0.0
2014-05-14,37.790001,38.695999,37.419998,38.124001,38.124001,27033500,0,12149.026086004002,hold,0.0
2014-05-15,37.995998,38.532001,37.060001,37.717999,37.717999,30202000,0,12149.026086004002,hold,0.0
2014-05-16,37.790001,38.408001,37.543999,38.312,38.312,22438500,0,12149.026086004002,hold,0.0
2014-05-19,38.144001,39.377998,38.0,39.217999,39.217999,22858500,0,12149.026086004002,hold,0.0
2014-05-20,39.388,39.866001,38.613998,39.060001,39.060001,27730500,0,12149.026086004002,hold,0.0
2014-05-21,39.236,39.973999,38.958,39.889999,39.889999,26427000,1,12149.026086004002,buy,0.0
2014-05-22,40.07,41.375999,39.911999,40.976002,40.976002,31072500,0,12155.302764010003,hold,0.0005166404254601797
2014-05-23,40.905998,41.551998,40.5,41.459999,41.459999,20034000,0,12158.206746010002,hold,0.0002389065954488956
2014-05-27,41.703999,42.773998,41.540001,42.312,42.312,26705500,0,12163.318752010002,hold,0.00042045723574135607
2014-05-28,42.004002,42.554001,41.051998,42.048,42.048,27475500,0,12161.734752010003,hold,-0.00013022761569392305
2014-05-29,42.113998,42.498001,41.543999,42.048,42.048,18462500,0,12161.734752010003,hold,0.0
2014-05-30,42.060001,42.959999,41.403999,41.554001,41.554001,27905500,0,12158.770758010003,hold,-0.0002437147381059157
2014-06-02,41.466,41.869999,40.334,40.939999,40.939999,23340500,0,12155.086746010002,hold,-0.00030299214232443195
2014-06-03,40.698002,41.599998,40.518002,40.987999,40.987999,19304000,0,12155.374746010002,hold,2.3693784011458163e-05
2014-06-04,40.869999,41.251999,40.080002,40.798,40.798,17137000,0,12154.234752010003,hold,-9.378517929881092e-05
2014-06-05,40.894001,41.84,40.810001,41.380001,41.380001,20273000,1,12157.726758010003,buy,0.00028730776319929596
2014-06-06,41.950001,42.161999,41.436001,41.633999,41.633999,15369000,0,12160.313836005003,hold,0.0002127929049973165
2014-06-09,41.59,41.998001,40.84,41.062,41.062,14028500,0,12154.021847005004,hold,-0.0005174199518904743
2014-06-10,40.886002,41.394001,40.310001,40.459999,40.459999,17573500,0,12147.399836005003,hold,-0.0005448411302332312
2014-06-11,40.299999,41.0,39.849998,40.894001,40.894001,19887500,0,12152.173858005004,hold,0.0003930077271228072
2014-06-12,41.02,41.976002,40.542,40.703999,40.703999,29968500,0,12150.083836005004,hold,-0.00017198749988456274
2014-06-13,40.956001,41.358002,40.316002,41.284,41.284,17721500,0,12156.463847005003,hold,0.0005251001627735175
2014-06-16,41.352001,45.098,41.251999,44.922001,44.922001,66232000,0,12196.481858005003,hold,0.003291912146792475
2014-06-17,44.821999,47.108002,44.57,46.334,46.334,66524500,0,12212.013847005004,hold,0.001273481089123063
2014-06-18,46.299999,46.341999,45.223999,45.424,45.424,34701000,0,12202.003847005004,hold,-0.0008196846257634283
2014-06-19,45.776001,47.062,45.400002,45.557999,45.557999,43965500,0,12203.477836005004,hold,0.00012079892929728331
2014-06-20,45.703999,46.257999,45.240002,45.917999,45.917999,24519500,0,12207.437836005003,hold,0.00032449765986508616
2014-06-23,45.902,47.798,45.644001,47.444,47.444,38955500,0,12224.223847005003,hold,0.0013750642211334263
2014-06-24,47.793999,48.375999,46.326,46.5,46.5,40379500,0,12213.839847005003,hold,-0.0008494608843852003
2014-06-25,46.610001,47.509998,46.048,47.377998,47.377998,29008000,0,12223.497825005003,hold,0.0007907405141198698
2014-06-26,47.433998,48.080002,46.841999,47.119999,47.119999,25607000,0,12220.659836005003,hold,-0.0002321748684892544
2014-06-27,46.938,48.0,46.900002,47.812,47.812,28175000,0,12228.271847005004,hold,0.0006228805238137625
2014-06-30,47.91,48.897999,47.799999,48.012001,48.012001,24143000,0,12230.471858005003,hold,0.00017991184915788772
2014-07-01,48.492001,48.688,47.740002,47.944,47.944,21680500,0,12229.723847005003,hold,-6.115961907959822e-05
2014-07-02,48.132,48.466,45.414001,45.886002,45.886002,40137000,0,12207.085869005003,hold,-0.0018510620749253581
2014-07-03,46.257999,46.380001,44.799999,45.849998,45.849998,25833500,0,12206.689825005004,hold,-3.244377931388431e-05
2014-07-07,45.5,45.956001,44.080002,44.532001,44.532001,29468500,0,12192.191858005004,hold,-0.0011877066762441268
2014-07-08,43.73,44.192001,42.854,43.813999,43.813999,39181000,0,12184.293836005003,hold,-0.0006477934478053005
2014-07-09,44.254002,44.844002,43.841999,44.612,44.612,20577000,0,12193.071847005003,hold,0.0007204365815653979
2014-07-10,43.436001,44.444,43.208,43.891998,43.891998,24319500,0,12185.151825005003,hold,-0.0006495509990737114
2014-07-11,44.122002,44.32,43.52,43.625999,43.625999,16511500,0,12182.225836005004,hold,-0.00024012741425138984
2014-07-14,43.998001,45.757999,43.09,45.34,45.34,36016000,0,12201.079847005003,hold,0.0015476655295845188
2014-07-15,45.346001,45.529999,43.619999,43.916,43.916,28592500,0,12185.415847005002,hold,-0.0012838207926199052
2014-07-16,44.363998,44.959999,43.363998,43.431999,43.431999,20222500,0,12180.091836005004,hold,-0.00043691664419542864
2014-07-17,43.231998,44.110001,42.720001,43.080002,43.080002,23247000,0,12176.219869005003,hold,-0.0003178930875180619
2014-07-18,43.189999,44.242001,43.186001,44.004002,44.004002,21268500,1,12186.383869005003,buy,0.0008347418254062156
2014-07-21,43.450001,44.641998,43.344002,44.108002,44.108002,19111000,0,12187.827848995003,hold,0.0001184912608629407
2014-07-22,44.438,44.66,43.821999,43.916,43.916,13650000,0,12184.755816995003,hold,-0.00025205738365041697
2014-07-23,44.001999,44.950001,43.886002,44.498001,44.498001,15416500,0,12194.067832995004,hold,0.000764234929272245
2014-07-24,44.650002,45.02,44.16,44.708,44.708,16227500,0,12197.427816995003,hold,0.00027554250525874124
2014-07-25,44.543999,45.394001,44.349998,44.714001,44.714001,15435500,0,12197.523832995004,hold,7.871823587857207e-06
2014-07-28,44.849998,46.400002,44.279999,44.964001,44.964001,32571500,0,12201.523832995004,hold,0.0003279354117087241
2014-07-29,45.321999,45.66,44.972,45.001999,45.001999,16912000,0,12202.131800995003,hold,4.982721898683096e-05
2014-07-30,44.383999,45.919998,44.208,45.784,45.784,24639000,0,12214.643816995003,hold,0.001025395906556259
2014-07-31,45.852001,46.279999,44.299999,44.66,44.66,38745500,0,12196.659816995003,hold,-0.0014723311026866304
2014-08-01,45.217999,47.5,45.200001,46.653999,46.653999,59479000,1,12228.563800995003,buy,0.002615796822958538
2014-08-04,46.875999,48.099998,46.653999,47.703999,47.703999,29798500,0,12249.377184999004,hold,0.0017020301273897864
2014-08-05,47.493999,48.598,47.138,47.698002,47.698002,26943000,0,12249.257244999004,hold,-9.791518228996487e-06
2014-08-06,47.779999,50.284,47.716,49.785999,49.785999,46246500,0,12291.017184999004,hold,0.0034091814029826306
2014-08-07,50.023998,51.338001,49.824001,50.478001,50.478001,37394500,0,12304.857224999005,hold,0.001126028854380845
2014-08-08,50.231998,50.352001,49.299999,49.625999,49.625999,25450500,-1,12287.817184999003,sell,-0.0013848222444533542
2014-08-11,51.096001,52.748001,51.0,51.863998,51.863998,40506500,0,12286.824665019005,hold,-8.077268444472985e-05
2014-08-12,51.616001,52.060001,50.916,51.992001,51.992001,31911500,0,12286.824665019005,hold,0.0
2014-08-13,52.402,53.127998,51.922001,52.062,52.062,34663000,0,12286.824665019005,hold,0.0
2014-08-14,52.498001,52.599998,51.299999,52.276001,52.276001,20633000,0,12286.824665019005,hold,0.0
2014-08-15,52.296001,52.417999,51.700001,52.402,52.402,19339500,0,12286.824665019005,hold,0.0
2014-08-18,52.650002,53.452,51.950001,51.987999,51.987999,29246000,0,12286.824665019005,hold,0.0
2014-08-19,51.773998,51.866001,50.324001,51.352001,51.352001,26674000,0,12286.824665019005,hold,0.0
2014-08-20,50.933998,51.748001,50.599998,51.141998,51.141998,15139500,0,12286.824665019005,hold,0.0
2014-08-21,51.304001,51.759998,50.652,50.868,50.868,14578000,0,12286.824665019005,hold,0.0
2014-08-22,50.908001,51.389999,50.521999,51.355999,51.355999,14167000,0,12286.824665019005,hold,0.0
2014-08-25,51.638,52.736,51.638,52.509998,52.509998,21590500,0,12286.824665019005,hold,0.0
2014-08-26,52.995998,53.099998,52.332001,52.348,52.348,19090000,0,12286.824665019005,hold,0.0
2014-08-27,52.700001,52.848,52.057999,52.650002,52.650002,14925500,0,12286.824665019005,hold,0.0
2014-08-28,52.377998,52.896,52.327999,52.771999,52.771999,14224500,0,12286.824665019005,hold,0.0
2014-08-29,53.740002,54.400002,53.501999,53.939999,53.939999,32235500,1,12286.824665019005,buy,0.0
2014-09-02,55.099998,56.978001,54.860001,56.824001,56.824001,49262000,0,12298.144913023005,hold,0.0009213322654655354
2014-09-03,57.534,57.599998,56.02,56.237999,56.237999,33861500,0,12295.800905023005,hold,-0.00019059850217884033
2014-09-04,56.801998,58.284,56.080002,57.208,57.208,41708500,0,12299.680909023005,hold,0.00031555520701509465
2014-09-05,56.509998,56.580002,54.501999,55.478001,55.478001,55849500,0,12292.760913023005,hold,-0.0005626158963948358
2014-09-08,55.523998,56.976002,55.504002,56.422001,56.422001,27508000,1,12296.536913023005,buy,0.00030717265443591657
2014-09-09,56.598,57.098,55.400002,55.695999,55.695999,22794000,0,12290.503209019005,hold,-0.0004906831937054879
2014-09-10,55.900002,56.282001,54.731998,56.220001,56.220001,18906500,0,12294.695225019004,hold,0.0003410776539176652
2014-09-11,56.091999,56.958,55.726002,56.062,56.062,18830500,0,12293.431217019004,hold,-0.00010280921786720576
2014-09-12,56.099998,56.478001,55.400002,55.84,55.84,16623000,0,12291.655217019004,hold,-0.0001444673963393317
2014-09-15,54.874001,54.880001,49.826,50.771999,50.771999,82277000,-1,12251.111209019005,sell,-0.0032984986386423998
2014-09-16,51.029999,52.492001,50.484001,52.147999,52.147999,41500500,0,12250.705033027005,hold,-3.3154216386610535e-05
2014-09-17,52.481998,52.939999,51.900002,52.276001,52.276001,25888500,0,12250.705033027005,hold,0.0
2014-09-18,52.672001,53.119999,52.464001,52.764,52.764,18463000,0,12250.705033027005,hold,0.0
2014-09-19,51.598,52.285999,51.054001,51.863998,51.863998,34054500,0,12250.705033027005,hold,0.0
2014-09-22,51.0,51.203999,48.942001,50.006001,50.006001,41070500,-1,12250.705033027005,hold,0.0
2014-09-23,49.043999,50.759998,49.0,50.082001,50.082001,28293500,0,12250.705033027005,hold,0.0
2014-09-24,50.223999,50.568001,49.408001,50.428001,50.428001,18747500,0,12250.705033027005,hold,0.0
2014-09-25,50.504002,50.992001,49.220001,49.389999,49.389999,24171000,0,12250.705033027005,hold,0.0
2014-09-26,49.650002,49.945999,49.214001,49.32,49.32,18977000,0,12250.705033027005,hold,0.0
2014-09-29,48.799999,49.728001,48.276001,49.051998,49.051998,24263500,0,12250.705033027005,hold,0.0
2014-09-30,49.383999,49.529999,48.023998,48.535999,48.535999,21191500,0,12250.705033027005,hold,0.0
2014-10-01,48.439999,48.532001,47.130001,48.048,48.048,29708500,0,12250.705033027005,hold,0.0
2014-10-02,50.040001,50.557999,49.071999,50.284,50.284,44991000,0,12250.705033027005,hold,0.0
2014-10-03,50.612,51.299999,50.206001,51.042,51.042,27031500,0,12250.705033027005,hold,0.0
2014-10-06,51.826,52.498001,51.560001,52.124001,52.124001,38566500,1,12250.705033027005,buy,0.0
2014-10-07,51.706001,52.292,51.146,51.914001,51.914001,22427500,0,12249.656537023006,hold,-8.558658470447789e-05
2014-10-08,52.02,52.576,50.528,51.855999,51.855999,25275500,0,12249.424529023005,hold,-1.893995960622341e-05
2014-10-09,52.450001,53.108002,50.880001,51.402,51.402,36806500,0,12247.608533023005,hold,-0.00014825153587394446
2014-10-10,48.928001,49.178001,47.040001,47.382,47.382,64441500,0,12231.528533023005,hold,-0.0013129093697470395
2014-10-13,47.714001,47.792,44.200001,44.917999,44.917999,56343500,-1,12221.672529023004,sell,-0.0008057867807275132
2014-10-14,45.650002,46.493999,44.599998,45.411999,45.411999,35526500,0,12221.492857027006,hold,-1.4701097216573977e-05
2014-10-15,44.0,46.198002,43.464001,45.939999,45.939999,45736500,0,12221.492857027006,hold,0.0
2014-10-16,43.944,45.984001,43.82,45.27,45.27,26996500,0,12221.492857027006,hold,0.0
2014-10-17,46.675999,46.953999,45.310001,45.495998,45.495998,52747000,0,12221.492857027006,hold,0.0
2014-10-20,45.344002,46.48,45.102001,46.094002,46.094002,17472000,1,12221.492857027006,buy,0.0
2014-10-21,46.854,47.077999,46.16,47.068001,47.068001,20651500,0,12226.132382017006,hold,0.00037962015314119135
2014-10-22,46.638,47.478001,46.112,46.220001,46.220001,20583000,0,12221.892382017006,hold,-0.0003467981424964961
2014-10-23,46.931999,47.256001,46.400002,47.057999,47.057999,17462000,0,12226.082372017005,hold,0.00034282661547280213
2014-10-24,47.254002,47.560001,46.240002,47.048,47.048,17316500,0,12226.032377017005,hold,-4.08920850347716e-06
2014-10-27,46.849998,46.922001,44.062,44.334,44.334,47766500,-1,12212.462377017006,sell,-0.0011099267187865136
2014-10-28,45.919998,48.919998,45.650002,48.554001,48.554001,52581500,0,12212.240707017005,hold,-1.8151130636634427e-05
2014-10-29,48.226002,48.299999,47.127998,47.619999,47.619999,24812500,0,12212.240707017005,hold,0.0
2014-10-30,47.627998,48.099998,47.012001,47.731998,47.731998,16142000,0,12212.240707017005,hold,0.0
2014-10-31,48.501999,48.624001,47.75,48.34,48.34,18876500,0,12212.240707017005,hold,0.0
2014-11-03,48.599998,49.512001,48.264,48.518002,48.518002,21019000,0,12212.240707017005,hold,0.0
2014-11-04,48.098,48.470001,47.306,47.785999,47.785999,18413000,0,12212.240707017005,hold,0.0
2014-11-05,48.200001,48.271999,46.105999,46.194,46.194,45229500,0,12212.240707017005,hold,0.0
2014-11-06,46.897999,49.338001,45.700001,48.243999,48.243999,76773500,0,12212.240707017005,hold,0.0
2014-11-07,48.438,48.568001,47.439999,48.040001,48.040001,25805000,0,12212.240707017005,hold,0.0
2014-11-10,47.821999,48.576,47.360001,48.386002,48.386002,22886000,0,12212.240707017005,hold,0.0
2014-11-11,48.509998,50.363998,48.400002,50.216,50.216,39744000,0,12212.240707017005,hold,0.0
2014-11-12,49.944,50.467999,49.116001,49.82,49.82,29354000,0,12212.240707017005,hold,0.0
2014-11-13,50.124001,51.150002,50.049999,50.34,50.34,31180000,0,12212.240707017005,hold,0.0
2014-11-14,50.0,51.77,49.700001,51.736,51.736,30505500,0,12212.240707017005,hold,0.0
2014-11-17,51.498001,51.799999,50.403999,50.796001,50.796001,20128500,-1,12212.240707017005,hold,0.0
2014-11-18,51.172001,51.998001,51.102001,51.540001,51.540001,22365000,0,12212.240707017005,hold,0.0
2014-11-19,50.122002,50.375999,49.119999,49.548,49.548,39592500,0,12212.240707017005,hold,0.0
2014-11-20,49.59,50.186001,49.200001,49.742001,49.742001,17936000,0,12212.240707017005,hold,0.0
2014-11-21,50.442001,50.556,48.433998,48.556,48.556,37425500,0,12212.240707017005,hold,0.0
2014-11-24,49.040001,49.52,48.127998,49.344002,49.344002,23948500,1,12212.240707017005,buy,0.0
2014-11-25,49.470001,49.944,49.217999,49.618,49.618,15799000,0,12213.139323009005,hold,7.35832197840125e-05
2014-11-26,49.667999,49.799999,49.32,49.688,49.688,9906000,0,12213.419323009006,hold,2.2926128376621335e-05
2014-11-28,49.07,49.338001,48.504002,48.903999,48.903999,10598500,0,12210.283319009006,hold,-0.0002567670786585152
2014-12-01,48.231998,48.493999,45.801998,46.327999,46.327999,43097000,0,12199.979319009006,hold,-0.0008438788626599081
2014-12-02,46.914001,46.976002,45.599998,46.285999,46.285999,29435000,0,12199.811319009006,hold,-1.3770515146505069e-05
2014-12-03,45.25,45.944,45.099998,45.860001,45.860001,26538500,0,12198.107327009006,hold,-0.00013967363555411616
2014-12-04,45.720001,46.18,45.562,45.655998,45.655998,19278000,0,12197.291315009006,hold,-6.689660765590855e-05
2014-12-05,45.734001,45.877998,44.452,44.742001,44.742001,30318000,0,12193.635327009006,hold,-0.00029973769631141955
2014-12-08,44.307999,44.972,42.467999,42.872002,42.872002,46128000,0,12186.155331009006,hold,-0.0006134344516135481
2014-12-09,41.868,43.546001,40.854,43.377998,43.377998,47157500,1,12188.179315009005,buy,0.00016608880693080863
2014-12-10,42.826,43.354,41.540001,41.967999,41.967999,36570500,0,12175.272434019005,hold,-0.0010589671070974083
2014-12-11,42.105999,43.085999,41.646,41.776001,41.776001,33472000,0,12173.544452019005,hold,-0.00014192553056735502
2014-12-12,40.964001,42.335999,40.900002,41.400002,41.400002,35869000,0,12170.160461019004,hold,-0.00027797910570237505
2014-12-15,41.858002,41.959999,40.534,40.807999,40.807999,26091500,0,12164.832434019005,hold,-0.00043779430986679024
2014-12-16,40.178001,40.736,39.074001,39.562,39.562,42130500,-1,12153.618443019004,sell,-0.0009218368654746456
2014-12-17,38.612,41.330002,38.529999,41.164001,41.164001,36839000,0,12153.262385019005,hold,-2.9296460282046688e-05
2014-12-18,42.476002,43.688,42.360001,43.652,43.652,37416500,0,12153.262385019005,hold,0.0
2014-12-19,44.037998,44.080002,42.900002,43.858002,43.858002,34552500,0,12153.262385019005,hold,0.0
2014-12-22,44.0,44.812,43.652,44.52,44.52,23997000,0,12153.262385019005,hold,0.0
2014-12-23,44.762001,44.863998,43.903999,44.194,44.194,22528500,0,12153.262385019005,hold,0.0
2014-12-24,43.953999,44.5,43.849998,44.452,44.452,6661000,0,12153.262385019005,hold,0.0
2014-12-26,44.301998,45.700001,44.299999,45.563999,45.563999,16635000,0,12153.262385019005,hold,0.0
2014-12-29,45.380001,45.582001,44.804001,45.141998,45.141998,14012500,0,12153.262385019005,hold,0.0
2014-12-30,44.798,45.130001,44.279999,44.445999,44.445999,14516000,0,12153.262385019005,hold,0.0
2014-12-31,44.618,45.136002,44.450001,44.481998,44.481998,11487500,0,12153.262385019005,hold,0.0
2015-01-02,44.574001,44.650002,42.652,43.862,43.862,23822000,0,12153.262385019005,hold,0.0
2015-01-05,42.91,43.299999,41.431999,42.018002,42.018002,26842500,0,12153.262385019005,hold,0.0
2015-01-06,42.012001,42.84,40.841999,42.256001,42.256001,31309500,0,12153.262385019005,hold,0.0
2015-01-07,42.669998,42.956001,41.956001,42.189999,42.189999,14842000,0,12153.262385019005,hold,0.0
2015-01-08,42.562,42.759998,42.001999,42.124001,42.124001,17212500,0,12153.262385019005,hold,0.0
2015-01-09,41.784,41.995998,40.992001,41.332001,41.332001,23341500,0,12153.262385019005,hold,0.0
2015-01-12,40.610001,40.894001,39.849998,40.442001,40.442001,29751500,0,12153.262385019005,hold,0.0
2015-01-13,40.664001,41.521999,40.181999,40.849998,40.849998,22386500,0,12153.262385019005,hold,0.0
2015-01-14,37.166,39.040001,37.0,38.537998,38.537998,57759500,0,12153.262385019005,hold,0.0
2015-01-15,38.897999,39.150002,38.0,38.374001,38.374001,26082500,0,12153.262385019005,hold,0.0
2015-01-16,38.139999,38.897999,37.93,38.613998,38.613998,18016000,0,12153.262385019005,hold,0.0
2015-01-20,38.773998,38.824001,37.408001,38.386002,38.386002,22516000,0,12153.262385019005,hold,0.0
2015-01-21,37.91,39.736,37.902,39.313999,39.313999,20765000,0,12153.262385019005,hold,0.0
2015-01-22,39.400002,40.647999,39.040001,40.324001,40.324001,20584500,0,12153.262385019005,hold,0.0
2015-01-23,40.057999,40.700001,39.666,40.257999,40.257999,17193000,0,12153.262385019005,hold,0.0
2015-01-26,40.366001,41.723999,40.209999,41.310001,41.310001,16172500,0,12153.262385019005,hold,0.0
2015-01-27,40.883999,41.605999,40.66,41.195999,41.195999,13905000,0,12153.262385019005,hold,0.0
2015-01-28,41.222,41.273998,39.683998,39.874001,39.874001,15748000,0,12153.262385019005,hold,0.0
2015-01-29,40.214001,41.195999,39.299999,41.040001,41.040001,17740500,0,12153.262385019005,hold,0.0
2015-01-30,40.792,41.493999,40.599998,40.720001,40.720001,15035000,0,12153.262385019005,hold,0.0
2015-02-02,40.793999,42.389999,40.66,42.188,42.188,20746000,0,12153.262385019005,hold,0.0
2015-02-03,42.644001,44.074001,42.254002,43.672001,43.672001,24131000,0,12153.262385019005,hold,0.0
2015-02-04,43.658001,44.296001,43.360001,43.709999,43.709999,16527000,0,12153.262385019005,hold,0.0
2015-02-05,43.976002,45.096001,43.928001,44.198002,44.198002,17614500,0,12153.262385019005,hold,0.0
2015-02-06,44.400002,44.68,43.299999,43.472,43.472,16219500,-1,12153.262385019005,hold,0.0
2015-02-09,43.076,43.585999,42.397999,43.495998,43.495998,17362000,0,12153.262385019005,hold,0.0
2015-02-10,43.509998,44.099998,43.0,43.257999,43.257999,26952500,0,12153.262385019005,hold,0.0
2015-02-11,42.442001,42.948002,41.456001,42.560001,42.560001,48845500,0,12153.262385019005,hold,0.0
2015-02-12,38.714001,40.618,38.655998,40.576,40.576,78248000,0,12153.262385019005,hold,0.0
2015-02-13,40.580002,41.198002,40.181999,40.754002,40.754002,30955000,0,12153.262385019005,hold,0.0
2015-02-17,41.139999,41.139999,40.299999,40.869999,40.869999,19898000,0,12153.262385019005,hold,0.0
2015-02-18,40.834,41.234001,40.52,40.891998,40.891998,13568000,0,12153.262385019005,hold,0.0
2015-02-19,41.0,42.487999,40.75,42.341999,42.341999,25770500,0,12153.262385019005,hold,0.0
2015-02-20,42.155998,43.52,41.962002,43.422001,43.422001,29910500,0,12153.262385019005,hold,0.0
2015-02-23,43.132,43.639999,41.265999,41.467999,41.467999,42499000,-1,12153.262385019005,hold,0.0
2015-02-24,41.458,41.458,40.34,40.821999,40.821999,33018000,0,12153.262385019005,hold,0.0
2015-02-25,40.987999,41.428001,40.515999,40.751999,40.751999,19547500,0,12153.262385019005,hold,0.0
2015-02-26,40.799999,42.217999,40.444,41.438,41.438,32364500,0,12153.262385019005,hold,0.0
2015-02-27,41.380001,41.709999,40.560001,40.667999,40.667999,19410500,0,12153.262385019005,hold,0.0
2015-03-02,40.540001,40.667999,39.166,39.466,39.466,39610500,-1,12153.262385019005,hold,0.0
2015-03-03,39.362,40.048,39.063999,39.911999,39.911999,22161500,0,12153.262385019005,hold,0.0
2015-03-04,39.849998,40.504002,39.442001,40.487999,40.487999,21110000,0,12153.262385019005,hold,0.0
2015-03-05,40.57,41.237999,40.029999,40.125999,40.125999,24385000,0,12153.262385019005,hold,0.0
2015-03-06,39.841999,40.150002,38.43,38.776001,38.776001,33562000,0,12153.262385019005,hold,0.0
2015-03-09,38.877998,38.897999,37.650002,38.175999,38.175999,33683500,-1,12153.262385019005,hold,0.0
2015-03-10,37.692001,38.700001,37.52,38.063999,38.063999,27898500,0,12153.262385019005,hold,0.0
2015-03-11,38.23,39.236,38.202,38.748001,38.748001,24874500,0,12153.262385019005,hold,0.0
2015-03-12,38.75,38.889999,37.950001,38.214001,38.214001,20746500,0,12153.262385019005,hold,0.0
2015-03-13,37.790001,38.349998,37.464001,37.736,37.736,27171500,0,12153.262385019005,hold,0.0
2015-03-16,38.400002,39.181999,37.959999,39.139999,39.139999,28144000,1,12153.262385019005,buy,0.0
2015-03-17,39.085999,39.742001,38.787998,38.945999,38.945999,24470500,0,12151.863545025004,hold,-0.00011509995832270636
2015-03-18,38.992001,40.175999,38.622002,40.141998,40.141998,24104500,0,12159.039539025005,hold,0.0005905262162806402
2015-03-19,40.400002,40.917999,38.905998,39.130001,39.130001,42376000,0,12152.967557025006,hold,-0.0004993800686733385
2015-03-20,39.490002,39.798,39.124001,39.616001,39.616001,21347500,0,12155.883557025005,hold,0.0002399413959033314
2015-03-23,39.700001,40.099998,39.493999,39.925999,39.925999,13158000,0,12157.743545025005,hold,0.00015301133737222194
2015-03-24,40.316002,40.757999,39.950001,40.344002,40.344002,18249500,0,12160.251563025005,hold,0.00020628976016090483
2015-03-25,39.653999,39.717999,38.540001,38.860001,38.860001,28652000,0,12151.347557025005,hold,-0.0007322221874976886
2015-03-26,38.784,38.958,37.939999,38.082001,38.082001,20640000,0,12146.679557025005,hold,-0.00038415492422494424
2015-03-27,37.813999,37.858002,36.279999,37.0,37.0,43024500,0,12140.187551025005,hold,-0.0005344675447740421
2015-03-30,37.169998,38.450001,36.360001,38.113998,38.113998,50447500,1,12146.871539025005,buy,0.0005505671120735744
2015-03-31,38.706001,38.751999,37.681999,37.754002,37.754002,25133000,0,12142.322903037004,hold,-0.0003744697532519492
2015-04-01,37.740002,38.459999,37.209999,37.518002,37.518002,18973000,0,12139.490903037004,hold,-0.00023323379081707785
2015-04-02,38.046001,38.646,38.0,38.200001,38.200001,25052000,0,12147.674891037004,hold,0.0006741623734776159
2015-04-06,39.599998,41.549999,39.5,40.619999,40.619999,62279000,0,12176.714867037004,hold,0.002390578959388101
2015-04-07,40.501999,41.012001,40.228001,40.650002,40.650002,21739500,0,12177.074903037004,hold,2.9567580741796107e-05
2015-04-08,41.639999,42.18,41.174,41.534,41.534,31515500,0,12187.682879037004,hold,0.0008711432001911046
2015-04-09,41.686001,42.074001,41.223999,42.018002,42.018002,19001000,0,12193.490903037004,hold,0.0004765486645530448
2015-04-10,41.970001,42.330002,41.799999,42.18,42.18,20338500,0,12195.434879037004,hold,0.00015942735476315306
2015-04-13,42.088001,42.599998,41.810001,41.956001,41.956001,18791000,0,12192.746891037004,hold,-0.0002204093602778956
2015-04-14,41.714001,41.897999,41.099998,41.492001,41.492001,15130000,-1,12187.178891037005,sell,-0.00045666493775020633
2015-04-15,41.492001,41.917999,41.32,41.566002,41.566002,9762000,0,12186.680987025004,hold,-4.0854738939444246e-05
2015-04-16,41.540001,41.834,41.257999,41.34,41.34,8295500,0,12186.680987025004,hold,0.0
2015-04-17,40.998001,41.375999,40.700001,41.358002,41.358002,12349500,0,12186.680987025004,hold,0.0
2015-04-20,41.355999,41.57,40.77,41.054001,41.054001,12796500,0,12186.680987025004,hold,0.0
2015-04-21,41.16,42.150002,40.862,41.882,41.882,17162500,1,12186.680987025004,buy,0.0
2015-04-22,42.5,44.375999,42.338001,43.888,43.888,39315000,0,12196.501577025005,hold,0.0008058461537194805
2015-04-23,43.653999,44.296001,43.43,43.720001,43.720001,22056000,0,12195.661582025004,hold,-6.88717985805054e-05
2015-04-24,44.099998,44.16,43.602001,43.686001,43.686001,12139000,0,12195.491582025004,hold,-1.393938318616783e-05
2015-04-27,44.512001,47.75,44.400002,46.310001,46.310001,58363000,0,12208.611582025003,hold,0.0010758073925725142
2015-04-28,46.950001,47.099998,45.605999,46.096001,46.096001,30427000,0,12207.541582025004,hold,-8.764305366015801e-05
2015-04-29,46.009998,46.993999,45.526001,46.490002,46.490002,19680500,0,12209.511587025005,hold,0.0001613760630478911
2015-04-30,46.077999,46.577999,45.034,45.209999,45.209999,19559500,0,12203.111572025004,hold,-0.0005241827205276772
2015-05-01,45.987999,46.354,44.082001,45.206001,45.206001,26408500,0,12203.091582025005,hold,-1.638106795986971e-06
2015-05-04,45.636002,46.945999,45.422001,46.102001,46.102001,22173000,0,12207.571582025004,hold,0.0003671200834547417
2015-05-05,47.551998,47.900002,45.826,46.59,46.59,28984500,1,12210.011577025005,buy,0.00019987554310918476
2015-05-06,46.82,46.894001,45.639999,46.085999,46.085999,26354500,0,12204.738617025005,hold,-0.00043185544638812967
2015-05-07,44.200001,47.495998,44.049999,47.360001,47.360001,47279500,0,12217.478637025004,hold,0.001043858488065208
2015-05-08,47.198002,47.681999,46.740002,47.321999,47.321999,23341000,0,12217.098617025003,hold,-3.110461751487659e-05
2015-05-11,47.257999,48.576,47.062,47.897999,47.897999,28361500,0,12222.858617025004,hold,0.0004714703695665179
2015-05-12,48.021999,49.27,47.638,48.948002,48.948002,31817000,1,12233.358647025005,buy,0.0008590486341202297
2015-05-13,49.521999,49.66,48.450001,48.636002,48.636002,27201000,0,12228.794855017004,hold,-0.00037306124504987714
2015-05-14,48.964001,48.978001,48.25,48.82,48.82,14479500,0,12231.370827017003,hold,0.00021064806716752926
2015-05-15,48.785999,49.880001,48.5,49.768002,49.768002,22638000,0,12244.642855017004,hold,0.0010850809927769323
2015-05-18,49.400002,49.98,49.200001,49.75,49.75,16766000,0,12244.390827017003,hold,-2.0582715476891167e-05
2015-05-19,49.686001,50.200001,49.23,49.428001,49.428001,18371000,0,12239.882841017003,hold,-0.00036816743794665374
2015-05-20,49.425999,49.548,48.273998,48.869999,48.869999,18778000,0,12232.070813017002,hold,-0.0006382436908481948
2015-05-21,48.605999,49.324001,48.472,49.124001,49.124001,9853000,0,12235.626841017003,hold,0.00029071349032872007
2015-05-22,49.076,49.720001,49.001999,49.546001,49.546001,11115500,0,12241.534841017003,hold,0.00048285225405808596
2015-05-26,49.535999,50.400002,49.299999,49.492001,49.492001,17493500,0,12240.778841017003,hold,-6.175696183674528e-05
2015-05-27,49.702,49.900002,49.110001,49.486,49.486,17041000,0,12240.694827017003,hold,-6.863452161942618e-06
2015-05-28,49.405998,50.360001,49.009998,50.290001,50.290001,18236500,0,12251.950841017004,hold,0.0009195567865278864
2015-05-29,50.200001,50.574001,49.886002,50.16,50.16,18946500,0,12250.130827017003,hold,-0.00014854891466820064
2015-06-01,50.282001,50.32,49.493999,49.889999,49.889999,12525500,0,12246.350813017003,hold,-0.0003085692759838832
2015-06-02,49.784,49.880001,49.259998,49.669998,49.669998,10674000,0,12243.270799017004,hold,-0.00025150463570955406
2015-06-03,49.639999,50.144001,49.402,49.798,49.798,8907500,0,12245.062827017004,hold,0.00014636840346149427
2015-06-04,49.5,49.860001,49.141998,49.183998,49.183998,12268000,0,12236.466799017004,hold,-0.0007019995014672098
2015-06-05,49.200001,49.939999,49.136002,49.827999,49.827999,15110000,0,12245.482813017003,hold,0.0007368151401940803
2015-06-08,50.169998,51.75,50.062,51.257999,51.257999,25085000,0,12265.502813017003,hold,0.0016348885793804335
2015-06-09,51.080002,51.548,50.827999,51.200001,51.200001,13055500,0,12264.690841017004,hold,-6.619965054655008e-05
2015-06-10,50.380001,50.799999,49.700001,50.139999,50.139999,17272500,-1,12249.850813017003,sell,-0.0012099797860677386
2015-06-11,50.652,50.874001,50.085999,50.282001,50.282001,10220500,0,12249.148853031003,hold,-5.730355387301156e-05
2015-06-12,50.042,50.692001,50.042,50.138,50.138,7111500,0,12249.148853031003,hold,0.0
2015-06-15,49.939999,50.256001,49.202,50.076,50.076,10931000,0,12249.148853031003,hold,0.0
2015-06-16,50.026001,50.688,49.82,50.624001,50.624001,9923500,0,12249.148853031003,hold,0.0
2015-06-17,50.433998,52.872002,50.403999,52.082001,52.082001,27564500,1,12249.148853031003,buy,0.0
2015-06-18,52.400002,52.692001,52.004002,52.377998,52.377998,13913500,0,12250.124513027004,hold,7.965124823816616e-05
2015-06-19,52.48,52.759998,52.02,52.501999,52.501999,12315000,0,12250.620517027004,hold,4.04897108983171e-05
2015-06-22,52.43,52.880001,51.138,51.958,51.958,22805500,0,12248.444521027004,hold,-0.0001776233291183038
2015-06-23,52.063999,53.599998,51.714001,53.534,53.534,19354000,0,12254.748521027004,hold,0.000514677597565738
2015-06-24,53.396,53.470001,52.743999,53.034,53.034,12061500,0,12252.748521027004,hold,-0.000163202043401256
2015-06-25,53.290001,54.282001,53.049999,53.757999,53.757999,14246000,0,12255.644517027004,hold,0.00023635480602823833
2015-06-26,53.778,53.821999,53.200001,53.417999,53.417999,19192000,0,12254.284517027003,hold,-0.00011096927608422735
2015-06-29,52.389999,53.189999,52.139999,52.403999,52.403999,17394500,0,12250.228517027004,hold,-0.00033098627621730436
2015-06-30,52.959999,54.183998,52.799999,53.652,53.652,15434500,0,12255.220521027004,hold,0.0004075029288688192
2015-07-01,54.222,54.523998,53.57,53.830002,53.830002,10506000,0,12255.932529027004,hold,5.809834256176316e-05
2015-07-02,56.040001,56.490002,54.661999,56.004002,56.004002,35819500,0,12264.628529027004,hold,0.0007095339321918637
2015-07-06,55.776001,56.338001,55.259998,55.944,55.944,20609500,0,12264.388521027004,hold,-1.956912102418773e-05
2015-07-07,55.0,55.040001,52.153999,53.576,53.576,30525500,0,12254.916521027004,hold,-0.0007723173465811195
2015-07-08,51.863998,52.16,50.862,50.992001,50.992001,31105500,0,12244.580525027004,hold,-0.0008434162715237337
2015-07-09,51.816002,52.59,51.358002,51.584,51.584,16670500,1,12246.948521027003,buy,0.00019339135343665603
2015-07-10,52.444,52.599998,51.563999,51.830002,51.830002,13054500,0,12248.710201027003,hold,0.000143846444440765
2015-07-13,52.450001,52.509998,51.209999,52.431999,52.431999,14801500,0,12253.526177027003,hold,0.0003931822960099307
2015-07-14,52.419998,53.198002,52.102001,53.130001,53.130001,9538000,0,12259.110193027003,hold,0.00045570686505480573
2015-07-15,53.348,53.498001,52.416,52.627998,52.627998,10108000,0,12255.094169027003,hold,-0.0003275950649570536
2015-07-16,52.844002,53.439999,52.632,53.335999,53.335999,8080000,1,12260.758177027003,buy,0.0004621758039455859
2015-07-17,54.5,55.108002,53.650002,54.931999,54.931999,25020500,0,12279.696833031005,hold,0.0015446561893281974
2015-07-20,55.0,57.330002,54.507999,56.452,56.452,24892500,0,12297.936845031003,hold,0.001485379667593545
2015-07-21,54.009998,54.700001,53.310001,53.354,53.354,30543500,0,12260.760845031004,hold,-0.0030229460818071985
2015-07-22,52.254002,53.888,52.172001,53.574001,53.574001,15525000,0,12263.400857031003,hold,0.00021532203697383068
2015-07-23,53.93,53.98,53.054001,53.439999,53.439999,11136000,0,12261.792833031004,hold,-0.00013112382272628675
2015-07-24,53.476002,54.217999,52.784,53.082001,53.082001,14182500,0,12257.496857031005,hold,-0.000350354638876893
2015-07-27,52.486,52.886002,50.158001,50.602001,50.602001,23471000,0,12227.736857031005,hold,-0.0024279019074705532
2015-07-28,51.150002,53.080002,50.368,52.964001,52.964001,19479000,0,12256.080857031004,hold,0.002318008665986415
2015-07-29,52.854,53.577999,52.400002,52.764,52.764,13950500,0,12253.680845031004,hold,-0.00019582214151459
2015-07-30,52.537998,53.388,52.422001,53.358002,53.358002,10173000,1,12260.808869031003,buy,0.0005817047212299808
2015-07-31,53.52,53.872002,53.023998,53.23,53.23,11113000,0,12258.547405023004,hold,-0.0001844465591264166
2015-08-03,53.257999,53.341999,51.414001,51.998001,51.998001,12767500,0,12238.835421023005,hold,-0.0016080195596357427
2015-08-04,52.001999,53.344002,51.667999,53.256001,53.256001,11762500,0,12258.963421023003,hold,0.0016446009205601797
2015-08-05,52.716,54.200001,52.080002,54.026001,54.026001,31071500,0,12271.283421023003,hold,0.0010049789347501559
2015-08-06,49.908001,51.0,47.223999,49.226002,49.226002,73119000,-1,12194.483437023004,sell,-0.006258512770426772
2015-08-07,48.716,48.745998,47.678001,48.501999,48.501999,25367000,0,12193.695820991004,hold,-6.458789632757256e-05
2015-08-10,47.630001,48.594002,47.209999,48.228001,48.228001,20929500,0,12193.695820991004,hold,0.0
2015-08-11,47.43,47.860001,46.888,47.473999,47.473999,21324500,0,12193.695820991004,hold,0.0
2015-08-12,47.0,47.953999,46.548,47.633999,47.633999,18640000,0,12193.695820991004,hold,0.0
2015-08-13,47.972,49.296001,47.824001,48.501999,48.501999,23446000,1,12193.695820991004,buy,0.0
2015-08-14,49.448002,49.585999,48.354,48.630001,48.630001,21824000,0,12194.093320996004,hold,3.259881260242459e-05
2015-08-17,51.112,51.318001,50.102001,50.998001,50.998001,35883500,0,12205.933320996004,hold,0.0009709618983819723
2015-08-18,51.076,52.189999,50.712002,52.144001,52.144001,20975000,0,12211.663320996004,hold,0.00046944382287783526
2015-08-19,52.066002,52.130001,51.004002,51.049999,51.049999,18021500,0,12206.193310996005,hold,-0.000447933246783383
2015-08-20,50.411999,50.911999,48.380001,48.436001,48.436001,24529000,-1,12193.123320996005,sell,-0.0010707670824962046
2015-08-21,47.200001,48.759998,46.102001,46.153999,46.153999,32951000,0,12192.881140991005,hold,-1.9862015549598766e-05
2015-08-24,40.557999,46.279999,39.0,43.773998,43.773998,47908000,0,12192.881140991005,hold,0.0
2015-08-25,46.104,46.18,43.824001,44.006001,44.006001,21636500,0,12192.881140991005,hold,0.0
2015-08-26,45.585999,45.599998,43.102001,44.967999,44.967999,24815000,0,12192.881140991005,hold,0.0
2015-08-27,46.200001,48.950001,46.161999,48.598,48.598,38280000,1,12192.881140991005,buy,0.0
2015-08-28,48.372002,50.290001,48.313999,49.695999,49.695999,27568500,0,12198.128145991004,hold,0.0004303334822448601
2015-08-31,49.124001,50.990002,49.102001,49.812,49.812,23501000,0,12198.708150991004,hold,4.754868886913677e-05
2015-09-01,48.068001,49.200001,47.394001,47.726002,47.726002,27274000,0,12188.278160991005,hold,-0.0008550077492550656
2015-09-02,49.060001,49.576,47.956001,49.537998,49.537998,23146000,0,12197.338140991005,hold,0.0007433355130503916
2015-09-03,50.411999,50.416,49.0,49.113998,49.113998,20974000,0,12195.218140991004,hold,-0.00017380841422087734
2015-09-04,48.178001,48.818001,47.639999,48.386002,48.386002,18446000,0,12191.578160991005,hold,-0.0002984760057521685
2015-09-08,49.009998,49.832001,48.810001,49.633999,49.633999,15691000,0,12197.818145991005,hold,0.0005118275023627827
2015-09-09,50.41,50.849998,49.66,49.782001,49.782001,16954000,0,12198.558155991004,hold,6.0667407165926335e-05
2015-09-10,49.445999,50.144001,49.066002,49.695999,49.695999,13545000,0,12198.128145991004,hold,-3.525088740008453e-05
2015-09-11,49.528,50.048,48.945999,50.048,50.048,11754000,0,12199.888150991004,hold,0.00014428484263606656
2015-09-14,50.220001,50.849998,49.933998,50.638,50.638,14454500,0,12202.838150991005,hold,0.00024180549554975173
2015-09-15,50.549999,50.919998,49.900002,50.714001,50.714001,14667500,0,12203.218155991004,hold,3.114070639109734e-05
2015-09-16,50.608002,52.576,50.576,52.450001,52.450001,22085500,0,12211.898155991004,hold,0.0007112877840127485
2015-09-17,52.792,53.099998,52.138,52.414001,52.414001,17929000,0,12211.718155991004,hold,-1.4739723317447329e-05
2015-09-18,51.591999,52.764,51.5,52.124001,52.124001,18815500,0,12210.268155991005,hold,-0.0001187384102283584
2015-09-21,52.796001,54.313999,51.16,52.84,52.84,30601000,0,12213.848150991005,hold,0.0002931954445442031
2015-09-22,51.806,52.529999,51.174,52.188,52.188,18322000,0,12210.588150991005,hold,-0.00026691014655655376
2015-09-23,52.389999,52.416,51.515999,52.212002,52.212002,13004000,0,12210.708160991004,hold,9.828355400642863e-06
2015-09-24,51.905998,52.689999,51.242001,52.624001,52.624001,17241000,0,12212.768155991005,hold,0.00016870397464607834
2015-09-25,53.321999,53.382,51.23,51.382,51.382,18867000,-1,12206.558150991004,sell,-0.0005084846384277864
2015-09-28,51.470001,51.958,49.321999,49.686001,49.686001,24505500,0,12206.301240991004,hold,-2.104688289872314e-05
2015-09-29,50.091999,50.945999,49.091999,49.330002,49.330002,18516000,0,12206.301240991004,hold,0.0
2015-09-30,50.400002,50.48,48.467999,49.68,49.68,24648000,0,12206.301240991004,hold,0.0
2015-10-01,49.501999,49.700001,47.425999,47.976002,47.976002,22865000,0,12206.301240991004,hold,0.0
2015-10-02,47.119999,49.540001,46.986,49.514,49.514,22120000,1,12206.301240991004,buy,0.0
2015-10-05,49.768002,49.967999,48.826,49.23,49.23,18449500,0,12204.967184991005,hold,-0.00010929240346124747
2015-10-06,48.0,48.605999,47.116001,48.292,48.292,26126000,0,12201.215184991004,hold,-0.00030741582038951165
2015-10-07,47.326,47.540001,45.824001,46.391998,46.391998,34070000,0,12193.615176991005,hold,-0.0006228894323041523
2015-10-08,46.015999,46.144001,44.262001,45.344002,45.344002,30666000,0,12189.423192991004,hold,-0.0003437851645433643
2015-10-09,44.186001,44.874001,43.672001,44.138,44.138,30792000,-1,12184.599184991004,sell,-0.00039575359093069196
2015-10-12,44.598,44.599998,43.054001,43.116001,43.116001,19181500,0,12184.422632991005,hold,-1.4489766739012033e-05
2015-10-13,42.655998,44.504002,42.226002,43.849998,43.849998,25857500,0,12184.422632991005,hold,0.0
2015-10-14,44.133999,44.189999,43.085999,43.375999,43.375999,15522000,0,12184.422632991005,hold,0.0
2015-10-15,43.285999,44.346001,42.740002,44.262001,44.262001,14221000,0,12184.422632991005,hold,0.0
2015-10-16,44.608002,46.096001,44.574001,45.402,45.402,21672500,1,12184.422632991005,buy,0.0
2015-10-19,45.299999,46.23,44.987999,45.619999,45.619999,12539500,0,12185.285617991005,hold,7.082690957083138e-05
2015-10-20,45.543999,45.720001,40.400002,42.605999,42.605999,74500000,0,12170.215617991005,hold,-0.0012367375269193293
2015-10-21,42.397999,42.962002,41.759998,42.018002,42.018002,20757500,0,12167.275632991004,hold,-0.00024157213744468997
2015-10-22,42.312,43.150002,41.880001,42.344002,42.344002,14126000,0,12168.905632991005,hold,0.0001339658974750524
2015-10-23,43.0,43.07,41.537998,41.818001,41.818001,21177500,-1,12166.275627991005,sell,-0.00021612502219348073
2015-10-26,42.276001,43.175999,42.0,43.051998,43.051998,16957000,0,12166.066537986004,hold,-1.7186032225002812e-05
2015-10-27,42.967999,43.419998,41.501999,42.07,42.07,17597000,0,12166.066537986004,hold,0.0
2015-10-28,42.262001,42.689999,41.66,42.591999,42.591999,13643000,0,12166.066537986004,hold,0.0
2015-10-29,42.349998,42.75,42.127998,42.326,42.326,9025000,0,12166.066537986004,hold,0.0
2015-10-30,42.080002,42.326,40.778,41.386002,41.386002,22194500,-1,12166.066537986004,hold,0.0
2015-11-02,41.784,43.16,41.444,42.757999,42.757999,19639500,0,12166.066537986004,hold,0.0
2015-11-03,42.77,42.888,41.549999,41.669998,41.669998,41662500,0,12166.066537986004,hold,0.0
2015-11-04,45.400002,46.548,45.040001,46.326,46.326,63632000,0,12166.066537986004,hold,0.0
2015-11-05,46.116001,46.916,45.838001,46.354,46.354,22484000,0,12166.066537986004,hold,0.0
2015-11-06,46.139999,46.672001,45.900002,46.472,46.472,12226500,0,12166.066537986004,hold,0.0
2015-11-09,46.598,46.598,44.862,45.066002,45.066002,19254500,0,12166.066537986004,hold,0.0
2015-11-10,44.695999,44.740002,43.216,43.299999,43.299999,23085000,0,12166.066537986004,hold,0.0
2015-11-11,43.554001,43.896,42.726002,43.816002,43.816002,16739000,0,12166.066537986004,hold,0.0
2015-11-12,43.57,43.799999,42.532001,42.588001,42.588001,14579500,0,12166.066537986004,hold,0.0
2015-11-13,42.59,42.598,41.304001,41.438,41.438,17151500,-1,12166.066537986004,hold,0.0
2015-11-16,41.217999,42.995998,41.16,42.862,42.862,14627000,0,12166.066537986004,hold,0.0
2015-11-17,43.040001,43.200001,42.279999,42.799999,42.799999,10743500,0,12166.066537986004,hold,0.0
2015-11-18,42.900002,44.276001,42.504002,44.214001,44.214001,14059500,0,12166.066537986004,hold,0.0
2015-11-19,44.108002,45.237999,44.060001,44.360001,44.360001,12522000,0,12166.066537986004,hold,0.0
2015-11-20,44.698002,45.0,42.716,44.001999,44.001999,22003500,0,12166.066537986004,hold,0.0
2015-11-23,43.470001,43.835999,42.936001,43.549999,43.549999,12631000,0,12166.066537986004,hold,0.0
2015-11-24,43.074001,44.200001,43.0,43.650002,43.650002,12401500,0,12166.066537986004,hold,0.0
2015-11-25,44.268002,46.166,44.076,45.928001,45.928001,19954000,0,12166.066537986004,hold,0.0
2015-11-27,46.212002,46.450001,45.402,46.321999,46.321999,9747000,0,12166.066537986004,hold,0.0
2015-11-30,46.358002,46.855999,45.816002,46.051998,46.051998,13299000,0,12166.066537986004,hold,0.0
2015-12-01,46.212002,47.599998,46.209999,47.438,47.438,18670000,0,12166.066537986004,hold,0.0
2015-12-02,47.400002,47.720001,46.245998,46.397999,46.397999,14907500,0,12166.066537986004,hold,0.0
2015-12-03,47.096001,47.490002,46.0,46.542,46.542,14698000,0,12166.066537986004,hold,0.0
2015-12-04,46.492001,46.653999,45.532001,46.076,46.076,12868000,0,12166.066537986004,hold,0.0
2015-12-07,45.540001,47.125999,45.23,46.226002,46.226002,15721000,0,12166.066537986004,hold,0.0
2015-12-08,45.504002,45.759998,44.84,45.344002,45.344002,13438000,0,12166.066537986004,hold,0.0
2015-12-09,45.34,45.5,44.144001,44.903999,44.903999,15289000,0,12166.066537986004,hold,0.0
2015-12-10,44.942001,45.698002,44.728001,45.414001,45.414001,10358500,0,12166.066537986004,hold,0.0
2015-12-11,45.048,45.150002,43.327999,43.403999,43.403999,16343500,0,12166.066537986004,hold,0.0
2015-12-14,43.501999,44.183998,42.973999,43.716,43.716,14135500,0,12166.066537986004,hold,0.0
2015-12-15,44.363998,44.444,43.599998,44.217999,44.217999,11222000,0,12166.066537986004,hold,0.0
2015-12-16,44.419998,46.976002,44.146,46.902,46.902,25521500,0,12166.066537986004,hold,0.0
2015-12-17,46.787998,47.551998,45.962002,46.678001,46.678001,16493000,0,12166.066537986004,hold,0.0
2015-12-18,46.577999,47.18,45.858002,46.091999,46.091999,15071000,0,12166.066537986004,hold,0.0
2015-12-21,46.338001,47.166,46.216,46.512001,46.512001,9766000,0,12166.066537986004,hold,0.0
2015-12-22,46.998001,47.310001,45.925999,45.990002,45.990002,9807500,0,12166.066537986004,hold,0.0
2015-12-23,46.436001,46.689999,45.625999,45.939999,45.939999,7775000,0,12166.066537986004,hold,0.0
2015-12-24,46.112,46.375999,45.655998,46.113998,46.113998,3540000,0,12166.066537986004,hold,0.0
2015-12-28,46.298,46.396,45.108002,45.790001,45.790001,9506500,0,12166.066537986004,hold,0.0
2015-12-29,46.012001,47.543999,45.91,47.438,47.438,12031500,1,12166.066537986004,buy,0.0
2015-12-30,47.32,48.726002,47.133999,47.618,47.618,18489500,0,12166.729347986004,hold,5.4480221518549143e-05
2015-12-31,47.702,48.689999,47.674,48.001999,48.001999,13575000,0,12168.649342986004,hold,0.0001578069952150596
2016-01-04,46.144001,46.276001,43.799999,44.681999,44.681999,34135500,0,12152.049342986003,hold,-0.001364161258337937
2016-01-05,45.271999,45.377998,44.0,44.686001,44.686001,15934000,0,12152.069352986004,hold,1.6466358419009453e-06
2016-01-06,44.0,44.009998,43.195999,43.807999,43.807999,18895500,-1,12147.679342986003,sell,-0.0003612561673639325
2016-01-07,42.838001,43.688,42.734001,43.130001,43.130001,17771500,0,12147.460302991003,hold,-1.8031427140519085e-05
2016-01-08,43.571999,44.088001,42.153999,42.200001,42.200001,18140500,0,12147.460302991003,hold,0.0
2016-01-11,42.801998,42.889999,40.599998,41.57,41.57,20457000,0,12147.460302991003,hold,0.0
2016-01-12,42.32,42.748001,41.062,41.993999,41.993999,15459500,0,12147.460302991003,hold,0.0
2016-01-13,42.402,42.529999,40.0,40.062,40.062,20632000,-1,12147.460302991003,hold,0.0
2016-01-14,40.442001,42.0,38.675999,41.236,41.236,32453500,0,12147.460302991003,hold,0.0
2016-01-15,39.793999,41.014,39.450001,40.998001,40.998001,27893000,0,12147.460302991003,hold,0.0
2016-01-19,41.742001,42.094002,40.155998,40.944,40.944,20193500,0,12147.460302991003,hold,0.0
2016-01-20,39.880001,40.256001,38.25,39.740002,39.740002,29193000,0,12147.460302991003,hold,0.0
2016-01-21,40.310001,40.646,39.004002,39.993999,39.993999,15831000,0,12147.460302991003,hold,0.0
2016-01-22,40.959999,41.099998,39.806,40.509998,40.509998,15620500,0,12147.460302991003,hold,0.0
2016-01-25,40.012001,40.714001,39.175999,39.276001,39.276001,13493500,0,12147.460302991003,hold,0.0
2016-01-26,39.34,39.563999,37.776001,38.712002,38.712002,24821000,0,12147.460302991003,hold,0.0
2016-01-27,38.476002,38.652,37.153999,37.613998,37.613998,18086000,0,12147.460302991003,hold,0.0
2016-01-28,38.158001,38.256001,36.481998,37.939999,37.939999,22964000,0,12147.460302991003,hold,0.0
2016-01-29,37.990002,38.748001,37.616001,38.240002,38.240002,14261500,0,12147.460302991003,hold,0.0
2016-02-01,37.751999,39.903999,36.549999,39.388,39.388,26488000,0,12147.460302991003,hold,0.0
2016-02-02,38.484001,38.624001,36.046001,36.556,36.556,28868000,0,12147.460302991003,hold,0.0
2016-02-03,36.717999,36.787998,34.035999,34.695999,34.695999,39657000,0,12147.460302991003,hold,0.0
2016-02-04,34.139999,35.195999,33.397999,35.066002,35.066002,21927000,1,12147.460302991003,buy,0.0
2016-02-05,34.259998,34.599998,31.548,32.52,32.52,47188000,0,12131.973894979004,hold,-0.0012748679662847318
2016-02-08,31.42,31.43,29.200001,29.598,29.598,46565000,0,12114.441894979003,hold,-0.0014451069670745609
2016-02-09,28.464001,31.958,28.209999,29.65,29.65,43258000,0,12114.753894979003,hold,2.5754384948450948e-05
2016-02-10,30.1,30.993999,28.348,28.733999,28.733999,52032500,0,12109.257888979004,hold,-0.00045366220788667366
2016-02-11,30.4,32.652,29.4,30.094,30.094,71262000,1,12117.417894979004,buy,0.0006738650770190535
2016-02-12,31.0,31.402,28.74,30.208,30.208,36179000,0,12118.689236979004,hold,0.00010491855699124031
2016-02-16,31.74,32.59,30.822001,31.034,31.034,27969000,0,12129.427236979005,hold,0.0008860694246730638
2016-02-17,31.799999,33.868,31.336,33.736,33.736,29126000,0,12164.553236979003,hold,0.002895932290430725
2016-02-18,34.484001,34.59,32.953999,33.354,33.354,19438000,0,12159.587236979005,hold,-0.00040823529670641623
2016-02-19,32.731998,33.498001,32.5,33.316002,33.316002,14797000,0,12159.093262979004,hold,-4.062424080475413e-05
2016-02-22,34.023998,35.782001,33.970001,35.548,35.548,25300500,0,12188.109236979004,hold,0.002386360016527256
2016-02-23,35.231998,36.346001,34.736,35.442001,35.442001,29922000,0,12186.731249979004,hold,-0.0001130599482829231
2016-02-24,34.549999,35.900002,33.568001,35.799999,35.799999,26978000,0,12191.385223979005,hold,0.00038188862169330484
2016-02-25,35.73,37.703999,35.040001,37.486,37.486,28753500,0,12213.303236979003,hold,0.0017978279413966014
2016-02-26,37.740002,38.400002,37.0,38.068001,38.068001,30325500,1,12220.869249979005,buy,0.0006194894905329207
2016-02-29,38.48,39.27,37.844002,38.386002,38.386002,22495000,0,12226.682860973004,hold,0.0004757117415365997
2016-03-01,38.849998,39.189999,36.540001,37.27,37.27,33561000,0,12205.478822973004,hold,-0.0017342429047277896
2016-03-02,36.745998,37.703999,36.299999,37.667999,37.667999,24312000,0,12213.040803973005,hold,0.0006195562754791606
2016-03-03,37.655998,39.484001,36.844002,39.147999,39.147999,24145000,0,12241.160803973005,hold,0.0023024568943430523
2016-03-04,39.599998,40.806,39.5,40.208,40.208,32445500,1,12261.300822973004,buy,0.0016452703565059679
2016-03-07,39.535999,41.939999,39.48,41.057999,41.057999,26647000,0,12281.499758973005,hold,0.0016473730064721082
2016-03-08,40.700001,41.5,40.439999,40.52,40.52,20893500,0,12268.587782973003,hold,-0.0010513354438302924
2016-03-09,40.903999,41.874001,40.557999,41.743999,41.743999,16043000,0,12297.963758973005,hold,0.0023944056577376305
2016-03-10,42.0,42.658001,40.133999,41.035999,41.035999,25962500,0,12280.971758973004,hold,-0.0013816921510768632
2016-03-11,41.585999,41.883999,41.066002,41.5,41.5,16715500,1,12292.107782973004,buy,0.0009067705893763822
2016-03-14,42.529999,43.344002,42.127998,43.029999,43.029999,20328500,0,12336.270253973003,hold,0.003592750062049843
2016-03-15,42.854,43.793999,42.299999,43.667999,43.667999,15902500,0,12354.772253973004,hold,0.00149980501554281
2016-03-16,43.599998,44.515999,43.403999,44.386002,44.386002,17583500,0,12375.594340973003,hold,0.0016853476998170969
2016-03-17,44.293999,45.700001,44.0,45.276001,45.276001,18914500,0,12401.404311973003,hold,0.0020855540581634635
2016-03-18,45.82,46.896,45.612,46.548,46.548,23559000,1,12438.292282973003,buy,0.0029744995060265733
2016-03-21,47.068001,47.976002,47.0,47.664001,47.664001,26539000,0,12474.934123973004,hold,0.00294589001177914
2016-03-22,47.442001,47.798,46.512001,46.848,46.848,21580000,0,12448.006090973004,hold,-0.002158571158163647
2016-03-23,46.473999,46.945999,44.405998,44.515999,44.515999,24744000,0,12371.050057973003,hold,-0.00618219756944105
2016-03-24,43.155998,45.778,43.0,45.549999,45.549999,24804500,0,12405.172057973003,hold,0.0027582137199426704
2016-03-28,46.321999,46.962002,45.0,46.051998,46.051998,19628500,1,12421.738024973003,buy,0.001335408079999434
2016-03-29,45.978001,46.476002,45.066002,46.026001,46.026001,20071500,0,12420.591927981002,hold,-9.22654293381564e-05
2016-03-30,47.018002,47.099998,45.299999,45.377998,45.377998,20165000,0,12396.615816981002,hold,-0.0019303517206765708
2016-03-31,45.868,47.484001,45.001999,45.953999,45.953999,40064500,0,12417.927853981004,hold,0.0017191818569393114
2016-04-01,48.966,49.580002,46.650002,47.518002,47.518002,79987500,0,12475.795964981004,hold,0.004660045675933588
2016-04-04,49.824001,50.424,48.728001,49.397999,49.397999,67376500,1,12545.355853981004,buy,0.0055755872567371245
2016-04-05,48.099998,51.312,48.0,51.094002,51.094002,49743500,0,12614.694384985003,hold,0.005527027834925535
2016-04-06,50.793999,53.548,50.689999,53.084,53.084,58527500,0,12696.284302985003,hold,0.006467847377825908
2016-04-07,53.290001,53.868,50.902,51.439999,51.439999,44281000,0,12628.880261985003,hold,-0.005308958069263792
2016-04-08,52.099998,52.164001,49.604,50.014,50.014,36819500,0,12570.414302985004,hold,-0.00462954417075212
2016-04-11,50.200001,51.798,49.060001,49.984001,49.984001,45808500,0,12569.184343985004,hold,-9.784554194913753e-05
2016-04-12,49.900002,50.360001,48.726002,49.563999,49.563999,28816000,0,12551.964261985004,hold,-0.0013700238240391682
2016-04-13,49.702,51.099998,49.466,50.905998,50.905998,24628000,0,12606.986220985003,hold,0.004383533752293944
2016-04-14,50.599998,51.368,50.209999,50.372002,50.372002,20661000,0,12585.092384985004,hold,-0.0017366431291528928
2016-04-15,50.262001,50.919998,49.824001,50.902,50.902,18762000,0,12606.822302985003,hold,0.0017266395299508908
2016-04-18,50.445999,51.661999,50.332001,50.776001,50.776001,21357000,0,12601.656343985003,hold,-0.0004097748723543848
2016-04-19,50.624001,50.874001,48.25,49.473999,49.473999,31787500,0,12548.274261985003,hold,-0.00423611631224019
2016-04-20,49.251999,50.731998,48.299999,49.993999,49.993999,25970500,0,12569.594261985003,hold,0.0016990384139585757
2016-04-21,49.798,50.18,49.382,49.658001,49.658001,13915500,0,12555.818343985004,hold,-0.0010959715733754871
2016-04-22,49.778,50.799999,49.141998,50.75,50.75,18931500,0,12600.590302985003,hold,0.003565833605855495
2016-04-25,50.602001,51.476002,50.152,50.363998,50.363998,18351500,0,12584.764220985004,hold,-0.0012559794120320378
2016-04-26,50.41,51.146,49.877998,50.748001,50.748001,16119000,0,12600.508343985002,hold,0.0012510463226433899
2016-04-27,50.549999,51.0,49.880001,50.293999,50.293999,16029000,0,12581.894261985002,hold,-0.0014772484960010601
2016-04-28,49.970001,50.686001,49.487999,49.542,49.542,12595000,0,12551.062302985003,hold,-0.00245050215476339
2016-04-29,49.627998,49.686001,47.562,48.152,48.152,27069000,0,12494.072302985003,hold,-0.004540651510147153
2016-05-02,48.299999,48.638,46.964001,48.360001,48.360001,19219500,0,12502.600343985003,hold,0.0006825669640124765
2016-05-03,47.472,47.782001,46.324001,46.464001,46.464001,21511000,0,12424.864343985004,hold,-0.006217586570892664
2016-05-04,46.057999,46.891998,44.080002,44.512001,44.512001,43502500,0,12344.832343985003,hold,-0.006441277569259385
2016-05-05,45.692001,45.728001,41.958,42.306,42.306,56274000,0,12254.386302985004,hold,-0.007326631782412885
2016-05-06,42.174,43.273998,41.622002,42.986,42.986,28426000,0,12282.266302985003,hold,0.0022751037310786426
2016-05-09,43.144001,43.23,41.360001,41.784,41.784,23882000,-1,12232.984302985004,sell,-0.004012451674982986
2016-05-10,41.509998,41.894001,41.0,41.737999,41.737999,20353000,0,12231.271158985004,hold,-0.00014004301465353475
2016-05-11,41.518002,43.096001,41.209999,41.792,41.792,25809500,0,12231.271158985004,hold,0.0
2016-05-12,42.287998,42.334,40.731998,41.456001,41.456001,18252500,0,12231.271158985004,hold,0.0
2016-05-13,41.556,42.240002,41.34,41.521999,41.521999,14114000,0,12231.271158985004,hold,0.0
2016-05-16,41.630001,42.630001,41.584,41.658001,41.658001,14747000,0,12231.271158985004,hold,0.0
2016-05-17,41.810001,41.964001,40.804001,40.931999,40.931999,14218000,0,12231.271158985004,hold,0.0
2016-05-18,41.830002,43.062,41.549999,42.234001,42.234001,28087500,0,12231.271158985004,hold,0.0
2016-05-19,42.723999,43.358002,41.459999,43.042,43.042,34331500,0,12231.271158985004,hold,0.0
2016-05-20,43.397999,44.110001,43.27,44.056,44.056,45035500,0,12231.271158985004,hold,0.0
2016-05-23,43.973999,44.52,43.172001,43.243999,43.243999,25512500,-1,12231.271158985004,hold,0.0
2016-05-24,43.32,43.748001,43.035999,43.582001,43.582001,15069000,0,12231.271158985004,hold,0.0
2016-05-25,43.582001,44.271999,43.301998,43.916,43.916,15634000,0,12231.271158985004,hold,0.0
2016-05-26,44.099998,45.051998,43.810001,45.023998,45.023998,20362000,0,12231.271158985004,hold,0.0
2016-05-27,44.998001,45.186001,44.150002,44.608002,44.608002,18251500,0,12231.271158985004,hold,0.0
2016-05-31,44.608002,44.950001,44.299999,44.646,44.646,13945000,0,12231.271158985004,hold,0.0
2016-06-01,44.296001,44.48,43.377998,43.911999,43.911999,14913500,0,12231.271158985004,hold,0.0
2016-06-02,43.917999,43.981998,43.422001,43.792,43.792,10164000,0,12231.271158985004,hold,0.0
2016-06-03,44.0,44.388,43.602001,43.798,43.798,11145000,0,12231.271158985004,hold,0.0
2016-06-06,43.599998,44.18,43.09,44.136002,44.136002,11247500,0,12231.271158985004,hold,0.0
2016-06-07,44.448002,46.888,44.304001,46.467999,46.467999,31068000,1,12231.271158985004,buy,0.0
2016-06-08,46.759998,48.169998,46.521999,47.104,47.104,29860000,0,12234.218823990004,hold,0.0002409941670562521
2016-06-09,46.995998,47.066002,45.411999,45.872002,45.872002,22460500,0,12228.058833990004,hold,-0.0005035049714756656
2016-06-10,45.478001,45.594002,43.683998,43.757999,43.757999,30133000,0,12217.488818990003,hold,-0.000864406619521696
2016-06-13,43.900002,45.153999,43.532001,43.574001,43.574001,20965000,0,12216.568828990004,hold,-7.530107157283084e-05
2016-06-14,43.776001,44.439999,42.506001,42.992001,42.992001,17901000,-1,12213.658828990005,sell,-0.00023820108908934046
2016-06-15,43.389999,44.380001,43.026001,43.540001,43.540001,14542500,0,12213.443868985003,hold,-1.759996803674113e-05
2016-06-16,43.484001,43.608002,42.700001,43.585999,43.585999,12201500,0,12213.443868985003,hold,0.0
2016-06-17,43.562,43.998001,42.900002,43.094002,43.094002,15563000,0,12213.443868985003,hold,0.0
2016-06-20,43.900002,44.75,43.646,43.939999,43.939999,17777500,0,12213.443868985003,hold,0.0
2016-06-21,44.136002,44.514,43.762001,43.922001,43.922001,22645000,0,12213.443868985003,hold,0.0
2016-06-22,39.894001,41.189999,39.150002,39.332001,39.332001,118712000,0,12213.443868985003,hold,0.0
2016-06-23,39.138,39.509998,38.425999,39.279999,39.279999,50653500,0,12213.443868985003,hold,0.0
2016-06-24,38.009998,39.023998,37.945999,38.630001,38.630001,35132500,0,12213.443868985003,hold,0.0
2016-06-27,38.172001,39.762001,37.574001,39.709999,39.709999,36027000,0,12213.443868985003,hold,0.0
2016-06-28,40.377998,40.810001,39.882,40.358002,40.358002,31062000,1,12213.443868985003,buy,0.0
2016-06-29,41.026001,42.355999,40.599998,42.037998,42.037998,29974500,0,12223.281696973003,hold,0.0008054917264557204
2016-06-30,42.594002,42.700001,41.804001,42.456001,42.456001,24215500,0,12225.789714973002,hold,0.00020518368652333585
2016-07-01,41.228001,43.647999,41.200001,43.299999,43.299999,27000000,0,12230.853702973003,hold,0.00041420539024983327
2016-07-05,41.945999,42.908001,41.599998,42.796001,42.796001,25876500,0,12227.829714973002,hold,-0.00024724259429786954
2016-07-06,42.0,43.046001,41.799999,42.888,42.888,24599500,0,12228.381708973002,hold,4.514243433750842e-05
2016-07-07,42.619999,43.624001,42.602001,43.188,43.188,18060000,0,12230.181708973003,hold,0.00014719854538736143
2016-07-08,43.560001,43.962002,42.900002,43.355999,43.355999,20374000,0,12231.189702973003,hold,8.241856286250737e-05
2016-07-11,43.992001,45.355999,43.902,44.956001,44.956001,27149000,0,12240.789714973002,hold,0.0007848796587355267
2016-07-12,44.82,45.5,44.644001,44.93,44.93,22856500,0,12240.633708973002,hold,-1.2744765953143222e-05
2016-07-13,45.099998,45.118,44.057999,44.506001,44.506001,17835500,0,12238.089714973003,hold,-0.0002078318868519169
2016-07-14,44.624001,44.987999,44.209999,44.306,44.306,13379000,0,12236.889708973002,hold,-9.805500923343313e-05
2016-07-15,44.504002,44.549999,43.928001,44.080002,44.080002,11171000,0,12235.533720973002,hold,-0.00011081149150216074
2016-07-18,43.928001,45.417999,43.66,45.25,45.25,17060500,0,12242.553708973002,hold,0.0005737377837442548
2016-07-19,45.0,45.82,44.950001,45.051998,45.051998,15575500,0,12241.365696973002,hold,-9.703955794204688e-05
2016-07-20,45.293999,45.959999,45.0,45.672001,45.672001,12842500,1,12245.085714973002,buy,0.00030388913231460535
2016-07-21,45.200001,45.57,43.82,44.099998,44.099998,22143500,0,12227.565321968003,hold,-0.0014308101562389153
2016-07-22,44.397999,44.900002,43.776001,44.453999,44.453999,12898500,0,12231.459332968003,hold,0.00031846168042992673
2016-07-25,44.453999,46.278,44.273998,46.001999,46.001999,22453500,0,12248.487332968003,hold,0.0013921478653085018
2016-07-26,45.537998,46.0,45.060001,45.902,45.902,17150000,0,12247.387343968003,hold,-8.980610993813976e-05
2016-07-27,45.868,46.672001,45.383999,45.698002,45.698002,14445000,0,12245.143365968002,hold,-0.00018322095455780563
2016-07-28,45.59,46.152,45.32,46.122002,46.122002,12095500,0,12249.807365968003,hold,0.0003808856997919996
2016-07-29,46.139999,47.056,46.048,46.958,46.958,15354000,0,12259.003343968003,hold,0.0007507038866216842
2016-08-01,47.099998,47.326,45.875999,46.001999,46.001999,20081500,0,12248.487332968003,hold,-0.0008578194087184299
2016-08-02,45.874001,45.973999,44.279999,45.439999,45.439999,19672000,0,12242.305332968002,hold,-0.0005047153850060715
2016-08-03,45.473999,45.939999,44.841999,45.158001,45.158001,19439000,0,12239.203354968002,hold,-0.0002533818521620601
2016-08-04,45.138,46.172001,44.41,46.122002,46.122002,20735000,0,12249.807365968003,hold,0.0008663971577609342
2016-08-05,46.0,46.400002,45.48,46.006001,46.006001,16026000,0,12248.531354968003,hold,-0.00010416580129612996
2016-08-08,45.599998,45.919998,45.217999,45.231998,45.231998,11318000,0,12240.017321968002,hold,-0.0006951064379280281
2016-08-09,45.363998,46.307999,45.330002,45.816002,45.816002,11039000,0,12246.441365968003,hold,0.0005248394533292622
2016-08-10,45.647999,45.973999,44.924,45.130001,45.130001,11691500,-1,12238.895354968003,sell,-0.0006161798986741296
2016-08-11,45.234001,45.514,44.681999,44.981998,44.981998,9404500,0,12238.398924957002,hold,-4.0561668075644874e-05
2016-08-12,45.082001,45.330002,44.807999,45.122002,45.122002,9067500,0,12238.398924957002,hold,0.0
2016-08-15,45.203999,45.900002,44.986,45.118,45.118,10171500,0,12238.398924957002,hold,0.0
2016-08-16,45.098,45.438,44.681999,44.722,44.722,11335500,0,12238.398924957002,hold,0.0
2016-08-17,44.866001,44.966,44.560001,44.647999,44.647999,8935500,0,12238.398924957002,hold,0.0
2016-08-18,44.764,45.132,44.458,44.702,44.702,8572500,0,12238.398924957002,hold,0.0
2016-08-19,44.708,45.034,44.506001,45.0,45.0,8297500,0,12238.398924957002,hold,0.0
2016-08-22,44.834,45.021999,44.535999,44.585999,44.585999,10327500,0,12238.398924957002,hold,0.0
2016-08-23,44.863998,45.698002,44.560001,44.967999,44.967999,23922000,0,12238.398924957002,hold,0.0
2016-08-24,45.41,45.43,44.444,44.523998,44.523998,12853500,0,12238.398924957002,hold,0.0
2016-08-25,44.622002,44.759998,44.153999,44.192001,44.192001,8812500,0,12238.398924957002,hold,0.0
2016-08-26,44.428001,44.571999,43.764,43.998001,43.998001,11195000,0,12238.398924957002,hold,0.0
2016-08-29,44.029999,44.080002,43.0,43.040001,43.040001,16331500,0,12238.398924957002,hold,0.0
2016-08-30,43.222,43.222,42.104,42.268002,42.268002,15844500,0,12238.398924957002,hold,0.0
2016-08-31,42.085999,42.52,41.73,42.402,42.402,16382500,0,12238.398924957002,hold,0.0
2016-09-01,41.801998,42.220001,40.099998,40.153999,40.153999,39715500,0,12238.398924957002,hold,0.0
2016-09-02,40.466,40.639999,39.240002,39.556,39.556,29887000,0,12238.398924957002,hold,0.0
2016-09-06,39.804001,40.650002,39.799999,40.566002,40.566002,21953000,0,12238.398924957002,hold,0.0
2016-09-07,41.099998,41.299999,40.141998,40.341999,40.341999,18204500,0,12238.398924957002,hold,0.0
2016-09-08,39.91,39.978001,39.271999,39.472,39.472,16889500,-1,12238.398924957002,hold,0.0
2016-09-09,39.818001,39.984001,38.740002,38.894001,38.894001,18785000,0,12238.398924957002,hold,0.0
2016-09-12,39.0,40.273998,38.82,39.66,39.66,18576000,0,12238.398924957002,hold,0.0
2016-09-13,39.411999,39.698002,38.689999,39.209999,39.209999,17947000,0,12238.398924957002,hold,0.0
2016-09-14,39.150002,39.584,38.972,39.282001,39.282001,11272500,0,12238.398924957002,hold,0.0
2016-09-15,39.298,40.504002,39.279999,40.084,40.084,15386000,1,12238.398924957002,buy,0.0
2016-09-16,40.084,41.139999,39.799999,41.080002,41.080002,15539000,0,12244.134432957002,hold,0.00046864855731287847
2016-09-19,41.400002,41.886002,41.0,41.268002,41.268002,11497500,0,12245.262432957003,hold,9.21257444679302e-05
2016-09-20,41.369999,41.549999,40.782001,40.928001,40.928001,12052500,0,12243.222426957002,hold,-0.00016659553122444493
2016-09-21,41.273998,41.400002,40.312,41.043999,41.043999,13167500,0,12243.918414957003,hold,5.684679863926512e-05
2016-09-22,41.279999,41.456001,40.599998,41.285999,41.285999,11914500,0,12245.370414957002,hold,0.00011858948669773994
2016-09-23,41.198002,42.035999,41.133999,41.490002,41.490002,14526000,0,12246.594432957001,hold,9.99576132465485e-05
2016-09-26,41.299999,42.200001,41.299999,41.798,41.798,11972000,0,12248.442420957002,hold,0.0001508981137667842
2016-09-27,41.93,41.995998,40.922001,41.161999,41.161999,16866000,0,12244.626414957002,hold,-0.00031155030728413635
2016-09-28,41.501999,41.650002,41.051998,41.254002,41.254002,10442000,0,12245.178432957002,hold,4.508246975398755e-05
2016-09-29,41.119999,41.466,40.116001,40.139999,40.139999,13635000,-1,12238.494414957002,sell,-0.0005458489671339439
2016-09-30,40.442001,40.995998,39.91,40.806,40.806,12931500,0,12238.253574963002,hold,-1.9678890706087415e-05
2016-10-03,42.459999,43.133999,41.650002,42.740002,42.740002,29999500,0,12238.253574963002,hold,0.0
2016-10-04,42.619999,42.664001,41.764,42.282001,42.282001,17707500,0,12238.253574963002,hold,0.0
2016-10-05,42.448002,42.630001,41.624001,41.692001,41.692001,9387500,0,12238.253574963002,hold,0.0
2016-10-06,40.492001,40.841999,40.042,40.200001,40.200001,23517000,-1,12238.253574963002,hold,0.0
2016-10-07,40.200001,40.264,39.16,39.321999,39.321999,17465000,0,12238.253574963002,hold,0.0
2016-10-10,40.27,40.827999,39.931999,40.189999,40.189999,16581500,0,12238.253574963002,hold,0.0
2016-10-11,40.369999,40.439999,39.661999,40.02,40.02,11642000,0,12238.253574963002,hold,0.0
2016-10-12,40.189999,40.776001,40.084,40.301998,40.301998,9853500,0,12238.253574963002,hold,0.0
2016-10-13,40.099998,40.18,39.41,40.048,40.048,12473000,0,12238.253574963002,hold,0.0
2016-10-14,40.132,40.285999,39.259998,39.301998,39.301998,21349500,0,12238.253574963002,hold,0.0
2016-10-17,39.41,39.678001,38.400002,38.792,38.792,22770500,0,12238.253574963002,hold,0.0
2016-10-18,39.198002,39.894001,38.652,39.82,39.82,28402500,0,12238.253574963002,hold,0.0
2016-10-19,39.948002,41.332001,39.612,40.712002,40.712002,34956000,0,12238.253574963002,hold,0.0
2016-10-20,40.424,40.599998,39.41,39.82,39.82,25364500,-1,12238.253574963002,hold,0.0
2016-10-21,39.720001,40.313999,39.481998,40.018002,40.018002,14717000,0,12238.253574963002,hold,0.0
2016-10-24,40.200001,40.790001,40.049999,40.551998,40.551998,13758000,0,12238.253574963002,hold,0.0
2016-10-25,40.580002,40.938,40.240002,40.467999,40.467999,12225000,0,12238.253574963002,hold,0.0
2016-10-26,40.200001,40.638,40.02,40.448002,40.448002,28164000,0,12238.253574963002,hold,0.0
2016-10-27,42.268002,42.740002,40.330002,40.801998,40.801998,65468500,0,12238.253574963002,hold,0.0
2016-10-28,40.799999,41.063999,39.966,39.993999,39.993999,21400500,0,12238.253574963002,hold,0.0
2016-10-31,40.498001,40.498001,39.161999,39.546001,39.546001,23461500,0,12238.253574963002,hold,0.0
2016-11-01,39.608002,39.700001,37.622002,38.158001,38.158001,35300000,0,12238.253574963002,hold,0.0
2016-11-02,38.009998,38.540001,37.501999,37.604,37.604,21267000,0,12238.253574963002,hold,0.0
2016-11-03,37.799999,38.293999,37.408001,37.484001,37.484001,13265000,0,12238.253574963002,hold,0.0
2016-11-04,37.799999,38.692001,37.192001,38.112,38.112,25730000,0,12238.253574963002,hold,0.0
2016-11-07,38.717999,38.858002,38.009998,38.641998,38.641998,19350500,0,12238.253574963002,hold,0.0
2016-11-08,38.757999,39.498001,38.251999,38.987999,38.987999,16338000,0,12238.253574963002,hold,0.0
2016-11-09,37.375999,38.400002,36.790001,38.012001,38.012001,40865500,0,12238.253574963002,hold,0.0
2016-11-10,38.209999,38.321999,36.084,37.07,37.07,33751500,-1,12238.253574963002,hold,0.0
2016-11-11,36.848,37.776001,36.599998,37.712002,37.712002,19942500,0,12238.253574963002,hold,0.0
2016-11-14,37.599998,37.650002,35.638,36.290001,36.290001,32761000,0,12238.253574963002,hold,0.0
2016-11-15,36.556,37.285999,36.41,36.754002,36.754002,19510000,0,12238.253574963002,hold,0.0
2016-11-16,36.529999,36.945999,36.242001,36.785999,36.785999,17172000,0,12238.253574963002,hold,0.0
2016-11-17,36.698002,37.897999,36.422001,37.731998,37.731998,24435500,1,12238.253574963002,buy,0.0
2016-11-18,38.130001,38.599998,37.0,37.004002,37.004002,26051500,0,12233.659206975002,hold,-0.0003754104259940938
2016-11-21,37.007999,37.778,36.882,36.903999,36.903999,21805000,0,12233.059188975003,hold,-4.904648640668974e-05
2016-11-22,37.167999,38.293999,36.742001,38.234001,38.234001,28017000,0,12241.039200975003,hold,0.0006523316757260922
2016-11-23,38.122002,39.127998,37.799999,38.627998,38.627998,24459500,0,12243.403182975002,hold,0.00019311938808352913
2016-11-25,38.728001,39.448002,38.728001,39.330002,39.330002,11830500,1,12247.615206975002,buy,0.0003440239561707248
2016-11-28,39.096001,39.869999,38.91,39.223999,39.223999,22646000,0,12246.107190963003,hold,-0.00012312731797292642
2016-11-29,39.112,39.346001,37.900002,37.914001,37.914001,22196500,0,12230.387214963002,hold,-0.001283671272418796
2016-11-30,38.200001,38.377998,37.5,37.880001,37.880001,17735500,0,12229.979214963003,hold,-3.3359532517485135e-05
2016-12-01,37.650002,37.706001,36.200001,36.375999,36.375999,25632000,0,12211.931190963003,hold,-0.001475719924194041
2016-12-02,36.576,36.976002,36.0,36.293999,36.293999,20211500,0,12210.947190963003,hold,-8.057693616292383e-05
2016-12-05,36.501999,37.778,36.501999,37.360001,37.360001,20361000,0,12223.739214963003,hold,0.0010475865467232115
2016-12-06,37.104,37.316002,36.535999,37.169998,37.169998,16958000,0,12221.459178963003,hold,-0.0001865252489360314
2016-12-07,37.23,38.68,37.0,38.630001,38.630001,27309500,0,12238.979214963003,hold,0.0014335469884116936
2016-12-08,38.41,38.5,37.908001,38.458,38.458,15970500,0,12236.915202963002,hold,-0.00016864249573012025
2016-12-09,38.174,38.768002,38.161999,38.436001,38.436001,13612500,0,12236.651214963003,hold,-2.157308403472058e-05
2016-12-12,38.560001,38.883999,38.236,38.486,38.486,12194500,0,12237.251202963003,hold,4.9032042301444534e-05
2016-12-13,38.636002,40.256001,38.599998,39.630001,39.630001,34119500,0,12250.979214963003,hold,0.0011218215408272947
2016-12-14,39.748001,40.599998,39.352001,39.737999,39.737999,20754500,0,12252.275190963002,hold,0.00010578550312256851
2016-12-15,39.681999,40.147999,39.478001,39.515999,39.515999,16098000,0,12249.611190963004,hold,-0.000217429004693237
2016-12-16,39.616001,40.518002,39.52,40.498001,40.498001,18984500,1,12261.395214963002,buy,0.0009619916760046365
2016-12-19,40.498001,40.889999,39.967999,40.546001,40.546001,17440500,0,12262.008724958003,hold,5.0035904091139116e-05
2016-12-20,40.610001,41.799999,40.5,41.757999,41.757999,23445500,0,12282.612690958003,hold,0.0016803091942076964
2016-12-21,41.689999,42.445999,41.481998,41.540001,41.540001,26038000,0,12278.906724958004,hold,-0.00030172456734123276
2016-12-22,41.644001,41.998001,41.299999,41.689999,41.689999,15555500,0,12281.456690958003,hold,0.00020767044307090643
2016-12-23,41.599998,42.689999,41.542,42.667999,42.667999,23352500,1,12298.082690958003,buy,0.001353748209057315
2016-12-27,42.976002,44.450001,42.883999,43.905998,43.905998,29578500,0,12325.105328963004,hold,0.0021973049526549104
2016-12-28,44.306,44.759998,43.439999,43.948002,43.948002,18912500,0,12326.029416963003,hold,7.497607325346323e-05
2016-12-29,43.712002,43.84,42.824001,42.936001,42.936001,20225000,0,12303.765394963004,hold,-0.0018062606575771634
2016-12-30,43.259998,43.5,42.335999,42.737999,42.737999,23213000,0,12299.409350963004,hold,-0.00035404153607998534
2017-01-03,42.972,44.066002,42.192001,43.397999,43.397999,29616500,1,12313.929350963002,buy,0.0011805444949160027
2017-01-04,42.950001,45.599998,42.862,45.397999,45.397999,56067500,0,12367.712360968002,hold,0.004367656210468196
2017-01-05,45.284,45.495998,44.389999,45.349998,45.349998,29558500,0,12366.416333968004,hold,-0.00010479116607597927
2017-01-06,45.386002,46.062,45.09,45.801998,45.801998,27639500,0,12378.620333968003,hold,0.0009868663378636011
2017-01-09,45.793999,46.383999,45.599998,46.256001,46.256001,19897500,0,12390.878414968003,hold,0.0009902622965471952
2017-01-10,46.400002,46.400002,45.377998,45.973999,45.973999,18300000,0,12383.264360968004,hold,-0.0006144886379324532
2017-01-11,45.813999,45.995998,45.335999,45.945999,45.945999,18254000,0,12382.508360968002,hold,-6.105013815127514e-05
2017-01-12,45.812,46.139999,45.116001,45.917999,45.917999,18951000,0,12381.752360968003,hold,-6.10538654980397e-05
2017-01-13,46.0,47.57,45.917999,47.549999,47.549999,30465000,0,12425.816360968003,hold,0.003558785438069867
2017-01-17,47.34,47.992001,46.874001,47.116001,47.116001,23087500,0,12414.098414968003,hold,-0.0009430322853321016
2017-01-18,47.330002,47.942001,47.116001,47.672001,47.672001,18845000,1,12429.110414968003,buy,0.0012092702585553283
2017-01-19,49.450001,49.736,48.150002,48.751999,48.751999,38661500,0,12462.399664964003,hold,0.00267832925161815
2017-01-20,49.091999,49.200001,48.602001,48.945999,48.945999,21021500,0,12468.413664964002,hold,0.00048257158827169633
2017-01-23,49.169998,50.178001,49.099998,49.784,49.784,31314500,0,12494.391695964003,hold,0.002083507308792587
2017-01-24,50.0,50.959999,49.93,50.922001,50.922001,24827500,0,12529.669726964003,hold,0.002823509287882775
2017-01-25,51.462002,51.692001,50.360001,50.894001,50.894001,25713000,0,12528.801726964002,hold,-6.927556902258658e-05
2017-01-26,50.858002,51.147999,50.150002,50.501999,50.501999,15760500,0,12516.649664964003,hold,-0.0009699301070306143
2017-01-27,50.276001,50.599998,49.703999,50.59,50.59,15831500,0,12519.377695964004,hold,0.00021795217354658725
2017-01-30,50.506001,51.057999,49.419998,50.125999,50.125999,19005500,0,12504.993664964002,hold,-0.0011489413730715325
2017-01-31,49.848,51.178001,49.540001,50.386002,50.386002,20580500,0,12513.053757964002,hold,0.0006445499466811722
2017-02-01,50.610001,50.639999,49.810001,49.848,49.848,19794000,-1,12496.375695964003,sell,-0.0013328530606994127
2017-02-02,49.667999,50.484001,49.542,50.310001,50.310001,12499000,0,12494.830407964002,hold,-0.00012365889419441167
2017-02-03,50.382,50.436001,49.936001,50.265999,50.265999,10933500,0,12494.830407964002,hold,0.0
2017-02-06,50.200001,51.563999,50.125999,51.554001,51.554001,17812500,0,12494.830407964002,hold,0.0
2017-02-07,51.638,52.0,51.284,51.495998,51.495998,21224000,0,12494.830407964002,hold,0.0
2017-02-08,51.470001,52.672001,51.240002,52.416,52.416,19665000,1,12494.830407964002,buy,0.0
2017-02-09,53.25,54.236,53.23,53.84,53.84,39101000,0,12500.316743964002,hold,0.00043908847266171946
2017-02-10,53.958,54.189999,53.222,53.846001,53.846001,18098500,0,12500.340747964001,hold,1.9202713412713734e-06
2017-02-13,54.147999,56.158001,54.102001,56.119999,56.119999,35148000,0,12509.436739964001,hold,0.0007276595241199058
2017-02-14,55.806,57.478001,55.722,56.195999,56.195999,36726000,0,12509.740739964001,hold,2.4301653729130734e-05
2017-02-15,56.0,56.448002,55.287998,55.952,55.952,24739500,0,12508.764743964002,hold,-7.801888306779858e-05
2017-02-16,55.52,56.0,53.700001,53.790001,53.790001,35386500,0,12500.116747964,hold,-0.0006913549160938448
2017-02-17,53.16,54.577999,52.830002,54.445999,54.445999,31285500,0,12502.740739964001,hold,0.0002099173994056791
2017-02-21,55.09,56.279999,54.801998,55.478001,55.478001,28383500,0,12506.868747964001,hold,0.0003301682475751466
2017-02-22,56.062,56.689999,54.52,54.702,54.702,43775000,0,12503.764743964002,hold,-0.00024818394296366453
2017-02-23,52.799999,52.931999,51.112,51.198002,51.198002,74576000,-1,12489.748751964002,sell,-0.0011209417553034173
2017-02-24,50.532001,51.650002,50.040001,51.400002,51.400002,40858000,0,12489.543959956001,hold,-1.6396807659413426e-05
2017-02-27,49.633999,49.672001,48.402,49.245998,49.245998,57304000,0,12489.543959956001,hold,0.0
2017-02-28,48.838001,50.200001,48.779999,49.998001,49.998001,30390500,0,12489.543959956001,hold,0.0
2017-03-01,50.835999,50.970001,49.821999,50.004002,50.004002,24047500,0,12489.543959956001,hold,0.0
2017-03-02,49.942001,50.655998,49.653999,50.096001,50.096001,16759000,0,12489.543959956001,hold,0.0
2017-03-03,50.147999,50.380001,49.799999,50.313999,50.313999,14597000,0,12489.543959956001,hold,0.0
2017-03-06,49.582001,50.34,49.501999,50.242001,50.242001,16777500,0,12489.543959956001,hold,0.0
2017-03-07,50.383999,50.778,49.664001,49.717999,49.717999,17297500,0,12489.543959956001,hold,0.0
2017-03-08,49.400002,50.014,49.063999,49.374001,49.374001,18626000,0,12489.543959956001,hold,0.0
2017-03-09,49.526001,49.731998,48.599998,48.98,48.98,19396500,0,12489.543959956001,hold,0.0
2017-03-10,49.242001,49.299999,48.599998,48.737999,48.737999,15331500,0,12489.543959956001,hold,0.0
2017-03-13,48.964001,49.369999,48.556,49.234001,49.234001,15113000,0,12489.543959956001,hold,0.0
2017-03-14,49.222,51.624001,49.203999,51.599998,51.599998,37992000,0,12489.543959956001,hold,0.0
2017-03-15,51.400002,52.200001,50.854,51.146,51.146,26654000,0,12489.543959956001,hold,0.0
2017-03-16,52.48,53.150002,51.812,52.41,52.41,35661000,1,12489.543959956001,buy,0.0
2017-03-17,52.799999,53.066002,52.240002,52.299999,52.299999,32487500,0,12488.894315956,hold,-5.201502969875982e-05
2017-03-20,52.119999,52.91,51.764,52.383999,52.383999,18071500,0,12489.230315956002,hold,2.6903902899722e-05
2017-03-21,52.566002,52.959999,50.048,50.136002,50.136002,34543000,0,12480.238327956002,hold,-0.0007199793560145329
2017-03-22,50.312,51.014,50.102001,51.001999,51.001999,20296500,0,12483.702315956001,hold,0.0002775578405613821
2017-03-23,51.077999,51.534,50.66,50.956001,50.956001,16601000,0,12483.518323956001,hold,-1.4738576372907986e-05
2017-03-24,51.139999,52.778,51.001999,52.632,52.632,28236500,0,12490.222319956001,hold,0.000537027769417886
2017-03-27,52.119999,54.113998,51.950001,54.043999,54.043999,31154000,0,12495.870315956001,hold,0.00045219339218460775
2017-03-28,55.403999,56.136002,55.0,55.490002,55.490002,39938000,0,12501.654327956001,hold,0.0004628738818306388
2017-03-29,55.667999,55.919998,55.108002,55.476002,55.476002,18381000,0,12501.598327956,hold,-4.479407167412575e-06
2017-03-30,55.608002,56.400002,55.442001,55.584,55.584,20742000,0,12502.030319956,hold,3.455494158965955e-05
2017-03-31,55.745998,55.936001,55.264,55.66,55.66,16473000,0,12502.334319956,hold,2.4316050450945426e-05
2017-04-03,57.380001,59.799999,56.916,59.703999,59.703999,69443000,0,12518.510315956,hold,0.0012938380614395673
2017-04-04,59.377998,60.962002,58.905998,60.740002,60.740002,50673000,0,12522.654327956001,hold,0.0003310307612813812
2017-04-05,60.408001,60.976002,58.84,59.0,59.0,39404500,0,12515.694319956001,hold,-0.0005557933500138779
2017-04-06,59.375999,60.388,58.82,59.740002,59.740002,27603000,1,12518.654327956001,buy,0.00023650369882233235
2017-04-07,59.5,60.537998,59.43,60.507999,60.507999,22898000,0,12524.559343948,hold,0.00047169734360452686
2017-04-10,61.830002,62.745998,61.742001,62.478001,62.478001,38322500,0,12540.319359948,hold,0.001258328981259993
2017-04-11,62.675999,62.694,61.099998,61.742001,61.742001,28623000,0,12534.431359948001,hold,-0.0004695255225161121
2017-04-12,61.268002,61.689999,59.264,59.368,59.368,30253500,0,12515.439351948,hold,-0.0015151870439601423
2017-04-13,59.34,61.478001,59.060001,60.799999,60.799999,46423000,1,12526.895343948001,buy,0.0009153487686566208
2017-04-17,60.540001,60.799999,59.736,60.287998,60.287998,20693500,0,12521.080932951,hold,-0.0004641541928273041
2017-04-18,59.939999,60.167999,59.580002,60.049999,60.049999,15178500,0,12518.462943950999,hold,-0.00020908650091944203
2017-04-19,60.492001,61.324001,60.422001,61.104,61.104,19490000,0,12530.056954951,hold,0.0009261529192450269
2017-04-20,61.301998,61.830002,60.046001,60.501999,60.501999,30747000,0,12523.434943951,hold,-0.0005284900957599481
2017-04-21,60.400002,61.279999,60.084,61.119999,61.119999,22549000,1,12530.232943951,buy,0.0005428223191499271
2017-04-24,61.844002,62.110001,61.203999,61.605999,61.605999,25417500,0,12536.853583954,hold,0.0005283732579126621
2017-04-25,61.599998,62.796001,61.172001,62.757999,62.757999,33688500,0,12552.981583954,hold,0.0012864471848537118
2017-04-26,62.473999,62.900002,61.799999,62.034,62.034,23475000,0,12542.845597954001,hold,-0.0008074564542464024
2017-04-27,62.338001,62.618,61.5,61.726002,61.726002,17343000,0,12538.533625954,hold,-0.00034377940526553186
2017-04-28,61.966,62.959999,61.599998,62.813999,62.813999,22527500,1,12553.765583954,buy,0.0012148117518679946
2017-05-01,62.976002,65.449997,62.962002,64.566002,64.566002,44148000,0,12583.361192957002,hold,0.0023575084945690605
2017-05-02,64.800003,65.531998,63.312,63.778,63.778,26914000,0,12569.965158957002,hold,-0.0010645831264461947
2017-05-03,63.534,64.306,62.09,62.203999,62.203999,35667000,0,12543.207141957002,hold,-0.002128726425381755
2017-05-04,61.487999,61.554001,58.152,59.091999,59.091999,70760000,0,12490.303141957002,hold,-0.0042177410770039
2017-05-05,59.599998,61.709999,59.360001,61.669998,61.669998,40886500,1,12534.129124957002,buy,0.003508800587295857
2017-05-08,62.18,62.757999,61.164001,61.438,61.438,35032500,0,12529.304154963002,hold,-0.0003849465683574138
2017-05-09,61.875999,64.398003,61.82,64.251999,64.251999,48382500,0,12585.584134963,hold,0.004491867968398511
2017-05-10,64.311996,65.099998,63.624001,65.043999,65.043999,28708000,0,12601.424134963001,hold,0.0012585828222304585
2017-05-11,64.68,65.199997,63.919998,64.620003,64.620003,23769000,0,12592.944214963001,hold,-0.0006729334644385299
2017-05-12,65.096001,65.400002,64.306,64.961998,64.961998,20608000,0,12599.784114963,hold,0.0005431533629658425
2017-05-15,63.675999,64.040001,62.506001,63.175999,63.175999,38110000,0,12564.064134963002,hold,-0.002834967621197393
2017-05-16,63.518002,64.012001,63.028,63.402,63.402,20762500,0,12568.584154963002,hold,0.000359757794249127
2017-05-17,62.877998,62.925999,61.099998,61.222,61.222,33559500,0,12524.984154963002,hold,-0.0034689667079791375
2017-05-18,61.400002,62.787998,61.062,62.612,62.612,28269000,0,12552.784154963001,hold,0.0022195636861530588
2017-05-19,63.099998,63.299999,62.040001,62.166,62.166,23438000,0,12543.864154963001,hold,-0.0007105993291912638
2017-05-22,62.560001,62.874001,61.360001,62.07,62.07,21646000,0,12541.944154963001,hold,-0.00015306288208172258
2017-05-23,62.091999,62.146,60.695999,60.771999,60.771999,21592000,0,12515.984134963,hold,-0.0020698561306963237
2017-05-24,61.301998,62.200001,61.080002,62.043999,62.043999,25166500,0,12541.424134963001,hold,0.0020326008506941218
2017-05-25,62.203999,63.394001,61.562,63.366001,63.366001,25070000,0,12567.864174963,hold,0.0021082167156989406
2017-05-26,63.456001,65.098,63.262001,65.028,65.028,39011000,1,12601.104154963,buy,0.0026448392135092202
2017-05-30,65.199997,67.255997,65.152,67.019997,67.019997,38914500,0,12646.725001963001,hold,0.0036203848836557917
2017-05-31,67.538002,68.578003,67.031998,68.202003,68.202003,49817000,0,12673.911139963002,hold,0.002149658349950734
2017-06-01,68.800003,68.975998,67.458,68.073997,68.073997,38040000,0,12670.967001963001,hold,-0.00023229908806265964
2017-06-02,67.954002,68.575996,67.185997,67.970001,67.970001,27951000,0,12668.575093963002,hold,-0.00018877075440482116
2017-06-05,67.699997,69.688004,66.842003,69.463997,69.463997,33922000,1,12702.937001963002,buy,0.0027123735499168244
2017-06-06,68.940002,71.898003,67.994003,70.57,70.57,55434000,0,12731.484687972,hold,0.0022473295746161526
2017-06-07,71.267998,72.099998,71.028,71.93,71.93,46990000,0,12766.844687972001,hold,0.002777366573232909
2017-06-08,72.75,74.379997,72.043999,74.0,74.0,45307500,0,12820.664687972001,hold,0.004215607012961087
2017-06-09,74.884003,75.374001,70.959999,71.463997,71.463997,86307000,0,12754.728609972,hold,-0.005142953162316166
2017-06-12,71.598,72.900002,70.124001,71.802002,71.802002,52588500,0,12763.516739972001,hold,0.0006890095641181038
2017-06-13,73.524002,75.199997,73.321999,75.190002,75.190002,59039500,0,12851.604739972001,hold,0.006901546164320926
2017-06-14,76.218002,76.849998,75.262001,76.132004,76.132004,64092000,0,12876.096791972,hold,0.0019057582687571628
2017-06-15,74.5,75.092003,73.297997,75.068001,75.068001,52132500,0,12848.432713972,hold,-0.002148483228026632
2017-06-16,75.596001,75.601997,74.019997,74.279999,74.279999,33655000,0,12827.944661972,hold,-0.001594595423122791
2017-06-19,75.0,75.339996,73.559998,73.959999,73.959999,32746500,0,12819.624661972,hold,-0.0006485840264547349
2017-06-20,75.334,75.776001,73.945999,74.447998,74.447998,37193500,0,12832.312635972,hold,0.000989730536935074
2017-06-21,74.870003,75.398003,73.603996,75.279999,75.279999,24616000,0,12853.944661972,hold,0.001685746491194351
2017-06-22,75.598,77.0,74.713997,76.522003,76.522003,37649000,0,12886.236765972,hold,0.00251223300311354
2017-06-23,76.489998,77.398003,75.870003,76.690002,76.690002,32229000,0,12890.604739972001,hold,0.0003389642825386563
2017-06-26,77.337997,77.389999,74.620003,75.498001,75.498001,33020500,-1,12859.612713972001,sell,-0.00240423367446041
2017-06-27,75.279999,75.279999,72.403999,72.473999,72.473999,34982000,0,12857.649765946,hold,-0.00015264441236773063
2017-06-28,73.335999,74.348,72.503998,74.248001,74.248001,31512500,0,12857.649765946,hold,0.0
2017-06-29,74.122002,74.199997,70.82,72.150002,72.150002,41105000,0,12857.649765946,hold,0.0
2017-06-30,72.741997,73.353996,71.924004,72.321999,72.321999,29242500,0,12857.649765946,hold,0.0
2017-07-03,74.047997,74.269997,70.300003,70.524002,70.524002,31527000,-1,12857.649765946,hold,0.0
2017-07-05,69.440002,69.447998,65.265999,65.417999,65.417999,85233500,0,12857.649765946,hold,0.0
2017-07-06,63.452,64.157997,61.259998,61.765999,61.765999,96622500,0,12857.649765946,hold,0.0
2017-07-07,62.700001,63.400002,61.476002,62.644001,62.644001,70884500,0,12857.649765946,hold,0.0
2017-07-10,62.580002,63.588001,60.625999,63.209999,63.209999,69104500,0,12857.649765946,hold,0.0
2017-07-11,63.200001,65.456001,62.860001,65.444,65.444,57797000,1,12857.649765946,buy,0.0
2017-07-12,66.080002,66.620003,64.900002,65.903999,65.903999,51730500,0,12858.833430946,hold,9.205920378518861e-05
2017-07-13,66.022003,66.32,63.993999,64.681999,64.681999,42972500,0,12855.167430946,hold,-0.0002850958463447295
2017-07-14,64.638,65.683998,64.244003,65.556,65.556,28126000,0,12857.789433946,hold,0.0002039649047034242
2017-07-17,65.108002,65.419998,62.689999,63.914001,63.914001,49384500,0,12852.863436946,hold,-0.0003831138334708939
2017-07-18,63.5,65.825996,63.132,65.648003,65.648003,31868500,1,12858.065442946001,buy,0.0004047351802594079
2017-07-19,65.646004,66.330002,64.643997,65.052002,65.052002,31785000,0,12854.292492937,hold,-0.00029343061176212437
2017-07-20,65.379997,66.043999,64.839996,65.984001,65.984001,25831000,0,12859.884486937,hold,0.00043502931048688964
2017-07-21,65.891998,66.251999,65.160004,65.68,65.68,24508000,0,12858.060480937,hold,-0.00014183688833702135
2017-07-24,66.047997,68.68,66.001999,68.503998,68.503998,43185500,0,12875.004468937,hold,0.0013177716829937403
2017-07-25,69.0,69.120003,66.830002,67.919998,67.919998,34946000,0,12871.500468937,hold,-0.0002721552453402998
2017-07-26,68.071999,69.099998,67.624001,68.769997,68.769997,24104000,0,12876.600462937,hold,0.0003962237357104659
2017-07-27,69.199997,69.5,65.258003,66.891998,66.891998,41512000,0,12865.332468937,hold,-0.0008750752213235735
2017-07-28,67.377998,67.919998,66.501999,67.014,67.014,24402000,0,12866.064480937,hold,5.689802434316604e-05
2017-07-31,67.099998,68.297997,64.208,64.694,64.694,42675500,0,12852.144480937,hold,-0.0010819159208027562
2017-08-01,64.599998,64.889999,63.226002,63.914001,63.914001,41515500,-1,12847.464486937,sell,-0.0003641410977710535
2017-08-02,63.787998,65.424004,62.243999,65.178001,65.178001,65457500,0,12847.081002931,hold,-2.9849002999071672e-05
2017-08-03,69.066002,70.0,68.629997,69.417999,69.417999,67675000,0,12847.081002931,hold,0.0
2017-08-04,69.400002,71.454002,68.660004,71.382004,71.382004,46344500,0,12847.081002931,hold,0.0
2017-08-07,71.470001,71.896004,70.550003,71.033997,71.033997,31622500,0,12847.081002931,hold,0.0
2017-08-08,71.505997,73.716003,71.480003,73.043999,73.043999,37249000,1,12847.081002931,buy,0.0
2017-08-09,72.199997,74.0,71.790001,72.706001,72.706001,34460500,0,12845.847876934,hold,-9.598491647389018e-05
2017-08-10,72.32,73.330002,70.931999,71.080002,71.080002,35464500,0,12840.969879934,hold,-0.0003797333618404952
2017-08-11,71.393997,72.251999,70.723999,71.573997,71.573997,21829000,0,12842.451864934,hold,0.00011541067488329837
2017-08-14,72.926003,73.531998,72.519997,72.760002,72.760002,22596000,0,12846.009879934001,hold,0.00027705106761710674
2017-08-15,73.040001,73.098,71.874001,72.466003,72.466003,15425500,0,12845.127882934,hold,-6.865921856236135e-05
2017-08-16,72.599998,73.300003,72.503998,72.582001,72.582001,17069000,0,12845.475876934,hold,2.7091516968225093e-05
2017-08-17,72.241997,72.660004,70.318001,70.384003,70.384003,25138500,0,12838.881882934,hold,-0.0005133320137902242
2017-08-18,70.582001,70.800003,69.160004,69.491997,69.491997,27041000,0,12836.205864934,hold,-0.00020843076713383812
2017-08-21,69.164001,69.164001,66.370003,67.571999,67.571999,32477000,0,12830.445870934,hold,-0.00044873026037506314
2017-08-22,68.225998,68.447998,67.473999,68.269997,68.269997,21610000,1,12832.539864934,buy,0.00016320508430212044
2017-08-23,67.797997,70.697998,67.660004,70.554001,70.554001,24772500,0,12846.039078943,hold,0.0010519518467180244
2017-08-24,70.503998,71.332001,69.947998,70.585999,70.585999,22923500,0,12846.231066942999,hold,1.4945307173608313e-05
2017-08-25,70.848,71.138,69.459999,69.610001,69.610001,17420000,0,12840.375078943,hold,-0.0004558526130725715
2017-08-28,69.456001,69.470001,67.944,69.132004,69.132004,18820000,0,12837.507096943,hold,-0.00022335655947491873
2017-08-29,67.896004,69.809998,67.75,69.472,69.472,20368500,0,12839.547072943,hold,0.00015890748761382412
2017-08-30,69.933998,70.694,69.400002,70.636002,70.636002,17064500,0,12846.531084942999,hold,0.0005439453557296581
2017-08-31,70.709999,71.688004,70.564003,71.18,71.18,20364000,0,12849.795072943,hold,0.0002540754370512488
2017-09-01,71.223999,71.517998,70.737999,71.080002,71.080002,15247500,0,12849.195084943,hold,-4.669241778521016e-05
2017-09-05,70.760002,71.098,69.178001,69.917999,69.917999,19175500,0,12842.223066943,hold,-0.0005426034824679293
2017-09-06,69.900002,70.195999,68.311996,68.905998,68.905998,20457000,-1,12836.151060942999,sell,-0.0004728158020887996
2017-09-07,69.195999,70.496002,68.690002,70.122002,70.122002,21196000,0,12835.737624955,hold,-3.220871942344328e-05
2017-09-08,69.797997,69.956001,68.459999,68.68,68.68,16317500,0,12835.737624955,hold,0.0
2017-09-11,70.269997,72.741997,70.0,72.737999,72.737999,38335500,0,12835.737624955,hold,0.0
2017-09-12,72.898003,73.751999,72.080002,72.550003,72.550003,29864500,0,12835.737624955,hold,0.0
2017-09-13,72.764,73.613998,71.917999,73.246002,73.246002,20926000,0,12835.737624955,hold,0.0
2017-09-14,72.865997,75.592003,72.526001,75.528,75.528,36012500,0,12835.737624955,hold,0.0
2017-09-15,74.902,76.0,74.540001,75.961998,75.961998,27102500,0,12835.737624955,hold,0.0
2017-09-18,76.050003,77.921997,75.536003,77.0,77.0,35940000,0,12835.737624955,hold,0.0
2017-09-19,76.0,76.477997,74.713997,75.019997,75.019997,32259500,0,12835.737624955,hold,0.0
2017-09-20,74.599998,75.650002,74.213997,74.781998,74.781998,24595500,0,12835.737624955,hold,0.0
2017-09-21,74.980003,75.365997,72.902,73.295998,73.295998,23091000,0,12835.737624955,hold,0.0
2017-09-22,73.297997,73.980003,70.176003,70.218002,70.218002,40797000,0,12835.737624955,hold,0.0
2017-09-25,70.629997,71.494003,68.575996,68.998001,68.998001,38029500,0,12835.737624955,hold,0.0
2017-09-26,70.185997,70.248001,68.18,69.050003,69.050003,35781500,0,12835.737624955,hold,0.0
2017-09-27,69.980003,70.297997,68.099998,68.194,68.194,30301500,-1,12835.737624955,hold,0.0
2017-09-28,67.975998,68.550003,67.080002,67.919998,67.919998,26598000,0,12835.737624955,hold,0.0
2017-09-29,68.372002,68.935997,67.720001,68.220001,68.220001,25535500,0,12835.737624955,hold,0.0
2017-10-02,68.503998,68.739998,67.101997,68.306,68.306,26434000,0,12835.737624955,hold,0.0
2017-10-03,67.18,69.709999,66.255997,69.627998,69.627998,50768000,0,12835.737624955,hold,0.0
2017-10-04,70.25,71.723999,69.919998,71.001999,71.001999,40817500,1,12835.737624955,buy,0.0
2017-10-05,71.199997,71.487999,70.269997,71.066002,71.066002,20858500,0,12835.716627958,hold,-1.6358231691437908e-06
2017-10-06,70.620003,72.019997,70.449997,71.375999,71.375999,21487500,0,12836.646618957999,hold,7.245337576033961e-05
2017-10-09,69.93,70.349998,68.533997,68.587997,68.587997,37468500,0,12828.282612957999,hold,-0.0006515725055208366
2017-10-10,69.360001,71.125999,69.106003,71.117996,71.117996,34892500,0,12835.872609958,hold,0.0005916611933958205
2017-10-11,70.778,71.519997,70.230003,70.919998,70.919998,22504000,0,12835.278615958,hold,-4.627609030183333e-05
2017-10-12,70.589996,71.956001,70.528,71.136002,71.136002,20435000,0,12835.926627957999,hold,5.048678874763901e-05
2017-10-13,71.396004,71.697998,70.736,71.113998,71.113998,17702500,0,12835.860615958,hold,-5.142752986464494e-06
2017-10-16,70.751999,70.896004,69.431999,70.120003,70.120003,26877500,0,12832.878630958,hold,-0.00023231671714263324
2017-10-17,70.181999,71.244003,70.014,71.150002,71.150002,16466500,0,12835.968627957998,hold,0.00024078751844069934
2017-10-18,71.194,72.599998,70.825996,71.93,71.93,24695500,1,12838.308621958,buy,0.00018229975998118597
2017-10-19,71.112,71.43,69.639999,70.362,70.362,25309000,0,12828.684831958,hold,-0.0007496150998846929
2017-10-20,70.538002,70.910004,68.867996,69.019997,69.019997,24652000,0,12820.632813958,hold,-0.0006276573246184469
2017-10-23,69.975998,69.989998,67.25,67.403999,67.403999,28736500,0,12810.936825958,hold,-0.0007562799856060121
2017-10-24,67.760002,68.559998,67.232002,67.468002,67.468002,22458500,0,12811.320843958,hold,2.9975793746750412e-05
2017-10-25,67.339996,67.5,64.711998,65.167999,65.167999,42970500,-1,12797.520825958,sell,-0.001077173709727819
2017-10-26,65.556,66.045998,64.639999,65.234001,65.234001,25117500,0,12797.129817964,hold,-3.055341728430694e-05
2017-10-27,63.950001,64.917999,63.332001,64.174004,64.174004,34898500,0,12797.129817964,hold,0.0
2017-10-30,63.835999,64.755997,63.450001,64.015999,64.015999,21272000,0,12797.129817964,hold,0.0
2017-10-31,64.045998,66.389999,64.036003,66.306,66.306,28361500,0,12797.129817964,hold,0.0
2017-11-01,66.449997,66.522003,64.052002,64.216003,64.216003,42286500,-1,12797.129817964,hold,0.0
2017-11-02,60.026001,61.737999,58.526001,59.852001,59.852001,98957000,0,12797.129817964,hold,0.0
2017-11-03,59.900002,61.25,59.026001,61.217999,61.217999,44470000,0,12797.129817964,hold,0.0
2017-11-06,61.400002,61.5,59.801998,60.556,60.556,32430000,0,12797.129817964,hold,0.0
2017-11-07,60.203999,61.299999,60.006001,61.209999,61.209999,26471500,0,12797.129817964,hold,0.0
2017-11-08,61.099998,61.377998,60.259998,60.877998,60.877998,23626500,0,12797.129817964,hold,0.0
2017-11-09,60.5,60.891998,59.259998,60.598,60.598,27235500,0,12797.129817964,hold,0.0
2017-11-10,60.5,61.672001,60.369999,60.598,60.598,23127000,0,12797.129817964,hold,0.0
2017-11-13,60.026001,63.360001,59.821999,63.080002,63.080002,37924500,0,12797.129817964,hold,0.0
2017-11-14,63.0,63.27,61.380001,61.740002,61.740002,28380500,0,12797.129817964,hold,0.0
2017-11-15,61.202,62.498001,60.299999,62.259998,62.259998,29893500,0,12797.129817964,hold,0.0
2017-11-16,62.798,63.627998,62.259998,62.5,62.5,29110500,0,12797.129817964,hold,0.0
2017-11-17,65.134003,65.334,62.630001,63.009998,63.009998,68675500,0,12797.129817964,hold,0.0
2017-11-20,62.757999,63.099998,60.950001,61.748001,61.748001,41238500,0,12797.129817964,hold,0.0
2017-11-21,62.172001,63.646,61.742001,63.562,63.562,36306500,0,12797.129817964,hold,0.0
2017-11-22,63.354,63.484001,62.368,62.52,62.52,24588000,-1,12797.129817964,hold,0.0
2017-11-24,62.757999,63.282001,62.200001,63.110001,63.110001,16220500,0,12797.129817964,hold,0.0
2017-11-27,62.650002,63.467999,61.902,63.362,63.362,22779500,0,12797.129817964,hold,0.0
2017-11-28,63.271999,64.0,62.784,63.509998,63.509998,24747500,0,12797.129817964,hold,0.0
2017-11-29,63.459999,63.599998,60.245998,61.507999,61.507999,43837000,0,12797.129817964,hold,0.0
2017-11-30,61.712002,62.139999,60.908001,61.77,61.77,21758000,0,12797.129817964,hold,0.0
2017-12-01,61.088001,62.063999,61.009998,61.306,61.306,21464500,0,12797.129817964,hold,0.0
2017-12-04,61.299999,61.653999,60.122002,61.040001,61.040001,29175500,0,12797.129817964,hold,0.0
2017-12-05,60.400002,61.599998,60.200001,60.740002,60.740002,23232500,0,12797.129817964,hold,0.0
2017-12-06,60.02,62.678001,60.0,62.652,62.652,35976500,0,12797.129817964,hold,0.0
2017-12-07,62.400002,63.726002,62.209999,62.248001,62.248001,23903000,0,12797.129817964,hold,0.0
2017-12-08,62.919998,63.396,62.251999,63.026001,63.026001,17342500,0,12797.129817964,hold,0.0
2017-12-11,62.925999,65.802002,62.75,65.781998,65.781998,39690000,0,12797.129817964,hold,0.0
2017-12-12,66.089996,68.288002,66.005997,68.206001,68.206001,43666000,0,12797.129817964,hold,0.0
2017-12-13,68.185997,68.844002,67.300003,67.806,67.806,31107500,0,12797.129817964,hold,0.0
2017-12-14,68.202003,69.487999,67.379997,67.578003,67.578003,28999500,0,12797.129817964,hold,0.0
2017-12-15,68.407997,68.779999,67.152,68.690002,68.690002,34666000,0,12797.129817964,hold,0.0
2017-12-18,68.980003,69.346001,67.515999,67.774002,67.774002,27381000,0,12797.129817964,hold,0.0
2017-12-19,68.052002,68.297997,66.059998,66.220001,66.220001,34125000,0,12797.129817964,hold,0.0
2017-12-20,66.538002,66.620003,65.008003,65.795998,65.795998,29769000,0,12797.129817964,hold,0.0
2017-12-21,65.917999,66.748001,65.442001,66.332001,66.332001,21926000,0,12797.129817964,hold,0.0
2017-12-22,65.902,66.183998,64.963997,65.040001,65.040001,21079000,0,12797.129817964,hold,0.0
2017-12-26,64.765999,64.788002,63.316002,63.458,63.458,21892000,0,12797.129817964,hold,0.0
2017-12-27,63.200001,63.535999,62.150002,62.327999,62.327999,23560500,0,12797.129817964,hold,0.0
2017-12-28,62.349998,63.164001,61.908001,63.071999,63.071999,21581500,0,12797.129817964,hold,0.0
2017-12-29,63.236,63.282001,62.0,62.27,62.27,18886000,-1,12797.129817964,hold,0.0
2018-01-02,62.400002,64.421997,62.200001,64.106003,64.106003,21761000,0,12797.129817964,hold,0.0
2018-01-03,64.199997,65.050003,63.110001,63.450001,63.450001,22607500,0,12797.129817964,hold,0.0
2018-01-04,62.574001,63.709999,61.136002,62.924,62.924,49731500,0,12797.129817964,hold,0.0
2018-01-05,63.324001,63.448002,62.400002,63.316002,63.316002,22956000,0,12797.129817964,hold,0.0
2018-01-08,63.200001,67.403999,63.099998,67.281998,67.281998,49297000,1,12797.129817964,buy,0.0
2018-01-09,67.031998,67.760002,65.480003,66.737999,66.737999,35733000,0,12795.29597497,hold,-0.00014330111674143442
2018-01-10,66.440002,67.400002,66.0,66.959999,66.959999,21549500,0,12795.96197497,hold,5.205037861588657e-05
2018-01-11,67.047997,68.961998,66.652,67.589996,67.589996,33227500,0,12797.85196597,hold,0.000147702142574202
2018-01-12,67.725998,68.082001,66.734001,67.244003,67.244003,24125500,0,12796.813986969999,hold,-8.110572014430328e-05
2018-01-16,67.508003,69.0,66.959999,68.012001,68.012001,32371500,1,12799.117980969999,buy,0.00018004434559615312
2018-01-17,68.094002,69.800003,67.949997,69.431999,69.431999,35517500,0,12807.433932967,hold,0.0006497285210875781
2018-01-18,69.134003,70.459999,68.748001,68.914001,68.914001,28429000,0,12804.325944967,hold,-0.00024267062522176364
2018-01-19,69.0,70.117996,68.519997,70.003998,70.003998,24441500,0,12810.865926967,hold,0.0005107634738532596
2018-01-22,69.879997,71.566002,69.839996,70.311996,70.311996,31052000,0,12812.713914967,hold,0.00014425160723208208
2018-01-23,72.0,72.099998,70.199997,70.557999,70.557999,27327000,0,12814.189932967,hold,0.00011519948153027038
2018-01-24,70.916,70.949997,68.704002,69.178001,69.178001,26437500,0,12805.909944967,hold,-0.0006461577394524243
2018-01-25,69.653999,69.839996,67.279999,67.528,67.528,33701500,0,12796.009938967,hold,-0.000773081026068767
2018-01-26,68.300003,68.800003,67.141998,68.57,68.57,22697000,0,12802.261938967,hold,0.0004885898049329374
2018-01-29,67.970001,70.169998,67.655998,69.905998,69.905998,23735500,0,12810.277926966999,hold,0.0006261384150874072
2018-01-30,69.028,69.653999,68.433998,69.164001,69.164001,23588500,-1,12805.825944967,sell,-0.0003475320383663494
2018-01-31,69.501999,71.237999,69.038002,70.862,70.862,31070500,0,12805.410960961,hold,-3.24058758711665e-05
2018-02-01,70.199997,71.931999,69.725998,69.849998,69.849998,20988500,0,12805.410960961,hold,0.0
2018-02-02,69.688004,70.389999,68.101997,68.75,68.75,18524000,0,12805.410960961,hold,0.0
2018-02-05,67.594002,68.893997,66.599998,66.625999,66.625999,22320500,0,12805.410960961,hold,0.0
2018-02-06,65.042,67.244003,64.699997,66.793999,66.793999,25442000,0,12805.410960961,hold,0.0
2018-02-07,67.797997,69.199997,67.132004,69.0,69.0,34846000,0,12805.410960961,hold,0.0
2018-02-08,68.662003,69.723999,62.919998,63.046001,63.046001,51573000,0,12805.410960961,hold,0.0
2018-02-09,63.986,64.195999,58.952,62.084,62.084,64668500,0,12805.410960961,hold,0.0
2018-02-12,63.226002,63.616001,61.25,63.146,63.146,31139000,0,12805.410960961,hold,0.0
2018-02-13,63.004002,64.837997,62.501999,64.732002,64.732002,22801000,1,12805.410960961,buy,0.0
2018-02-14,64.167999,65.234001,63.703999,64.461998,64.461998,19753500,0,12804.406752955001,hold,-7.842059962470671e-05
2018-02-15,64.900002,66.823997,64.480003,66.814003,66.814003,29564500,0,12811.462767955001,hold,0.0005510614537742597
2018-02-16,66.5,68.624001,66.328003,67.098,67.098,28213000,0,12812.314758955,hold,6.650224220527967e-05
2018-02-20,66.893997,68.167999,66.300003,66.954002,66.954002,20047000,0,12811.882764955,hold,-3.3717092354335065e-05
2018-02-21,67.206001,67.938004,66.634003,66.660004,66.660004,16098000,0,12811.000770955001,hold,-6.884187251632312e-05
2018-02-22,67.106003,69.487999,66.949997,69.234001,69.234001,34849000,0,12818.722761955001,hold,0.0006027625115367918
2018-02-23,69.566002,70.998001,69.419998,70.410004,70.410004,29087000,0,12822.250770955001,hold,0.00027522312991035136
2018-02-26,70.699997,71.800003,70.472,71.484001,71.484001,21700000,0,12825.472761955001,hold,0.0002512812342820858
2018-02-27,71.25,71.998001,70.001999,70.197998,70.197998,23987000,0,12821.614752955002,hold,-0.0003008083266484718
2018-02-28,70.514,71.047997,68.444,68.612,68.612,30348500,-1,12816.856758955,sell,-0.0003710916364029204
2018-03-01,69.001999,69.734001,66.014,66.185997,66.185997,34428000,0,12816.650922955001,hold,-1.6059787814604043e-05
2018-03-02,65.396004,67.043999,64.594002,67.024002,67.024002,25464000,0,12816.650922955001,hold,0.0
2018-03-05,66.477997,67.550003,65.858002,66.669998,66.669998,19119000,0,12816.650922955001,hold,0.0
2018-03-06,66.75,67.274002,65.405998,65.639999,65.639999,21428500,0,12816.650922955001,hold,0.0
2018-03-07,65.087997,66.5,64.348,66.459999,66.459999,25036500,1,12816.650922955001,buy,0.0
2018-03-08,66.571999,66.660004,65.253998,65.82,65.82,17831000,0,12814.531545958,hold,-0.00016536121719645802
2018-03-09,64.82,65.697998,64.473999,65.433998,65.433998,27534000,0,12813.373539958,hold,-9.036662759354108e-05
2018-03-12,65.722,69.442001,65.300003,69.101997,69.101997,41320000,0,12824.377536958,hold,0.0008587899951315592
2018-03-13,65.722,69.442001,65.300003,68.367996,68.367996,29829000,0,12822.175533958001,hold,-0.00017170447404968314
2018-03-14,67.351997,67.961998,64.786003,65.325996,65.325996,39837000,-1,12813.049533958001,sell,-0.0007117356938244335
2018-03-15,65.875999,66.57,64.220001,65.120003,65.120003,32824000,0,12812.853555970001,hold,-1.529518694831644e-05
2018-03-16,64.585999,65.480003,63.813999,64.269997,64.269997,30586500,0,12812.853555970001,hold,0.0
2018-03-19,63.299999,64.150002,61.933998,62.712002,62.712002,37421500,0,12812.853555970001,hold,0.0
2018-03-20,62.973999,63.25,61.751999,62.110001,62.110001,23821500,0,12812.853555970001,hold,0.0
2018-03-21,62.049999,64.487999,62.037998,63.306,63.306,29792000,1,12812.853555970001,buy,0.0
2018-03-22,62.778,63.764,61.636002,61.82,61.82,24699000,0,12806.656331970002,hold,-0.00048367242885660744
2018-03-23,62.25,62.25,60.09,60.307999,60.307999,33274500,0,12800.608327970001,hold,-0.00047225472779355293
2018-03-26,61.467999,61.518002,58.271999,60.835999,60.835999,41876000,0,12802.72032797,hold,0.00016499215864484995
2018-03-27,60.799999,60.854,55.436001,55.835999,55.835999,69360000,0,12782.72032797,hold,-0.001562167999273223
2018-03-28,52.916,53.736,50.419998,51.556,51.556,105007000,-1,12765.600331970001,sell,-0.0013393077186034663
2018-03-29,51.298,54.192001,49.641998,53.226002,53.226002,75853500,0,12765.394107970002,hold,-1.6154665243850452e-05
2018-04-02,51.251999,52.066002,48.917999,50.495998,50.495998,80570000,0,12765.394107970002,hold,0.0
2018-04-03,53.964001,54.669998,50.897999,53.506001,53.506001,94222000,0,12765.394107970002,hold,0.0
2018-04-04,50.556,57.674,50.400002,57.388,57.388,99483500,0,12765.394107970002,hold,0.0
2018-04-05,57.868,61.251999,57.639999,61.144001,61.144001,95605500,1,12765.394107970002,buy,0.0
2018-04-06,60.200001,61.855999,59.099998,59.860001,59.860001,67601500,0,12760.013531966002,hold,-0.00042149705355676303
2018-04-09,60.074001,61.900002,57.841999,57.931999,57.931999,51249000,0,12752.301523966002,hold,-0.0006043887007393112
2018-04-10,59.793999,61.419998,58.736,60.939999,60.939999,54949000,0,12764.333523966003,hold,0.0009435159588555564
2018-04-11,60.147999,61.796001,59.931999,60.186001,60.186001,37414500,0,12761.317531966002,hold,-0.0002362827635565834
2018-04-12,60.464001,60.790001,58.736,58.816002,58.816002,38044000,-1,12755.837535966002,sell,-0.00042942243120847046
2018-04-13,60.720001,60.790001,59.195999,60.068001,60.068001,36636000,0,12755.602271958001,hold,-1.844363471525945e-05
2018-04-16,59.799999,59.931999,57.801998,58.242001,58.242001,31692500,0,12755.602271958001,hold,0.0
2018-04-17,57.773998,58.433998,56.501999,57.537998,57.537998,35000000,0,12755.602271958001,hold,0.0
2018-04-18,58.216,60.048,57.632,58.669998,58.669998,32788500,0,12755.602271958001,hold,0.0
2018-04-19,58.216,60.202,57.709999,60.015999,60.015999,30453000,1,12755.602271958001,buy,0.0
2018-04-20,59.034,59.995998,57.950001,58.048,58.048,28139500,0,12747.490211962002,hold,-0.0006359605625076981
2018-04-23,58.257999,58.324001,56.466,56.674,56.674,24467000,0,12741.994211962001,hold,-0.00043114369249275253
2018-04-24,57.0,57.417999,55.692001,56.692001,56.692001,28426500,0,12742.066215962,hold,5.650920790190028e-06
2018-04-25,56.700001,57.032001,55.450001,56.138,56.138,20068000,0,12739.850211962,hold,-0.00017391245363518326
2018-04-26,55.75,57.158001,55.299999,57.096001,57.096001,21780000,1,12743.682215962,buy,0.0003007887797927822
2018-04-27,57.074001,58.894001,56.765999,58.816002,58.816002,21823000,0,12757.213839958002,hold,0.001061829992829777
2018-04-30,58.722,59.745998,58.5,58.779999,58.779999,21141000,0,12756.925815958002,hold,-2.257734358090957e-05
2018-05-01,58.702,60.164001,58.644001,59.984001,59.984001,23128000,0,12766.557831958002,hold,0.0007550420954827164
2018-05-02,59.714001,61.369999,59.556,60.23,60.23,44852000,0,12768.525823958002,hold,0.00015415212353264707
2018-05-03,55.757999,57.608002,55.046001,56.889999,56.889999,86760500,-1,12741.805815958001,sell,-0.002092646274784893
2018-05-04,56.599998,59.372002,55.903999,58.818001,58.818001,42847000,0,12741.350695966,hold,-3.5718641342885604e-05
2018-05-07,59.5,61.192001,59.034,60.554001,60.554001,43391000,0,12741.350695966,hold,0.0
2018-05-08,60.16,61.549999,59.799999,60.394001,60.394001,29650000,0,12741.350695966,hold,0.0
2018-05-09,60.082001,61.402,60.009998,61.369999,61.369999,28637000,0,12741.350695966,hold,0.0
2018-05-10,61.5,62.598,60.821999,61.004002,61.004002,28258000,0,12741.350695966,hold,0.0
2018-05-11,61.540001,61.776001,59.816002,60.212002,60.212002,23398000,0,12741.350695966,hold,0.0
2018-05-14,60.664001,60.987999,58.324001,58.394001,58.394001,36434000,0,12741.350695966,hold,0.0
2018-05-15,57.001999,57.391998,56.099998,56.835999,56.835999,47596000,0,12741.350695966,hold,0.0
2018-05-16,56.765999,57.762001,56.312,57.296001,57.296001,28370000,0,12741.350695966,hold,0.0
2018-05-17,57.18,57.838001,56.793999,56.908001,56.908001,22103000,0,12741.350695966,hold,0.0
2018-05-18,56.93,56.93,54.799999,55.363998,55.363998,36259500,0,12741.350695966,hold,0.0
2018-05-21,56.265999,58.298,56.259998,56.897999,56.897999,45913000,0,12741.350695966,hold,0.0
2018-05-22,57.551998,57.599998,54.683998,55.001999,55.001999,44729000,0,12741.350695966,hold,0.0
2018-05-23,55.551998,55.981998,54.799999,55.813999,55.813999,29925500,0,12741.350695966,hold,0.0
2018-05-24,55.68,56.222,54.978001,55.57,55.57,20883500,0,12741.350695966,hold,0.0
2018-05-25,55.526001,55.928001,55.122002,55.77,55.77,19375500,0,12741.350695966,hold,0.0
2018-05-29,55.702,57.299999,55.23,56.751999,56.751999,28333000,0,12741.350695966,hold,0.0
2018-05-30,56.658001,59.001999,56.32,58.344002,58.344002,37448500,0,12741.350695966,hold,0.0
2018-05-31,57.442001,58.074001,56.585999,56.945999,56.945999,29598500,0,12741.350695966,hold,0.0
2018-06-01,57.172001,58.389999,56.768002,58.363998,58.363998,27122000,1,12741.350695966,buy,0.0
2018-06-04,58.868,59.799999,58.709999,59.348,59.348,23989000,0,12745.053247974001,hold,0.00029059336771664057
2018-06-05,59.540001,59.560001,57.348,58.226002,58.226002,29976000,0,12740.565255974001,hold,-0.00035213599446626276
2018-06-06,60.099998,64.433998,59.495998,63.900002,63.900002,93836500,0,12763.261255974001,hold,0.0017813966291140293
2018-06-07,63.23,66.0,62.716,63.217999,63.217999,71726500,0,12760.533243974001,hold,-0.00021373941544311492
2018-06-08,63.799999,64.896004,63.43,63.532001,63.532001,41026000,0,12761.789251974002,hold,9.842911545976385e-05
2018-06-11,64.501999,66.931999,64.5,66.419998,66.419998,65917500,0,12773.341239974001,hold,0.0009052012826660238
2018-06-12,68.940002,70.994003,67.599998,68.554001,68.554001,111737000,0,12781.877251974001,hold,0.0006682677491842703
2018-06-13,69.342003,69.440002,67.959999,68.956001,68.956001,47349000,0,12783.485251974002,hold,0.00012580311704613045
2018-06-14,69.526001,71.75,69.32,71.543999,71.543999,54905000,0,12793.837243974001,hold,0.0008097941833509203
2018-06-15,70.767998,72.933998,70.25,71.634003,71.634003,54241500,0,12794.197259974002,hold,2.8139798336823674e-05
2018-06-18,71.080002,74.746002,70.900002,74.166,74.166,60366000,0,12804.325247974002,hold,0.0007916079292982214
2018-06-19,73.031998,74.0,69.25,70.510002,70.510002,63809500,0,12789.701255974001,hold,-0.0011421134434487223
2018-06-20,71.608002,72.875999,70.400002,72.444,72.444,41918500,0,12797.437247974001,hold,0.0006048610397670906
2018-06-21,72.400002,73.241997,69.253998,69.501999,69.501999,39835500,0,12785.669243974002,hold,-0.0009195594220915426
2018-06-22,70.307999,70.449997,66.400002,66.725998,66.725998,51330500,-1,12774.565239974001,sell,-0.0008684726460630454
2018-06-25,66.024002,67.694,65.5,66.601997,66.601997,34656500,0,12774.298335982001,hold,-2.0893391437293296e-05
2018-06-26,67.209999,68.709999,65.160004,68.400002,68.400002,37262500,0,12774.298335982001,hold,0.0
2018-06-27,69.0,70.157997,67.900002,68.900002,68.900002,41668500,0,12774.298335982001,hold,0.0
2018-06-28,69.732002,71.403999,69.222,69.986,69.986,41990000,0,12774.298335982001,hold,0.0
2018-06-29,70.666,70.772003,68.482002,68.589996,68.589996,32462000,-1,12774.298335982001,hold,0.0
2018-07-02,72.014,72.956001,65.970001,67.014,67.014,93799000,0,12774.298335982001,hold,0.0
2018-07-03,66.349998,66.498001,61.938,62.172001,62.172001,61413000,0,12774.298335982001,hold,0.0
2018-07-05,62.751999,62.877998,59.243999,61.832001,61.832001,87382000,0,12774.298335982001,hold,0.0
2018-07-06,60.990002,62.414001,60.400002,61.779999,61.779999,44327500,0,12774.298335982001,hold,0.0
2018-07-09,62.397999,63.703999,61.599998,63.702,63.702,37984000,1,12774.298335982001,buy,0.0
2018-07-10,64.912003,65.536003,63.84,64.494003,64.494003,47357500,0,12777.211539982,hold,0.0002280519777586587
2018-07-11,63.16,64.388,63.014,63.792,63.792,24420500,0,12774.403527982,hold,-0.00021976719969085678
2018-07-12,64.286003,64.646004,62.554001,63.341999,63.341999,28606000,0,12772.603523982001,hold,-0.00014090708783831563
2018-07-13,63.116001,63.916,61.849998,63.773998,63.773998,29349000,0,12774.331519982,hold,0.0001352892538122319
2018-07-16,62.341999,63.032001,61.25,62.02,62.02,39093500,-1,12767.315527982,sell,-0.0005492257648884724
2018-07-17,61.762001,64.947998,61.700001,64.538002,64.538002,34981000,0,12767.067447982,hold,-1.9430866218916876e-05
2018-07-18,65.0,65.099998,63.25,64.769997,64.769997,28121000,0,12767.067447982,hold,0.0
2018-07-19,63.265999,64.708,62.801998,64.045998,64.045998,29576500,0,12767.067447982,hold,0.0
2018-07-20,64.246002,64.648003,62.341999,62.716,62.716,25811000,0,12767.067447982,hold,0.0
2018-07-23,60.368,61.099998,58.571999,60.639999,60.639999,54964500,-1,12767.067447982,hold,0.0
2018-07-24,60.883999,61.543999,58.509998,59.486,59.486,47954000,0,12767.067447982,hold,0.0
2018-07-25,59.348,61.924,58.900002,61.748001,61.748001,35377000,0,12767.067447982,hold,0.0
2018-07-26,60.970001,62.139999,60.728001,61.330002,61.330002,23152500,0,12767.067447982,hold,0.0
2018-07-27,61.450001,61.537998,59.068001,59.436001,59.436001,28516500,0,12767.067447982,hold,0.0
2018-07-30,59.18,59.220001,57.226002,58.034,58.034,34070500,-1,12767.067447982,hold,0.0
2018-07-31,58.450001,59.664001,57.813999,59.627998,59.627998,25384500,0,12767.067447982,hold,0.0
2018-08-01,59.598,60.599998,58.599998,60.167999,60.167999,50647000,0,12767.067447982,hold,0.0
2018-08-02,65.688004,69.998001,64.632004,69.907997,69.907997,116075000,0,12767.067447982,hold,0.0
2018-08-03,69.561996,71.0,68.505997,69.634003,69.634003,68282500,0,12767.067447982,hold,0.0
2018-08-06,69.092003,70.996002,68.363998,68.398003,68.398003,42821500,-1,12767.067447982,hold,0.0
2018-08-07,68.767998,77.491997,67.830002,75.914001,75.914001,154379000,0,12767.067447982,hold,0.0
2018-08-08,73.818001,76.528,73.424004,74.068001,74.068001,122856000,0,12767.067447982,hold,0.0
2018-08-09,73.110001,73.402,69.146004,70.489998,70.489998,85919000,0,12767.067447982,hold,0.0
2018-08-10,70.800003,72.0,69.199997,71.098,71.098,57760000,0,12767.067447982,hold,0.0
2018-08-13,72.225998,72.638,69.804001,71.281998,71.281998,52319500,0,12767.067447982,hold,0.0
2018-08-14,71.690002,71.839996,69.419998,69.528,69.528,34932000,0,12767.067447982,hold,0.0
2018-08-15,68.382004,68.898003,66.428001,67.737999,67.737999,45506500,0,12767.067447982,hold,0.0
2018-08-16,67.982002,68.456001,66.764,67.089996,67.089996,30320000,0,12767.067447982,hold,0.0
2018-08-17,64.699997,65.353996,60.706001,61.099998,61.099998,94793000,0,12767.067447982,hold,0.0
2018-08-20,58.34,61.700001,57.639999,61.688,61.688,87011500,0,12767.067447982,hold,0.0
2018-08-21,62.122002,64.958,61.799999,64.379997,64.379997,65861000,0,12767.067447982,hold,0.0
2018-08-22,64.174004,64.776001,62.933998,64.328003,64.328003,29730000,0,12767.067447982,hold,0.0
2018-08-23,63.827999,65.463997,63.619999,64.019997,64.019997,25736500,0,12767.067447982,hold,0.0
2018-08-24,64.139999,64.769997,63.880001,64.564003,64.564003,18013000,0,12767.067447982,hold,0.0
2018-08-27,63.599998,64.487999,61.762001,63.854,63.854,65396500,-1,12767.067447982,hold,0.0
2018-08-28,63.681999,63.776001,62.237999,62.372002,62.372002,38245500,0,12767.067447982,hold,0.0
2018-08-29,62.054001,62.369999,60.737999,61.001999,61.001999,37237000,0,12767.067447982,hold,0.0
2018-08-30,60.452,60.919998,59.543999,60.630001,60.630001,36083500,0,12767.067447982,hold,0.0
2018-08-31,60.400002,61.062,59.720001,60.332001,60.332001,26875500,0,12767.067447982,hold,0.0
2018-09-04,59.388,59.638,57.599998,57.790001,57.790001,41752500,-1,12767.067447982,hold,0.0
2018-09-05,57.009998,57.355999,55.436001,56.147999,56.147999,38604000,0,12767.067447982,hold,0.0
2018-09-06,56.959999,58.234001,55.776001,56.189999,56.189999,37404000,0,12767.067447982,hold,0.0
2018-09-07,52.02,53.669998,50.450001,52.647999,52.647999,112459500,0,12767.067447982,hold,0.0
2018-09-10,54.652,57.206001,54.200001,57.099998,57.099998,71417500,0,12767.067447982,hold,0.0
2018-09-11,55.894001,56.400002,54.709999,55.888,55.888,45850000,-1,12767.067447982,hold,0.0
2018-09-12,56.287998,58.5,55.73,58.108002,58.108002,50077000,0,12767.067447982,hold,0.0
2018-09-13,57.604,59.0,57.035999,57.891998,57.891998,31701500,0,12767.067447982,hold,0.0
2018-09-14,57.751999,59.466,57.304001,59.040001,59.040001,33828000,0,12767.067447982,hold,0.0
2018-09-17,58.007999,60.174,57.625999,58.967999,58.967999,34438000,0,12767.067447982,hold,0.0
2018-09-18,59.338001,60.528,55.099998,56.992001,56.992001,82737500,-1,12767.067447982,hold,0.0
2018-09-19,56.102001,60.0,56.099998,59.804001,59.804001,41474500,0,12767.067447982,hold,0.0
2018-09-20,60.712002,61.195999,58.666,59.666,59.666,36747000,0,12767.067447982,hold,0.0
2018-09-21,59.540001,60.116001,59.074001,59.82,59.82,25252500,0,12767.067447982,hold,0.0
2018-09-24,59.695999,60.599998,58.716,59.936001,59.936001,24215000,0,12767.067447982,hold,0.0
2018-09-25,60.0,60.919998,59.299999,60.198002,60.198002,22408500,0,12767.067447982,hold,0.0
2018-09-26,60.382,62.778,60.222,61.916,61.916,39216000,0,12767.067447982,hold,0.0
2018-09-27,62.580002,62.992001,61.382,61.504002,61.504002,42545500,0,12767.067447982,hold,0.0
2018-09-28,54.051998,55.599998,52.112,52.953999,52.953999,168248500,0,12767.067447982,hold,0.0
2018-10-01,61.153999,62.287998,60.209999,62.139999,62.139999,108888000,0,12767.067447982,hold,0.0
2018-10-02,62.790001,63.368,59.830002,60.203999,60.203999,58717500,-1,12767.067447982,hold,0.0
2018-10-03,60.666,60.919998,58.313999,58.959999,58.959999,39975000,0,12767.067447982,hold,0.0
2018-10-04,58.790001,58.799999,55.534,56.366001,56.366001,49071000,0,12767.067447982,hold,0.0
2018-10-05,54.93,54.976002,52.0,52.389999,52.389999,89722500,0,12767.067447982,hold,0.0
2018-10-08,52.903999,53.551998,49.799999,50.112,50.112,67363500,0,12767.067447982,hold,0.0
2018-10-09,51.049999,53.354,50.66,52.560001,52.560001,60303000,1,12767.067447982,buy,0.0
2018-10-10,52.922001,53.102001,49.554001,51.375999,51.375999,64076500,0,12762.121199978,hold,-0.00038742240723277366
2018-10-11,51.506001,52.450001,49.806,50.445999,50.445999,40838500,0,12758.401199978001,hold,-0.0002914875937712891
2018-10-12,52.200001,52.397999,50.402,51.756001,51.756001,36007000,0,12763.641207978002,hold,0.0004107103952812885
2018-10-15,51.812,52.655998,50.908001,51.917999,51.917999,31000000,0,12764.289199978,hold,5.076858471975143e-05
2018-10-16,53.139999,55.476002,52.448002,55.318001,55.318001,47632000,1,12777.889207978002,buy,0.0010654731953287921
2018-10-17,56.48,56.540001,53.16,54.355999,54.355999,43277500,0,12769.971919974003,hold,-0.0006196084404187507
2018-10-18,53.858002,54.200001,52.599998,52.782001,52.782001,27106000,0,12757.379935974002,hold,-0.0009860619959786154
2018-10-19,53.478001,53.931999,50.700001,52.0,52.0,46877500,0,12751.123927974002,hold,-0.0004903834511003069
2018-10-22,52.136002,52.372002,50.518002,52.189999,52.189999,28001500,0,12752.643919974002,hold,0.0001192045507976136
2018-10-23,52.773998,59.585999,52.419998,58.827999,58.827999,95139000,1,12805.747919974003,buy,0.004164156102314243
2018-10-24,60.209999,60.888,57.146,57.700001,57.700001,100291500,0,12791.976631978003,hold,-0.0010753989600653657
2018-10-25,63.444,64.199997,60.202,62.972,62.972,104203500,0,12855.240619978003,hold,0.004945599090749653
2018-10-26,61.650002,67.980003,61.330002,66.18,66.18,137127500,0,12893.736619978003,hold,0.0029945763862384567
2018-10-29,67.494003,69.431999,65.300003,66.970001,66.970001,72430000,0,12903.216631978003,hold,0.0007352416354862168
2018-10-30,65.678001,67.580002,64.452003,65.980003,65.980003,45633500,-1,12891.336655978002,sell,-0.0009206987946368539
2018-10-31,66.508003,68.400002,65.82,67.463997,67.463997,38121500,0,12890.544895942003,hold,-6.141799389225433e-05
2018-11-01,67.652,69.568001,66.945999,68.856003,68.856003,40000500,0,12890.544895942003,hold,0.0
2018-11-02,68.748001,69.839996,68.181999,69.281998,69.281998,39040000,0,12890.544895942003,hold,0.0
2018-11-05,68.099998,68.792,66.028,68.279999,68.279999,39155000,0,12890.544895942003,hold,0.0
2018-11-06,67.814003,69.760002,67.218002,68.211998,68.211998,33814500,0,12890.544895942003,hold,0.0
2018-11-07,68.667999,70.236,68.160004,69.632004,69.632004,36872500,0,12890.544895942003,hold,0.0
2018-11-08,69.699997,71.515999,69.688004,70.279999,70.279999,35453500,0,12890.544895942003,hold,0.0
2018-11-09,69.800003,70.800003,69.045998,70.101997,70.101997,25494000,0,12890.544895942003,hold,0.0
2018-11-12,69.674004,69.956001,66.068001,66.255997,66.255997,34707500,0,12890.544895942003,hold,0.0
2018-11-13,66.632004,68.940002,66.440002,67.746002,67.746002,27243000,1,12890.544895942003,buy,0.0
2018-11-14,68.540001,69.421997,67.43,68.800003,68.800003,25201500,0,12893.503660936003,hold,0.00022952986222724014
2018-11-15,68.466003,69.716003,67.807999,69.688004,69.688004,23128500,0,12896.167663936003,hold,0.00020661591062109963
2018-11-16,69.038002,71.139999,69.024002,70.862,70.862,36031000,0,12899.689651936002,hold,0.00027310345924291823
2018-11-19,71.267998,73.349998,70.575996,70.694,70.694,48544500,0,12899.185651936003,hold,-3.907070740449825e-05
2018-11-20,68.349998,69.959999,66.709999,69.498001,69.498001,40023500,-1,12895.597654936002,sell,-0.00027815686174437193
2018-11-21,70.400002,70.620003,67.480003,67.638,67.638,23434000,0,12895.389160933002,hold,-1.616784336633259e-05
2018-11-23,66.870003,67.5,65.110001,65.166,65.166,21013000,0,12895.389160933002,hold,0.0
2018-11-26,65.0,69.244003,65.0,69.199997,69.199997,39960500,0,12895.389160933002,hold,0.0
2018-11-27,68.010002,69.391998,67.099998,68.783997,68.783997,31791500,0,12895.389160933002,hold,0.0
2018-11-28,69.197998,69.655998,68.442001,69.573997,69.573997,20638000,1,12895.389160933002,buy,0.0
2018-11-29,69.400002,69.5,67.910004,68.234001,68.234001,15403500,0,12891.160450942003,hold,-0.00032792418578653226
2018-11-30,68.365997,70.32,67.652,70.096001,70.096001,28145500,0,12896.746450942002,hold,0.00043332018255903826
2018-12-03,72.0,73.199997,70.400002,71.697998,71.697998,41532500,0,12901.552441942003,hold,0.0003726514294346561
2018-12-04,71.209999,73.736,70.400002,71.940002,71.940002,42309500,0,12902.278453942003,hold,5.627322783574584e-05
2018-12-06,71.202003,73.475998,70.152,72.612,72.612,39212500,0,12904.294447942002,hold,0.00015625100692062688
2018-12-07,73.800003,75.898003,71.529999,71.594002,71.594002,57556000,0,12901.240453942002,hold,-0.00023666493447749293
2018-12-10,72.0,73.195999,70.624001,73.029999,73.029999,33067500,0,12905.548444942002,hold,0.0003339206811452389
2018-12-11,73.982002,74.433998,72.045998,73.351997,73.351997,31544000,0,12906.514438942002,hold,7.485106147342435e-05
2018-12-12,73.884003,74.382004,73.031998,73.32,73.32,25135000,0,12906.418447942002,hold,-7.437406935428825e-06
2018-12-13,74.029999,75.487999,73.349998,75.358002,75.358002,36829500,1,12912.532453942003,buy,0.0004737182530274442
2018-12-14,75.0,75.573997,72.865997,73.141998,73.141998,31688000,0,12899.010355936003,hold,-0.0010472072813162425
2018-12-17,72.400002,73.139999,68.776001,69.683998,69.683998,38370000,0,12878.262355936004,hold,-0.0016084954913189176
2018-12-18,70.108002,70.309998,66.737999,67.405998,67.405998,35500000,0,12864.594355936002,hold,-0.001061323307620099
2018-12-19,67.519997,69.402,65.947998,66.594002,66.594002,41371000,0,12859.722379936004,hold,-0.0003787119799661953
2018-12-20,65.410004,66.057999,62.374001,63.076,63.076,45359500,-1,12838.614367936003,sell,-0.0016414049523287844
2018-12-21,63.48,64.694,62.487999,63.953999,63.953999,40084000,0,12838.235911936003,hold,-2.947794747587551e-05
2018-12-24,62.700001,62.900002,59.040001,59.077999,59.077999,27799500,0,12838.235911936003,hold,0.0
2018-12-26,60.0,65.393997,58.818001,65.218002,65.218002,40815500,0,12838.235911936003,hold,0.0
2018-12-27,63.967999,64.433998,60.299999,63.226002,63.226002,42875500,0,12838.235911936003,hold,0.0
2018-12-28,64.620003,67.248001,63.681999,66.774002,66.774002,49695000,1,12838.235911936003,buy,0.0
2018-12-31,67.557999,67.842003,65.052002,66.559998,66.559998,31511500,0,12837.393577930003,hold,-6.561135126181838e-05
2019-01-02,61.220001,63.026001,59.759998,62.023998,62.023998,58293000,0,12823.785577930003,hold,-0.0010600282617645451
2019-01-03,61.400002,61.880001,59.476002,60.071999,60.071999,34826000,0,12817.929580930002,hold,-0.00045665119433058177
2019-01-04,61.200001,63.599998,60.546001,63.537998,63.537998,36970500,0,12828.327577930002,hold,0.0008112072183226182
2019-01-07,64.344002,67.348,63.549999,66.991997,66.991997,37756000,1,12838.689574930002,buy,0.0008077434051361188
2019-01-08,68.391998,68.802002,65.403999,67.07,67.07,35042500,0,12838.956616939002,hold,2.0799787037617534e-05
2019-01-09,67.099998,68.699997,66.293999,67.706001,67.706001,27164500,0,12842.772622939001,hold,0.00029722088124861656
2019-01-10,66.879997,69.078003,66.358002,68.994003,68.994003,30282000,0,12850.500634939002,hold,0.000601740155875552
2019-01-11,68.417999,69.681999,67.753998,69.452003,69.452003,25195500,0,12853.248634939002,hold,0.00021384380874067688
2019-01-14,68.475998,68.5,66.800003,66.879997,66.879997,26236500,-1,12837.816598939002,sell,-0.0012006331191672936
2019-01-15,67.0,69.760002,66.900002,68.886002,68.886002,30283000,0,12837.415318957002,hold,-3.125765031042338e-05
2019-01-16,68.956001,70.400002,68.699997,69.209999,69.209999,23458500,0,12837.415318957002,hold,0.0
2019-01-17,69.241997,70.300003,68.830002,69.461998,69.461998,18383500,0,12837.415318957002,hold,0.0
2019-01-18,64.599998,65.426003,59.945999,60.452,60.452,120754000,0,12837.415318957002,hold,0.0
2019-01-22,60.964001,61.599998,59.099998,59.784,59.784,60333500,-1,12837.415318957002,hold,0.0
2019-01-23,58.5,58.900002,56.338001,57.518002,57.518002,62650000,0,12837.415318957002,hold,0.0
2019-01-24,56.605999,58.736,55.855999,58.301998,58.301998,40061000,0,12837.415318957002,hold,0.0
2019-01-25,58.877998,59.703999,57.91,59.408001,59.408001,36248000,0,12837.415318957002,hold,0.0
2019-01-28,58.582001,59.492001,57.549999,59.276001,59.276001,32116500,0,12837.415318957002,hold,0.0
2019-01-29,59.054001,59.712002,58.360001,59.492001,59.492001,23108500,0,12837.415318957002,hold,0.0
2019-01-30,60.09,61.799999,59.698002,61.754002,61.754002,56251500,0,12837.415318957002,hold,0.0
2019-01-31,60.200001,62.312,58.799999,61.403999,61.403999,62846000,0,12837.415318957002,hold,0.0
2019-02-01,61.084,63.220001,60.700001,62.442001,62.442001,36417000,0,12837.415318957002,hold,0.0
2019-02-04,62.596001,63.060001,60.375999,62.577999,62.577999,36760500,0,12837.415318957002,hold,0.0
2019-02-05,62.498001,64.487999,62.450001,64.269997,64.269997,33714000,1,12837.415318957002,buy,0.0
2019-02-06,63.917999,64.848,63.124001,63.444,63.444,25192500,0,12834.744517966003,hold,-0.00020804818763286992
2019-02-07,62.66,62.939999,60.599998,61.501999,61.501999,32603000,0,12828.918514966002,hold,-0.0004539243451121555
2019-02-08,61.366001,61.490002,59.700001,61.16,61.16,29221000,0,12827.892517966002,hold,-7.997533064096896e-05
2019-02-11,62.32,63.720001,62.099998,62.568001,62.568001,35648500,0,12832.116520966003,hold,0.0003292826934810922
2019-02-12,63.240002,63.638,61.924,62.362,62.362,27588000,0,12831.498517966002,hold,-4.816064434820522e-05
2019-02-13,62.470001,62.549999,61.113998,61.633999,61.633999,25708000,0,12829.314514966003,hold,-0.0001702063868019854
2019-02-14,60.675999,61.354,60.200001,60.754002,60.754002,26004000,0,12826.674523966003,hold,-0.000205778024766623
2019-02-15,60.900002,61.599998,60.779999,61.576,61.576,19524500,0,12829.140517966001,hold,0.00019225513170928465
2019-02-19,61.312,62.307999,61.094002,61.127998,61.127998,20842000,0,12827.796511966002,hold,-0.00010476196734432452
2019-02-20,60.882,61.259998,59.799999,60.512001,60.512001,35710500,-1,12825.948520966002,sell,-0.00014406145266465664
2019-02-21,60.362,60.647999,58.099998,58.245998,58.245998,44546000,0,12825.766984963002,hold,-1.4153807237127225e-05
2019-02-22,58.897999,59.299999,58.419998,58.942001,58.942001,28703000,0,12825.766984963002,hold,0.0
2019-02-25,59.582001,60.580002,59.400002,59.754002,59.754002,33132500,0,12825.766984963002,hold,0.0
2019-02-26,58.444,60.402,57.754002,59.571999,59.571999,42912500,0,12825.766984963002,hold,0.0
2019-02-27,60.355999,63.259998,60.110001,62.948002,62.948002,55919500,1,12825.766984963002,buy,0.0
2019-02-28,63.784,64.0,62.161999,63.976002,63.976002,52603500,0,12829.627192955002,hold,0.0003009728772185305
2019-03-01,61.388,61.425999,58.380001,58.958,58.958,114557000,0,12809.555184955003,hold,-0.0015645043848990792
2019-03-04,59.624001,59.799999,56.556,57.071999,57.071999,85484000,0,12802.011180955002,hold,-0.000588935672712676
2019-03-05,56.400002,56.799999,54.02,55.307999,55.307999,93823500,0,12794.955180955003,hold,-0.0005511633992708598
2019-03-06,55.296001,56.301998,54.877998,55.248001,55.248001,51677500,0,12794.715188955002,hold,-1.8756767538929964e-05
2019-03-07,55.768002,56.939999,54.849998,55.318001,55.318001,47212500,0,12794.995188955003,hold,2.1884035390051793e-05
2019-03-08,55.382,57.118,55.178001,56.827999,56.827999,44098000,0,12801.035180955003,hold,0.0004720589504569883
2019-03-11,56.703999,58.256001,56.099998,58.183998,58.183998,36961500,0,12806.459176955002,hold,0.00042371542014585373
2019-03-12,57.298,57.613998,56.212002,56.672001,56.672001,37520500,0,12800.411188955002,hold,-0.00047226074876993707
2019-03-13,56.779999,58.397999,56.540001,57.792,57.792,34223500,1,12804.891184955002,buy,0.0003499884444231327
2019-03-14,58.490002,59.077999,57.658001,57.992001,57.992001,35517000,0,12806.260024955003,hold,0.00010689977604871892
2019-03-15,56.702,56.743999,54.880001,55.085999,55.085999,73927500,0,12783.012008955002,hold,-0.0018153634202880964
2019-03-18,55.200001,55.610001,53.459999,53.897999,53.897999,51405000,0,12773.508008955003,hold,-0.0007434867457951633
2019-03-19,53.5,54.66,52.692001,53.493999,53.493999,59003000,0,12770.276008955003,hold,-0.00025302367977020346
2019-03-20,53.938,54.993999,53.259998,54.720001,54.720001,34541000,1,12780.084024955002,buy,0.0007680347702054835
2019-03-21,54.52,55.290001,53.689999,54.804001,54.804001,29735500,0,12780.873144951001,hold,6.174607259690212e-05
2019-03-22,54.515999,54.560001,52.799999,52.905998,52.905998,43728000,0,12758.097108951002,hold,-0.0017820406901539743
2019-03-25,51.942001,52.636002,50.891998,52.084,52.084,51075000,0,12748.233132951002,hold,-0.0007731541714853796
2019-03-26,52.888,54.051998,52.886002,53.554001,53.554001,36754500,0,12765.873144951001,hold,0.0013837221061172578
2019-03-27,53.75,55.074001,53.636002,54.966,54.966,43896000,1,12782.817132951002,buy,0.0013272878249384057
2019-03-28,55.431999,56.066002,55.02,55.723999,55.723999,33870500,0,12794.725252951002,hold,0.0009315724285301474
2019-03-29,55.740002,56.032001,54.900002,55.972,55.972,29956500,0,12798.693268951001,hold,0.00031012905096061694
2019-04-01,56.523998,57.84,56.256001,57.835999,57.835999,40552000,0,12828.517252951002,hold,0.002330236640044392
2019-04-02,57.66,57.888,56.776001,57.175999,57.175999,27394500,0,12817.957252951002,hold,-0.0008231660597852741
2019-04-03,57.464001,59.234001,57.433998,58.362,58.362,39597000,1,12836.933268951001,buy,0.0014804243473061085
2019-04-04,52.377998,54.240002,52.118,53.556,53.556,118603500,0,12740.579820951003,hold,-0.007505955354075944
2019-04-05,53.972,55.220001,53.222,54.992001,54.992001,65191500,0,12769.299840951002,hold,0.0022542160877774275
2019-04-08,55.537998,56.231998,54.088001,54.639999,54.639999,52052000,0,12762.259800951002,hold,-0.0005513254514881716
2019-04-09,54.330002,55.0,53.922001,54.462002,54.462002,29520000,0,12758.699860951003,hold,-0.0002789427621379126
2019-04-10,55.348,55.675999,54.577999,55.212002,55.212002,35306500,1,12773.699860951003,buy,0.0011756683802797152
2019-04-11,53.66,54.099998,53.119999,53.683998,53.683998,49179500,0,12736.806916943002,hold,-0.0028881956214410476
2019-04-12,54.043999,54.389999,53.366001,53.540001,53.540001,33730000,0,12733.350988943002,hold,-0.00027133393970213415
2019-04-15,53.726002,53.776001,51.726002,53.276001,53.276001,50193000,0,12727.014988943003,hold,-0.0004975909330938721
2019-04-16,53.150002,55.0,52.944,54.672001,54.672001,36364500,0,12760.518988943002,hold,0.0026325104534807853
2019-04-17,54.950001,54.958,53.708,54.245998,54.245998,25632500,0,12750.294916943003,hold,-0.0008012269727318833
2019-04-18,54.245998,54.967999,53.950001,54.652,54.652,29381500,0,12760.038964943004,hold,0.0007642213818170873
2019-04-22,53.799999,53.936001,52.495998,52.549999,52.549999,60735500,0,12709.590940943002,hold,-0.003953594823542628
2019-04-23,52.029999,53.119999,51.150002,52.779999,52.779999,54719500,0,12715.110940943003,hold,0.0004343176759700196
2019-04-24,52.77,53.063999,51.599998,51.731998,51.731998,53637500,0,12689.958916943002,hold,-0.001978120687803897
2019-04-25,51.0,51.799999,49.214001,49.526001,49.526001,109247000,-1,12637.014988943003,sell,-0.00417211185209676
2019-04-26,49.299999,49.335999,46.226002,47.028,47.028,111803500,0,12635.826364919003,hold,-9.405892333280708e-05
2019-04-29,47.172001,48.796001,46.433998,48.293999,48.293999,83572500,0,12635.826364919003,hold,0.0
2019-04-30,48.411999,48.841999,47.400002,47.737999,47.737999,47323000,0,12635.826364919003,hold,0.0
2019-05-01,47.77,48.0,46.299999,46.801998,46.801998,53522000,0,12635.826364919003,hold,0.0
2019-05-02,49.104,49.425999,47.543999,48.82,48.82,90796500,1,12635.826364919003,buy,0.0
2019-05-03,48.771999,51.321999,48.698002,51.006001,51.006001,118534000,0,12646.512269919003,hold,0.0008456831149301625
2019-05-06,50.004002,51.669998,49.700001,51.068001,51.068001,54169500,0,12646.822269919003,hold,2.4512687244016007e-05
2019-05-07,51.360001,51.442001,49.02,49.411999,49.411999,50657000,0,12638.542259919002,hold,-0.0006547107109818873
2019-05-08,49.388,50.119999,48.84,48.967999,48.967999,30882000,0,12636.322259919003,hold,-0.00017565316903989103
2019-05-09,48.400002,48.736,47.388,48.396,48.396,33557000,-1,12633.462264919002,sell,-0.00022633128066640307
2019-05-10,47.950001,48.397999,47.203999,47.903999,47.903999,35041500,0,12633.220284919003,hold,-1.9153894231460633e-05
2019-05-13,46.402,46.493999,44.900002,45.402,45.402,54174000,0,12633.220284919003,hold,0.0
2019-05-14,45.860001,46.900002,45.599998,46.462002,46.462002,36262000,0,12633.220284919003,hold,0.0
2019-05-15,45.863998,46.487999,45.049999,46.389999,46.389999,36480000,0,12633.220284919003,hold,0.0
2019-05-16,45.897999,46.200001,45.299999,45.666,45.666,37416500,-1,12633.220284919003,hold,0.0
2019-05-17,44.391998,44.448002,41.784,42.206001,42.206001,88933500,0,12633.220284919003,hold,0.0
2019-05-20,40.560001,41.200001,39.049999,41.071999,41.071999,102631000,0,12633.220284919003,hold,0.0
2019-05-21,39.551998,41.48,39.208,41.015999,41.015999,90019500,0,12633.220284919003,hold,0.0
2019-05-22,39.82,40.787998,38.355999,38.546001,38.546001,93426000,0,12633.220284919003,hold,0.0
2019-05-23,38.868,39.894001,37.243999,39.098,39.098,132735500,1,12633.220284919003,buy,0.0
2019-05-24,39.966,39.995998,37.75,38.125999,38.125999,70683000,0,12627.153690919004,hold,-0.0004802096269342915
2019-05-28,38.240002,39.0,37.57,37.740002,37.740002,51564500,0,12624.837708919003,hold,-0.00018341283053091573
2019-05-29,37.419998,38.478001,37.007999,37.972,37.972,59843000,0,12626.229696919005,hold,0.0001102578925840092
2019-05-30,37.75,38.452,37.403999,37.644001,37.644001,39632500,0,12624.261702919004,hold,-0.00015586553129798286
2019-05-31,37.02,37.984001,36.82,37.032001,37.032001,52033500,-1,12620.589702919004,sell,-0.0002908684948405016
2019-06-03,37.102001,37.335999,35.397999,35.793999,35.793999,65322000,0,12620.367510913004,hold,-1.7605516955288003e-05
2019-06-04,36.220001,38.796001,35.922001,38.720001,38.720001,69037500,0,12620.367510913004,hold,0.0
2019-06-05,39.736,40.256001,38.369999,39.318001,39.318001,67554000,0,12620.367510913004,hold,0.0
2019-06-06,40.888,42.200001,40.360001,41.189999,41.189999,101211000,0,12620.367510913004,hold,0.0
2019-06-07,41.0,42.167999,40.700001,40.900002,40.900002,80017500,0,12620.367510913004,hold,0.0
2019-06-10,42.049999,43.388,41.801998,42.576,42.576,52925000,0,12620.367510913004,hold,0.0
2019-06-11,43.827999,44.18,42.700001,43.419998,43.419998,58267500,0,12620.367510913004,hold,0.0
2019-06-12,44.59,44.675999,41.799999,41.852001,41.852001,75987500,0,12620.367510913004,hold,0.0
2019-06-13,42.076,42.98,41.501999,42.782001,42.782001,40841500,0,12620.367510913004,hold,0.0
2019-06-14,42.25,43.330002,42.080002,42.984001,42.984001,37167000,0,12620.367510913004,hold,0.0
2019-06-17,43.096001,45.400002,42.854,45.006001,45.006001,61584000,0,12620.367510913004,hold,0.0
2019-06-18,45.743999,46.948002,44.512001,44.948002,44.948002,63579000,0,12620.367510913004,hold,0.0
2019-06-19,45.021999,45.554001,44.212002,45.285999,45.285999,32875500,0,12620.367510913004,hold,0.0
2019-06-20,44.599998,45.380001,43.27,43.924,43.924,59317500,0,12620.367510913004,hold,0.0
2019-06-21,43.243999,44.436001,43.099998,44.372002,44.372002,41010500,1,12620.367510913004,buy,0.0
2019-06-24,44.647999,45.172001,44.203999,44.728001,44.728001,28754000,0,12621.925645903002,hold,0.00012346193473766753
2019-06-25,44.877998,45.068001,43.897999,43.952,43.952,30910500,0,12618.045640903003,hold,-0.00030740198515255557
2019-06-26,44.062,45.445999,43.619999,43.854,43.854,42536000,0,12617.555640903003,hold,-3.8833272120286644e-05
2019-06-27,43.889999,44.580002,43.470001,44.568001,44.568001,31698500,0,12621.125645903003,hold,0.00028293950917301913
2019-06-28,44.198002,45.034,44.16,44.692001,44.692001,34257000,0,12621.745645903004,hold,4.9123986036958556e-05
2019-07-01,46.042,46.619999,45.256001,45.433998,45.433998,41067000,0,12625.455630903003,hold,0.0002939359660765195
2019-07-02,45.778,45.830002,44.444,44.91,44.91,46295000,0,12622.835640903002,hold,-0.00020751647121453054
2019-07-03,47.877998,48.313999,46.902,46.98,46.98,71005500,0,12633.185640903002,hold,0.0008199425465433841
2019-07-05,46.914001,47.09,46.16,46.619999,46.619999,35328500,0,12631.385635903003,hold,-0.0001424822725767383
2019-07-08,46.248001,46.450001,45.731998,46.068001,46.068001,29402500,-1,12628.625645903003,sell,-0.0002185025522580819
2019-07-09,45.793999,46.200001,45.456001,46.012001,46.012001,30954000,0,12628.395305898002,hold,-1.8239514849804905e-05
2019-07-10,46.830002,47.787998,46.627998,47.784,47.784,45728500,0,12628.395305898002,hold,0.0
2019-07-11,47.627998,48.299999,47.16,47.720001,47.720001,37572000,0,12628.395305898002,hold,0.0
2019-07-12,47.950001,49.076,47.942001,49.015999,49.015999,46002500,0,12628.395305898002,hold,0.0
2019-07-15,49.599998,50.883999,48.972,50.700001,50.700001,55000500,1,12628.395305898002,buy,0.0
2019-07-16,49.860001,50.706001,49.585999,50.476002,50.476002,40745000,0,12627.296509894002,hold,-8.700994682098173e-05
2019-07-17,51.133999,51.661999,50.669998,50.972,50.972,48823500,0,12629.280501894003,hold,0.0001571193009086702
2019-07-18,51.009998,51.150002,50.377998,50.708,50.708,23793000,0,12628.224501894003,hold,-8.361521464683719e-05
2019-07-19,51.138,51.992001,50.924,51.636002,51.636002,35242000,0,12631.936509894003,hold,0.00029394536020821427
2019-07-22,51.75,52.43,50.838001,51.136002,51.136002,34212000,0,12629.936509894003,hold,-0.00015832885151323417
2019-07-23,51.341999,52.096001,50.900002,52.034,52.034,25115500,0,12633.528501894003,hold,0.00028440301320475925
2019-07-24,51.834,53.214001,51.632,52.976002,52.976002,55364000,0,12637.296509894002,hold,0.0002982546007976872
2019-07-25,46.700001,46.900002,45.110001,45.764,45.764,112091500,0,12608.448501894003,hold,-0.0022827673606782284
2019-07-26,45.383999,46.051998,44.450001,45.608002,45.608002,50138500,0,12607.824509894002,hold,-4.948999077147853e-05
2019-07-29,45.417999,47.188,45.206001,47.153999,47.153999,46366500,1,12614.008497894003,buy,0.0004904881088048096
2019-07-30,46.580002,48.672001,46.436001,48.452,48.452,40545000,0,12625.454736899002,hold,0.0009074228075010016
2019-07-31,48.599998,49.335999,47.330002,48.321999,48.321999,45891000,0,12624.284727899003,hold,-9.267064231599509e-05
2019-08-01,48.529999,48.902,46.354,46.77,46.77,41297500,0,12610.316736899003,hold,-0.0011064382102481396
2019-08-02,46.27,47.254002,45.846001,46.868,46.868,30682500,0,12611.198736899003,hold,6.994273168570153e-05
2019-08-05,45.919998,46.273998,45.155998,45.664001,45.664001,35141500,-1,12600.362745899003,sell,-0.000859235606865405
2019-08-06,46.375999,46.5,45.150002,46.150002,46.150002,27821000,0,12599.951769890004,hold,-3.2616204571844776e-05
2019-08-07,45.299999,46.714001,45.16,46.683998,46.683998,23882500,0,12599.951769890004,hold,0.0
2019-08-08,46.889999,47.959999,46.529999,47.66,47.66,26371500,0,12599.951769890004,hold,0.0
2019-08-09,47.209999,47.792,46.762001,47.001999,47.001999,19491000,0,12599.951769890004,hold,0.0
2019-08-12,46.598,47.153999,45.75,45.801998,45.801998,23319500,-1,12599.951769890004,hold,0.0
2019-08-13,45.762001,47.200001,45.509998,47.0,47.0,24240500,0,12599.951769890004,hold,0.0
2019-08-14,46.242001,46.299999,43.338001,43.924,43.924,47813000,0,12599.951769890004,hold,0.0
2019-08-15,44.172001,44.312,42.310001,43.127998,43.127998,40798000,0,12599.951769890004,hold,0.0
2019-08-16,43.332001,44.448002,43.203999,43.987999,43.987999,25492500,0,12599.951769890004,hold,0.0
2019-08-19,44.841999,45.566002,44.34,45.366001,45.366001,26548000,1,12599.951769890004,buy,0.0
2019-08-20,45.523998,45.818001,44.908001,45.172001,45.172001,20626000,0,12598.754939885004,hold,-9.498687192277533e-05
2019-08-21,44.402,44.644001,43.52,44.166,44.166,38971500,0,12593.724934885004,hold,-0.00039924619726328103
2019-08-22,44.560001,45.080002,43.644001,44.43,44.43,32795000,0,12595.044934885003,hold,0.00010481410439133754
2019-08-23,43.993999,44.234001,42.200001,42.279999,42.279999,42693000,0,12584.294929885004,hold,-0.0008535106508612555
2019-08-26,42.720001,43.004002,42.307999,43.0,43.0,25259500,1,12587.894934885004,buy,0.00028607125151292045
2019-08-27,43.147999,43.759998,42.405998,42.816002,42.816002,27081000,0,12585.839954885003,hold,-0.00016325048871401737
2019-08-28,42.737999,43.450001,42.462002,43.118,43.118,16127500,0,12588.859934885004,hold,0.00023995061202319867
2019-08-29,43.799999,44.68,43.599998,44.341999,44.341999,25897500,0,12601.099924885004,hold,0.0009722874083364363
2019-08-30,45.830002,46.487999,44.841999,45.122002,45.122002,46603000,0,12608.899954885004,hold,0.0006189959643598808
2019-09-03,44.816002,45.790001,44.632,45.001999,45.001999,26770500,0,12607.699924885004,hold,-9.517325098096219e-05
2019-09-04,45.377998,45.692001,43.841999,44.136002,44.136002,28805000,0,12599.039954885004,hold,-0.0006868794507797205
2019-09-05,44.5,45.959999,44.169998,45.916,45.916,36976500,0,12616.839934885003,hold,0.0014128044727008682
2019-09-06,45.439999,45.928001,45.034,45.490002,45.490002,20947000,0,12612.579954885003,hold,-0.00033764239080358305
2019-09-09,46.0,46.751999,45.846001,46.358002,46.358002,24013500,0,12621.259954885003,hold,0.0006882017819549446
2019-09-10,46.16,47.108002,45.787998,47.108002,47.108002,24418500,1,12628.759954885003,buy,0.0005942354429595564
2019-09-11,47.476002,49.633999,47.200001,49.419998,49.419998,50214000,0,12663.204354875004,hold,0.002727457019774837
2019-09-12,49.540001,50.700001,48.880001,49.174,49.174,42906000,0,12659.514384875005,hold,-0.0002913930705523704
2019-09-13,49.391998,49.689999,48.973999,49.040001,49.040001,26565500,0,12657.504399875004,hold,-0.0001587726779158638
2019-09-16,49.200001,49.486,48.234001,48.562,48.562,23640500,0,12650.334384875005,hold,-0.0005664635597575352
2019-09-17,48.493999,49.119999,48.074001,48.958,48.958,19327000,0,12656.274384875005,hold,0.00046955280542637645
2019-09-18,49.0,49.633999,48.473999,48.698002,48.698002,20851000,0,12652.374414875005,hold,-0.0003081451840726279
2019-09-19,49.200001,49.588001,48.967999,49.32,49.32,23979000,0,12661.704384875004,hold,0.000737408623398883
2019-09-20,49.298,49.389999,47.632,48.124001,48.124001,31765000,0,12643.764399875005,hold,-0.0014168696768366296
2019-09-23,48.0,49.035999,47.844002,48.245998,48.245998,21701000,0,12645.594354875004,hold,0.00014473181737062468
2019-09-24,48.304001,48.397999,44.521999,44.641998,44.641998,64457500,-1,12591.534354875004,sell,-0.004275006653139957
2019-09-25,44.911999,45.796001,43.672001,45.740002,45.740002,47135500,0,12590.864724905005,hold,-5.3180966761212645e-05
2019-09-26,46.132,48.661999,45.48,48.512001,48.512001,59422500,0,12590.864724905005,hold,0.0
2019-09-27,48.439999,49.742001,47.745998,48.425999,48.425999,55582000,0,12590.864724905005,hold,0.0
2019-09-30,48.599998,48.796001,47.222,48.174,48.174,29399000,0,12590.864724905005,hold,0.0
2019-10-01,48.299999,49.189999,47.826,48.938,48.938,30813000,1,12590.864724905005,buy,0.0
2019-10-02,48.658001,48.93,47.886002,48.625999,48.625999,28157000,0,12589.060029905004,hold,-0.00014333368195362794
2019-10-03,46.372002,46.896,44.855999,46.605999,46.605999,75422500,0,12578.960029905005,hold,-0.0008022838858505743
2019-10-04,46.321999,46.956001,45.613998,46.285999,46.285999,39975000,0,12577.360029905005,hold,-0.00012719652468862197
2019-10-07,45.959999,47.712002,45.709999,47.543999,47.543999,40321000,0,12583.650029905004,hold,0.0005001049492932008
2019-10-08,47.174,48.787998,46.900002,48.009998,48.009998,43391000,0,12585.980024905004,hold,0.00018516050545458462
2019-10-09,48.264,49.459999,48.130001,48.905998,48.905998,34472000,0,12590.460024905005,hold,0.00035595162165646954
2019-10-10,49.056,49.855999,48.316002,48.948002,48.948002,31416500,0,12590.670044905004,hold,1.6680883747177688e-05
2019-10-11,49.43,50.216,49.362,49.577999,49.577999,42377000,0,12593.820029905004,hold,0.0002501840639748121
2019-10-14,49.580002,51.709999,49.425999,51.391998,51.391998,51025000,0,12602.890024905004,hold,0.0007201941093697428
2019-10-15,51.540001,52.0,50.824001,51.577999,51.577999,32164000,0,12603.820029905004,hold,7.379299495302583e-05
2019-10-16,51.478001,52.419998,51.383999,51.950001,51.950001,33420500,0,12605.680039905004,hold,0.000147575099897157
2019-10-17,52.5,52.956001,52.034,52.394001,52.394001,23846500,0,12607.900039905004,hold,0.0001761110858733428
2019-10-18,52.139999,52.560001,51.02,51.389999,51.389999,28749000,0,12602.880029905005,hold,-0.0003981638483894212
2019-10-21,51.666,51.900002,50.035999,50.700001,50.700001,25101500,0,12599.430039905004,hold,-0.00027374615895847665
2019-10-22,50.863998,51.666,50.169998,51.116001,51.116001,23004000,0,12601.510039905004,hold,0.00016508683277027814
2019-10-23,50.900002,51.228001,50.27,50.936001,50.936001,26305500,0,12600.610039905005,hold,-7.142001213744642e-05
2019-10-24,59.674,60.986,57.84,59.936001,59.936001,148604500,0,12645.610039905005,hold,0.003571255665994588
2019-10-25,59.543999,66.0,59.222,65.625999,65.625999,150030500,0,12674.060029905004,hold,0.002249791817889424
2019-10-28,65.508003,68.167999,64.519997,65.542,65.542,94351500,0,12673.640034905005,hold,-3.313815770222828e-05
2019-10-29,63.998001,64.860001,62.950001,63.243999,63.243999,63421500,-1,12662.150029905004,sell,-0.0009066065446357019
2019-10-30,62.599998,63.757999,61.993999,63.001999,63.001999,48209000,0,12661.833809910004,hold,-2.4973641463255092e-05
2019-10-31,62.619999,63.799999,62.599998,62.984001,62.984001,25335000,0,12661.833809910004,hold,0.0
2019-11-01,63.264,63.296001,61.959999,62.661999,62.661999,31919500,0,12661.833809910004,hold,0.0
2019-11-04,62.959999,64.388,61.852001,63.493999,63.493999,43935000,0,12661.833809910004,hold,0.0
2019-11-05,63.924,64.702003,63.223999,63.444,63.444,34717000,0,12661.833809910004,hold,0.0
2019-11-06,63.599998,65.344002,62.900002,65.316002,65.316002,39704500,0,12661.833809910004,hold,0.0
2019-11-07,65.828003,68.300003,65.603996,67.108002,67.108002,72336500,0,12661.833809910004,hold,0.0
2019-11-08,66.900002,67.491997,66.5,67.428001,67.428001,30346000,0,12661.833809910004,hold,0.0
2019-11-11,68.790001,69.837997,68.400002,69.017998,69.017998,49933500,0,12661.833809910004,hold,0.0
2019-11-12,69.379997,70.073997,68.807999,69.986,69.986,36797000,1,12661.833809910004,buy,0.0
2019-11-13,71.0,71.265999,69.036003,69.222,69.222,42100500,0,12659.331851910003,hold,-0.0001975983919518809
2019-11-14,69.222,70.767998,68.582001,69.870003,69.870003,32324500,0,12661.275860910004,hold,0.00015356331777560683
2019-11-15,70.127998,70.559998,69.671997,70.433998,70.433998,24045000,0,12662.967845910003,hold,0.0001336346367133423
2019-11-18,70.584,70.629997,69.220001,69.998001,69.998001,22002000,0,12661.659854910004,hold,-0.00010329261006714052
2019-11-19,70.349998,71.998001,69.559998,71.903999,71.903999,38624000,1,12667.377848910004,buy,0.0004515990846005735
2019-11-20,72.0,72.239998,69.914001,70.444,70.444,33625500,0,12658.402142913004,hold,-0.0007085685849160805
2019-11-21,70.902,72.167999,70.800003,70.966003,70.966003,30550000,0,12661.534160913005,hold,0.0002474260151195118
2019-11-22,68.031998,68.199997,66.0,66.608002,66.608002,84353000,0,12635.386154913003,hold,-0.002065153058680824
2019-11-25,68.863998,68.914001,66.891998,67.267998,67.267998,61697500,0,12639.346130913003,hold,0.00031340363891141365
2019-11-26,67.054001,67.099998,65.419998,65.783997,65.783997,39737000,-1,12630.442124913003,sell,-0.0007044672966288745
2019-11-27,66.223999,66.786003,65.713997,66.258003,66.258003,27778000,0,12630.047420931003,hold,-3.1250211045330545e-05
2019-11-29,66.222,66.251999,65.5,65.987999,65.987999,12328000,0,12630.047420931003,hold,0.0
2019-12-02,65.879997,67.276001,65.737999,66.973999,66.973999,30372500,0,12630.047420931003,hold,0.0
2019-12-03,66.524002,67.582001,66.438004,67.239998,67.239998,32868500,0,12630.047420931003,hold,0.0
2019-12-04,67.550003,67.571999,66.57,66.606003,66.606003,27665000,0,12630.047420931003,hold,0.0
2019-12-05,66.566002,66.884003,65.449997,66.073997,66.073997,18623000,0,12630.047420931003,hold,0.0
2019-12-06,67.0,67.772003,66.954002,67.178001,67.178001,38062000,0,12630.047420931003,hold,0.0
2019-12-09,67.318001,68.889999,67.015999,67.905998,67.905998,45115500,0,12630.047420931003,hold,0.0
2019-12-10,67.991997,70.146004,67.862,69.767998,69.767998,44141500,0,12630.047420931003,hold,0.0
2019-12-11,70.375999,71.438004,70.218002,70.540001,70.540001,34489000,1,12630.047420931003,buy,0.0
2019-12-12,70.984001,72.547997,70.646004,71.935997,71.935997,38819500,0,12634.023788928003,hold,0.000314833972072881
2019-12-13,72.209999,73.042,70.928001,71.678001,71.678001,32854500,0,12633.249800928004,hold,-6.126219270519151e-05
2019-12-16,72.510002,76.722,72.5,76.300003,76.300003,90871000,0,12647.115806928005,hold,0.001097580291571587
2019-12-17,75.797997,77.099998,75.18,75.797997,75.797997,42484000,0,12645.609788928004,hold,-0.00011907995648896552
2019-12-18,76.125999,79.043999,76.115997,78.629997,78.629997,70605000,1,12654.105788928004,buy,0.0006718537217111908
2019-12-19,79.463997,81.370003,79.300003,80.807999,80.807999,90535500,0,12666.937910937004,hold,0.0010140678624821486
2019-12-20,82.057999,82.599998,80.038002,81.117996,81.117996,73763500,0,12668.797892937004,hold,0.00014683753982835945
2019-12-23,82.356003,84.402,82.0,83.844002,83.844002,66598000,0,12685.153928937005,hold,0.0012910487749686617
2019-12-24,83.671997,85.094002,82.538002,85.050003,85.050003,40273500,0,12692.389934937004,hold,0.0005704310756129427
2019-12-26,85.582001,86.695999,85.269997,86.188004,86.188004,53169500,1,12699.217940937004,buy,0.0005379606232553957
2019-12-27,87.0,87.061996,85.222,86.075996,86.075996,49728500,0,12698.149500929005,hold,-8.413431543330407e-05
2019-12-30,85.758003,85.800003,81.851997,82.940002,82.940002,62932000,0,12673.061548929005,hold,-0.001975717170298319
2019-12-31,81.0,84.258003,80.416,83.666,83.666,51428500,0,12678.869532929004,hold,0.00045829367888527983
2020-01-02,84.900002,86.139999,84.342003,86.052002,86.052002,47660500,0,12697.957548929004,hold,0.0015054982583759813
2020-01-03,88.099998,90.800003,87.384003,88.601997,88.601997,88892500,1,12718.357508929004,buy,0.0016065544337657833
2020-01-06,88.094002,90.311996,88.0,90.307999,90.307999,50665000,0,12735.240324935005,hold,0.0013274368167546235
2020-01-07,92.279999,94.325996,90.671997,93.811996,93.811996,89410500,0,12770.280294935004,hold,0.0027514180420602496
2020-01-08,94.739998,99.697998,93.646004,98.428001,98.428001,155721500,0,12816.440344935005,hold,0.0036146465804911543
2020-01-09,99.419998,99.760002,94.573997,96.267998,96.267998,142202000,0,12794.840314935005,hold,-0.0016853376927342678
2020-01-10,96.358002,96.987999,94.739998,95.629997,95.629997,64797500,0,12788.460304935004,hold,-0.0004986392829423592
2020-01-13,98.699997,105.125999,98.400002,104.972,104.972,132588000,0,12881.880334935004,hold,0.007305025606870741
2020-01-14,108.851997,109.482002,104.980003,107.584,107.584,144981000,0,12908.000334935005,hold,0.0020276542958690413
2020-01-15,105.952003,107.568001,103.358002,103.699997,103.699997,86844000,0,12869.160304935005,hold,-0.0030089889209934384
2020-01-16,98.75,102.891998,98.433998,102.697998,102.697998,108683500,0,12859.140314935004,hold,-0.0007786048011352298
2020-01-17,101.522003,103.134003,100.632004,102.099998,102.099998,68145500,0,12853.160314935005,hold,-0.0004650388636830982
2020-01-21,106.050003,109.716003,105.681999,109.440002,109.440002,89017500,0,12926.560354935005,hold,0.005710660895959618
2020-01-22,114.377998,118.900002,111.82,113.912003,113.912003,156845000,0,12971.280364935004,hold,0.003459544439671891
2020-01-23,112.849998,116.400002,111.120003,114.440002,114.440002,98255000,0,12976.560354935005,hold,0.0004070523380463875
2020-01-24,114.125999,114.772003,110.851997,112.963997,112.963997,71768000,0,12961.800304935005,hold,-0.0011374393210745737
2020-01-27,108.398003,112.888,107.856003,111.603996,111.603996,68040500,-1,12948.200294935004,sell,-0.0010492377355035831
2020-01-28,113.697998,115.362,111.615997,113.379997,113.379997,58942500,0,12947.084254975005,hold,-8.619267037723866e-05
2020-01-29,115.138,117.959999,113.486,116.197998,116.197998,89007500,0,12947.084254975005,hold,0.0
2020-01-30,126.484001,130.175995,123.599998,128.162003,128.162003,145028500,0,12947.084254975005,hold,0.0
2020-01-31,128.0,130.600006,126.503998,130.113998,130.113998,78596500,0,12947.084254975005,hold,0.0
2020-02-03,134.738007,157.227997,134.703995,156.0,156.0,235325000,1,12947.084254975005,buy,0.0
2020-02-04,176.591995,193.798004,166.776001,177.412003,177.412003,304694000,0,12968.340257975004,hold,0.0016417598419373736
2020-02-05,164.651993,169.195999,140.822006,146.940002,146.940002,242119000,0,12937.868256975004,hold,-0.002349722508341867
2020-02-06,139.983994,159.166,137.399994,149.792007,149.792007,199404000,0,12940.720261975004,hold,0.00022043855628717246
2020-02-07,146.110001,153.949997,146.0,149.613998,149.613998,85317500,0,12940.542252975005,hold,-1.3755725832509391e-05
2020-02-10,160.0,163.998001,150.479996,154.255997,154.255997,123446000,1,12945.184251975004,buy,0.00035871750265581426
2020-02-11,153.757996,156.701996,151.600006,154.876007,154.876007,58487500,0,12946.270015978003,hold,8.387397057196821e-05
2020-02-12,155.574005,157.949997,152.673996,153.457993,153.457993,60112500,0,12943.433987978004,hold,-0.00021906139733685048
2020-02-13,148.367996,163.600006,147.0,160.800003,160.800003,131446500,0,12958.118007978004,hold,0.0011344763695353421
2020-02-14,157.444,162.593994,157.100006,160.005997,160.005997,78468500,0,12956.529995978004,hold,-0.00012254958621482626
2020-02-18,168.320007,172.0,166.472,171.679993,171.679993,81908500,1,12979.877987978003,buy,0.0018020250798049808
2020-02-19,184.699997,188.955994,180.203995,183.483994,183.483994,127115000,0,13015.118310985004,hold,0.0027149964768267143
2020-02-20,182.389999,182.399994,171.988007,179.882004,179.882004,88174500,0,13004.312340985003,hold,-0.000830262909779389
2020-02-21,181.395996,182.612,176.089996,180.199997,180.199997,71574000,0,13005.266319985003,hold,7.335866557078852e-05
2020-02-24,167.800003,172.699997,164.440002,166.757996,166.757996,75961000,0,12964.940316985005,hold,-0.0031007441145615156
2020-02-25,169.800003,171.320007,157.399994,159.981995,159.981995,86452500,-1,12944.612313985004,sell,-0.0015679210627270734
2020-02-26,156.5,162.662003,155.222,155.759995,155.759995,70427500,0,12944.132368000004,hold,-3.707689140153292e-05
2020-02-27,146.0,147.953995,133.800003,135.800003,135.800003,121386000,0,12944.132368000004,hold,0.0
2020-02-28,125.940002,138.104004,122.304001,133.598007,133.598007,121114500,0,12944.132368000004,hold,0.0
2020-03-02,142.251999,148.738007,137.334,148.723999,148.723999,100975000,0,12944.132368000004,hold,0.0
2020-03-03,161.0,161.395996,143.222,149.102005,149.102005,128920000,0,12944.132368000004,hold,0.0
2020-03-04,152.792007,153.304001,144.945999,149.899994,149.899994,75245000,0,12944.132368000004,hold,0.0
2020-03-05,144.753998,149.149994,143.613998,144.908005,144.908005,54263500,0,12944.132368000004,hold,0.0
2020-03-06,138.0,141.399994,136.854004,140.695999,140.695999,63314500,0,12944.132368000004,hold,0.0
2020-03-09,121.078003,132.600006,121.0,121.599998,121.599998,85368500,0,12944.132368000004,hold,0.0
2020-03-10,131.886002,133.600006,121.599998,129.065994,129.065994,77972000,1,12944.132368000004,buy,0.0
2020-03-11,128.039993,130.716003,122.599998,126.846001,126.846001,66612500,0,12939.434250012004,hold,-0.00036295348768333735
2020-03-12,116.178001,118.900002,109.25,112.110001,112.110001,94545500,0,12909.962250012004,hold,-0.00227768845457621
2020-03-13,119.0,121.514,100.400002,109.323997,109.323997,113201500,0,12904.390242012005,hold,-0.0004316052899375755
2020-03-16,93.900002,98.973999,88.433998,89.014,89.014,102447500,0,12863.770248012004,hold,-0.0031477654688213397
2020-03-17,88.001999,94.370003,79.199997,86.040001,86.040001,119973000,-1,12857.822250012005,sell,-0.00046238372462525934
2020-03-18,77.800003,80.972,70.101997,72.244003,72.244003,118931000,0,12857.650170010003,hold,-1.3383292960078563e-05
2020-03-19,74.940002,90.400002,71.692001,85.528,85.528,150977500,0,12857.650170010003,hold,0.0
2020-03-20,87.639999,95.400002,85.157997,85.505997,85.505997,141427500,0,12857.650170010003,hold,0.0
2020-03-23,86.720001,88.400002,82.099998,86.858002,86.858002,82272500,0,12857.650170010003,hold,0.0
2020-03-24,95.459999,102.737999,94.800003,101.0,101.0,114476000,1,12857.650170010003,buy,0.0
2020-03-25,109.050003,111.400002,102.222,107.849998,107.849998,106113500,0,12871.148166010003,hold,0.0010498027105672048
2020-03-26,109.477997,112.0,102.449997,105.632004,105.632004,86903500,0,12866.712178010004,hold,-0.00034464586552684917
2020-03-27,101.0,105.160004,98.806,102.872002,102.872002,71887000,0,12861.192174010004,hold,-0.00042901433743380846
2020-03-30,102.052002,103.330002,98.246002,100.426003,100.426003,59990500,0,12856.300176010003,hold,-0.0003803689373280683
2020-03-31,100.25,108.592003,99.400002,104.800003,104.800003,88857500,1,12865.048176010005,buy,0.0006804445976087425
2020-04-01,100.800003,102.790001,95.019997,96.311996,96.311996,66766000,0,12830.886548004004,hold,-0.0026553828278469416
2020-04-02,96.206001,98.851997,89.279999,90.893997,90.893997,99292000,0,12809.214552004005,hold,-0.0016890489927502417
2020-04-03,101.900002,103.098,93.678001,96.001999,96.001999,112810500,0,12829.646560004005,hold,0.001595102331766629
2020-04-06,102.239998,104.199997,99.592003,103.248001,103.248001,74509000,0,12858.630568004004,hold,0.0022591431388574446
2020-04-07,109.0,113.0,106.468002,109.089996,109.089996,89599000,1,12881.998548004005,buy,0.0018172992743215044
2020-04-08,110.839996,111.442001,106.666,109.767998,109.767998,63280000,0,12885.848380012005,hold,0.00029885362846870933
2020-04-09,112.417999,115.036003,111.421997,114.599998,114.599998,68250000,0,12914.840380012005,hold,0.0022499100676189876
2020-04-13,118.031998,130.399994,116.106003,130.190002,130.190002,112377000,0,13008.380404012005,hold,0.007242832373272723
2020-04-14,139.794006,148.376007,138.485992,141.977997,141.977997,152882500,0,13079.108374012005,hold,0.005437108064443308
2020-04-15,148.399994,150.626007,142.0,145.966003,145.966003,117885000,1,13103.036410012006,buy,0.0018294852612084078
2020-04-16,143.388,151.889999,141.343994,149.042007,149.042007,103289500,0,13124.422472009006,hold,0.0016321455064154389
2020-04-17,154.455994,154.990005,149.531998,150.778,150.778,65641000,0,13136.574423009006,hold,0.000925903675069728
2020-04-20,146.539993,153.113998,142.442001,149.272003,149.272003,73733000,0,13126.032444009006,hold,-0.0008024907148955762
2020-04-21,146.024002,150.666,134.757996,137.343994,137.343994,101045500,0,13042.536381009006,hold,-0.006361104420255281
2020-04-22,140.796005,146.800003,137.742004,146.421997,146.421997,70827500,1,13106.082402009006,buy,0.004872213436377892
2020-04-23,145.520004,146.800003,140.626007,141.126007,141.126007,66183500,0,13063.568060012007,hold,-0.003243863474449271
2020-04-24,142.162003,146.145996,139.636002,145.029999,145.029999,66060000,0,13094.799996012007,hold,0.0023907661258031343
2020-04-27,147.522003,159.897995,147.0,159.75,159.75,103407000,0,13212.560004012006,hold,0.008992883284652198
2020-04-28,159.128006,161.0,151.337997,153.824005,153.824005,76110000,0,13165.152044012006,hold,-0.003588097990518513
2020-04-29,158.033997,160.639999,156.632004,160.102005,160.102005,81080000,1,13215.376044012006,buy,0.003814919860560595
2020-04-30,171.037994,173.964005,152.699997,156.376007,156.376007,142359500,0,13181.681960007005,hold,-0.00254961220118044
2020-05-01,151.0,154.554001,136.608002,140.264008,140.264008,162659000,0,13036.673969007006,hold,-0.011000719895985278
2020-05-04,140.199997,152.399994,139.600006,152.238007,152.238007,96185500,0,13144.439960007005,hold,0.008266371565032404
2020-05-05,157.957993,159.783997,152.436005,153.641998,153.641998,84958500,0,13157.075879007005,hold,0.0009613128469867505
2020-05-06,155.300003,157.960007,152.222,156.516006,156.516006,55616000,1,13182.941951007006,buy,0.001965943818966087
2020-05-07,155.442001,159.279999,154.470001,156.007996,156.007996,57638500,0,13177.705335001006,hold,-0.00039722666044195165
2020-05-08,158.753998,164.800003,157.401993,163.884003,163.884003,80432500,0,13256.465405001005,hold,0.005976766667471711
2020-05-11,158.102005,164.800003,157.0,162.257996,162.257996,82598000,0,13240.205335001006,hold,-0.001226576580048544
2020-05-12,165.399994,168.658005,161.600006,161.882004,161.882004,79534500,0,13236.445415001006,hold,-0.0002839774689944452
2020-05-13,164.166,165.199997,152.660004,158.192001,158.192001,95327500,-1,13199.545385001005,sell,-0.0027877597680553423
2020-05-14,156.0,160.671997,152.800003,160.666,160.666,68411000,0,13197.963464991006,hold,-0.00011984655257879506
2020-05-15,158.070007,161.009995,157.309998,159.834,159.834,52592000,0,13197.963464991006,hold,0.0
2020-05-18,165.556,166.944,160.776001,162.725998,162.725998,58329000,0,13197.963464991006,hold,0.0
2020-05-19,163.033997,164.414001,161.216003,161.602005,161.602005,48182500,0,13197.963464991006,hold,0.0
2020-05-20,164.100006,165.199997,162.360001,163.112,163.112,36546500,0,13197.963464991006,hold,0.0
2020-05-21,163.199997,166.5,159.199997,165.520004,165.520004,61273000,0,13197.963464991006,hold,0.0
2020-05-22,164.434006,166.356003,162.399994,163.376007,163.376007,49937500,0,13197.963464991006,hold,0.0
2020-05-26,166.899994,166.919998,163.141998,163.774002,163.774002,40448500,0,13197.963464991006,hold,0.0
2020-05-27,164.171997,165.542007,157.0,164.046005,164.046005,57747500,0,13197.963464991006,hold,0.0
2020-05-28,162.701996,164.949997,160.337997,161.162003,161.162003,36278000,-1,13197.963464991006,hold,0.0
2020-05-29,161.75,167.0,160.841995,167.0,167.0,58822500,0,13197.963464991006,hold,0.0
2020-06-01,171.600006,179.800003,170.820007,179.619995,179.619995,74697500,0,13197.963464991006,hold,0.0
2020-06-02,178.940002,181.731995,174.199997,176.311996,176.311996,67828000,0,13197.963464991006,hold,0.0
2020-06-03,177.623993,179.587997,176.020004,176.591995,176.591995,39747500,0,13197.963464991006,hold,0.0
2020-06-04,177.975998,179.149994,171.688004,172.876007,172.876007,44438500,-1,13197.963464991006,hold,0.0
2020-06-05,175.567993,177.304001,173.240005,177.132004,177.132004,39059500,0,13197.963464991006,hold,0.0
2020-06-08,183.800003,190.0,181.832001,189.983994,189.983994,70873500,0,13197.963464991006,hold,0.0
2020-06-09,188.001999,190.888,184.785995,188.134003,188.134003,56941000,0,13197.963464991006,hold,0.0
2020-06-10,198.376007,205.496002,196.5,205.009995,205.009995,92817000,0,13197.963464991006,hold,0.0
2020-06-11,198.039993,203.792007,194.399994,194.567993,194.567993,79582500,-1,13197.963464991006,hold,0.0
2020-06-12,196.0,197.595993,182.520004,187.056,187.056,83817000,0,13197.963464991006,hold,0.0
2020-06-15,183.557999,199.768005,181.699997,198.179993,198.179993,78486000,0,13197.963464991006,hold,0.0
2020-06-16,202.369995,202.576004,192.477997,196.425995,196.425995,70255500,0,13197.963464991006,hold,0.0
2020-06-17,197.542007,201.0,196.514008,198.358002,198.358002,49454000,0,13197.963464991006,hold,0.0
2020-06-18,200.600006,203.839996,198.893997,200.792007,200.792007,48759500,1,13197.963464991006,buy,0.0
2020-06-19,202.556,203.194,198.268005,200.179993,200.179993,43398500,0,13197.150658984006,hold,-6.158571427750115e-05
2020-06-22,199.990005,201.776001,198.003998,198.863998,198.863998,31812000,0,13195.834663984007,hold,-9.971811597853097e-05
2020-06-23,199.776001,202.399994,198.802002,200.356003,200.356003,31826500,0,13197.326668984007,hold,0.00011306636055929964
2020-06-24,198.822006,200.175995,190.628006,192.169998,192.169998,54798000,0,13189.140663984006,hold,-0.0006202775156911589
2020-06-25,190.854004,197.195999,187.429993,197.195999,197.195999,46272500,1,13194.166664984006,buy,0.0003810711499745434
2020-06-26,198.955994,199.0,190.973999,191.947998,191.947998,44274500,0,13183.473466985006,hold,-0.0008104489105309476
2020-06-29,193.802002,202.0,189.703995,201.869995,201.869995,45132000,0,13203.317460985007,hold,0.0015052174261733775
2020-06-30,201.300003,217.537994,200.746002,215.962006,215.962006,84592500,0,13231.501482985006,hold,0.002134616703967085
2020-07-01,216.600006,227.065994,216.100006,223.925995,223.925995,66634500,0,13247.429460985006,hold,0.0012037921788756734
2020-07-02,244.296005,245.600006,237.119995,241.731995,241.731995,86250500,1,13283.041460985007,buy,0.002688219635732514
2020-07-06,255.337997,275.558014,253.207993,274.31601,274.31601,102849500,0,13380.551773990006,hold,0.007340962782613314
2020-07-07,281.002014,285.899994,267.34201,277.971985,277.971985,107448500,0,13391.519698990007,hold,0.0008196915332985277
2020-07-08,281.0,283.451996,262.268005,273.175995,273.175995,81556500,0,13377.131728990007,hold,-0.0010744090531475958
2020-07-09,279.39801,281.712006,270.256012,278.855988,278.855988,58588000,0,13394.171707990006,hold,0.0012738140989574376
2020-07-10,279.200012,309.783997,275.201996,308.929993,308.929993,116688000,1,13484.393722990008,hold,0.006735915961580519
2020-07-13,331.799988,358.997986,294.221985,299.411987,299.411987,194927000,0,13455.839704990007,hold,-0.0021175603877034987
2020-07-14,311.200012,318.0,286.200012,303.359985,303.359985,117090500,0,13467.683698990006,hold,0.0008802121799658114
2020-07-15,308.600006,310.0,291.399994,309.201996,309.201996,81839000,0,13485.209731990006,hold,0.0013013398140107046
2020-07-16,295.432007,306.34201,293.200012,300.127991,300.127991,71504000,0,13457.987716990006,hold,-0.002018657146682923
2020-07-17,302.690002,307.502014,298.0,300.167999,300.167999,46650000,0,13458.107740990006,hold,8.918420979719954e-06
2020-07-20,303.802002,330.0,297.600006,328.600006,328.600006,85607000,0,13543.403761990006,hold,0.006337891079606139
2020-07-21,327.985992,335.0,311.600006,313.671997,313.671997,80536000,0,13498.619734990007,hold,-0.0033067039709535617
2020-07-22,319.799988,325.283997,312.399994,318.466003,318.466003,70805500,0,13513.001752990007,hold,0.0010654435995940403
2020-07-23,335.790009,337.799988,296.153992,302.614014,302.614014,121642500,0,13465.445785990007,hold,-0.003519274833918895
2020-07-24,283.201996,293.0,273.308014,283.399994,283.399994,96983000,-1,13407.803725990007,sell,-0.004280739079576046
2020-07-27,287.0,309.588013,282.600006,307.920013,307.920013,80243500,0,13406.953526008007,hold,-6.341083143635018e-05
2020-07-28,300.799988,312.940002,294.884003,295.298004,295.298004,79043500,0,13406.953526008007,hold,0.0
2020-07-29,300.200012,306.962006,297.399994,299.821991,299.821991,47134500,0,13406.953526008007,hold,0.0
2020-07-30,297.600006,302.64801,294.200012,297.497986,297.497986,38105000,0,13406.953526008007,hold,0.0
2020-07-31,303.0,303.410004,284.196014,286.152008,286.152008,61041000,-1,13406.953526008007,hold,0.0
2020-08-03,289.839996,301.962006,288.876007,297.0,297.0,44046500,0,13406.953526008007,hold,0.0
2020-08-04,299.002014,305.481995,292.399994,297.399994,297.399994,42075000,0,13406.953526008007,hold,0.0
2020-08-05,298.597992,299.967987,293.661987,297.003998,297.003998,24739000,0,13406.953526008007,hold,0.0
2020-08-06,298.165985,303.462006,295.451996,297.915985,297.915985,29961500,0,13406.953526008007,hold,0.0
2020-08-07,299.90799,299.950012,283.002014,290.541992,290.541992,44482000,-1,13406.953526008007,hold,0.0
2020-08-10,289.600006,291.5,277.167999,283.713989,283.713989,37611500,0,13406.953526008007,hold,0.0
2020-08-11,279.200012,284.0,273.0,274.877991,274.877991,43129000,0,13406.953526008007,hold,0.0
2020-08-12,294.0,317.0,287.0,310.951996,310.951996,109147000,0,13406.953526008007,hold,0.0
2020-08-13,322.200012,330.235992,313.451996,324.200012,324.200012,102126500,0,13406.953526008007,hold,0.0
2020-08-14,332.997986,333.76001,325.328003,330.141998,330.141998,62888000,1,13406.953526008007,hold,0.0
2020-08-17,335.399994,369.171997,334.56601,367.127991,367.127991,101211500,0,13406.953526008007,hold,0.0
2020-08-18,379.798004,384.779999,369.022003,377.417999,377.417999,82372500,0,13406.953526008007,hold,0.0
2020-08-19,373.0,382.200012,368.242004,375.705994,375.705994,61026500,0,13406.953526008007,hold,0.0
2020-08-20,372.135986,404.39801,371.411987,400.365997,400.365997,103059000,0,13406.953526008007,hold,0.0
2020-08-21,408.951996,419.097992,405.01001,409.996002,409.996002,107448000,1,13406.953526008007,hold,0.0
2020-08-24,425.256012,425.799988,385.503998,402.839996,402.839996,100318000,0,13406.953526008007,hold,0.0
2020-08-25,394.977997,405.589996,393.600006,404.667999,404.667999,53294500,0,13406.953526008007,hold,0.0
2020-08-26,412.0,433.200012,410.726013,430.634003,430.634003,71197000,0,13406.953526008007,hold,0.0
2020-08-27,436.09201,459.119995,428.5,447.75,447.75,118465000,0,13406.953526008007,hold,0.0
2020-08-28,459.023987,463.697998,437.303986,442.679993,442.679993,100406000,-1,13406.953526008007,hold,0.0
2020-08-31,444.609985,500.140015,440.109985,498.320007,498.320007,118374400,0,13406.953526008007,hold,0.0
2020-09-01,502.140015,502.48999,470.51001,475.049988,475.049988,89841100,0,13406.953526008007,hold,0.0
2020-09-02,478.98999,479.040009,405.119995,447.369995,447.369995,96176100,0,13406.953526008007,hold,0.0
2020-09-03,407.230011,431.799988,402.0,407.0,407.0,87596100,0,13406.953526008007,hold,0.0
2020-09-04,402.809998,428.0,372.019989,418.320007,418.320007,110321900,1,13406.953526008007,hold,0.0
2020-09-08,356.0,368.73999,329.880005,330.209991,330.209991,115465700,0,13406.953526008007,hold,0.0
2020-09-09,356.600006,369.0,341.51001,366.279999,366.279999,79465800,0,13406.953526008007,hold,0.0
2020-09-10,386.209991,398.98999,360.559998,371.339996,371.339996,84930600,0,13406.953526008007,hold,0.0
2020-09-11,381.940002,382.5,360.5,372.720001,372.720001,60717500,0,13406.953526008007,hold,0.0
2020-09-14,380.950012,420.0,373.299988,419.619995,419.619995,83020600,1,13406.953526008007,hold,0.0
2020-09-15,436.559998,461.940002,430.700012,449.76001,449.76001,97298200,0,13406.953526008007,hold,0.0
2020-09-16,439.869995,457.790009,435.309998,441.76001,441.76001,72279300,0,13406.953526008007,hold,0.0
2020-09-17,415.600006,437.790009,408.0,423.429993,423.429993,76779200,0,13406.953526008007,hold,0.0
2020-09-18,447.940002,451.0,428.799988,442.149994,442.149994,86406800,0,13406.953526008007,hold,0.0
2020-09-21,453.130005,455.679993,407.070007,449.390015,449.390015,109476800,1,13406.953526008007,hold,0.0
2020-09-22,429.600006,437.76001,417.600006,424.230011,424.230011,79580800,0,13406.953526008007,hold,0.0
2020-09-23,405.160004,412.149994,375.880005,380.359985,380.359985,95074200,0,13406.953526008007,hold,0.0
2020-09-24,363.799988,399.5,351.299988,387.790009,387.790009,96561100,0,13406.953526008007,hold,0.0
2020-09-25,393.470001,408.730011,391.299988,407.339996,407.339996,67208500,0,13406.953526008007,hold,0.0
2020-09-28,424.619995,428.079987,415.549988,421.200012,421.200012,49719600,1,13406.953526008007,hold,0.0
2020-09-29,416.0,428.5,411.600006,419.070007,419.070007,50219300,0,13406.953526008007,hold,0.0
2020-09-30,421.320007,433.929993,420.470001,429.01001,429.01001,48145600,0,13406.953526008007,hold,0.0
2020-10-01,440.76001,448.880005,434.420013,448.160004,448.160004,50741500,0,13406.953526008007,hold,0.0
2020-10-02,421.390015,439.130005,415.0,415.089996,415.089996,71430000,0,13406.953526008007,hold,0.0
2020-10-05,423.350006,433.640015,419.329987,425.679993,425.679993,44722800,1,13406.953526008007,hold,0.0
2020-10-06,423.790009,428.779999,406.049988,413.980011,413.980011,49146300,0,13406.953526008007,hold,0.0
2020-10-07,419.869995,429.899994,413.850006,425.299988,425.299988,43127700,0,13406.953526008007,hold,0.0
2020-10-08,438.440002,439.0,425.299988,425.920013,425.920013,40421100,0,13406.953526008007,hold,0.0
2020-10-09,430.130005,434.589996,426.459991,434.0,434.0,28925700,0,13406.953526008007,hold,0.0
2020-10-12,442.0,448.73999,438.579987,442.299988,442.299988,38791100,1,13406.953526008007,hold,0.0
2020-10-13,443.350006,448.890015,436.600006,446.649994,446.649994,34463700,0,13406.953526008007,hold,0.0
2020-10-14,449.779999,465.899994,447.350006,461.299988,461.299988,47879700,0,13406.953526008007,hold,0.0
2020-10-15,450.309998,456.570007,442.5,448.880005,448.880005,35672400,0,13406.953526008007,hold,0.0
2020-10-16,454.440002,455.950012,438.850006,439.670013,439.670013,32775900,0,13406.953526008007,hold,0.0
2020-10-19,446.23999,447.0,428.869995,430.829987,430.829987,36287800,-1,13406.953526008007,hold,0.0
2020-10-20,431.75,431.75,419.049988,421.940002,421.940002,31656300,0,13406.953526008007,hold,0.0
2020-10-21,422.700012,432.950012,421.25,422.640015,422.640015,32370500,0,13406.953526008007,hold,0.0
2020-10-22,441.920013,445.230011,424.51001,425.790009,425.790009,39993200,0,13406.953526008007,hold,0.0
2020-10-23,421.839996,422.890015,407.380005,420.630005,420.630005,33717000,0,13406.953526008007,hold,0.0
2020-10-26,411.630005,425.76001,410.0,420.279999,420.279999,28239200,0,13406.953526008007,hold,0.0
2020-10-27,423.76001,430.5,420.100006,424.679993,424.679993,22686500,0,13406.953526008007,hold,0.0
2020-10-28,416.480011,418.600006,406.0,406.019989,406.019989,25451400,0,13406.953526008007,hold,0.0
2020-10-29,409.959991,418.059998,406.459991,410.829987,410.829987,22655300,0,13406.953526008007,hold,0.0
2020-10-30,406.899994,407.589996,379.109985,388.040009,388.040009,42511300,0,13406.953526008007,hold,0.0
2020-11-02,394.0,406.980011,392.299988,400.51001,400.51001,29021100,1,13406.953526008007,hold,0.0
2020-11-03,409.730011,427.769989,406.690002,423.899994,423.899994,34351700,0,13406.953526008007,hold,0.0
2020-11-04,430.619995,435.399994,417.100006,420.980011,420.980011,32143100,0,13406.953526008007,hold,0.0
2020-11-05,428.299988,440.0,424.0,438.089996,438.089996,28414500,0,13406.953526008007,hold,0.0
2020-11-06,436.100006,436.570007,424.279999,429.950012,429.950012,21706000,0,13406.953526008007,hold,0.0
2020-11-09,439.5,452.5,421.0,421.26001,421.26001,34833000,-1,13406.953526008007,hold,0.0
2020-11-10,420.089996,420.089996,396.029999,410.359985,410.359985,30284200,0,13406.953526008007,hold,0.0
2020-11-11,416.450012,418.700012,410.579987,417.130005,417.130005,17357700,0,13406.953526008007,hold,0.0
2020-11-12,415.049988,423.0,409.519989,411.76001,411.76001,19855100,0,13406.953526008007,hold,0.0
2020-11-13,410.850006,412.529999,401.660004,408.5,408.5,19771100,0,13406.953526008007,hold,0.0
2020-11-16,408.929993,412.450012,404.089996,408.089996,408.089996,26838600,0,13406.953526008007,hold,0.0
2020-11-17,460.170013,462.0,433.01001,441.609985,441.609985,61188300,0,13406.953526008007,hold,0.0
2020-11-18,448.350006,496.0,443.5,486.640015,486.640015,78044000,0,13406.953526008007,hold,0.0
2020-11-19,492.0,508.609985,487.570007,499.269989,499.269989,62475300,0,13406.953526008007,hold,0.0
2020-11-20,497.98999,502.5,489.059998,489.609985,489.609985,32911900,0,13406.953526008007,hold,0.0
2020-11-23,503.5,526.0,501.790009,521.849976,521.849976,50260300,1,13406.953526008007,hold,0.0
2020-11-24,540.400024,559.98999,526.200012,555.380005,555.380005,53648500,0,13406.953526008007,hold,0.0
2020-11-25,550.059998,574.0,545.369995,574.0,574.0,48930200,0,13406.953526008007,hold,0.0
2020-11-27,581.159973,598.780029,578.450012,585.76001,585.76001,37561100,0,13406.953526008007,hold,0.0
2020-11-30,602.210022,607.799988,554.51001,567.599976,567.599976,63003100,0,13406.953526008007,hold,0.0
2020-12-01,597.590027,597.849976,572.049988,584.76001,584.76001,40103500,1,13406.953526008007,hold,0.0
2020-12-02,556.440002,571.539978,541.210022,568.820007,568.820007,47775700,0,13406.953526008007,hold,0.0
2020-12-03,590.02002,598.969971,582.429993,593.380005,593.380005,42552000,0,13406.953526008007,hold,0.0
2020-12-04,591.01001,599.039978,585.5,599.039978,599.039978,29401300,0,13406.953526008007,hold,0.0
2020-12-07,604.919983,648.789978,603.049988,641.76001,641.76001,56309700,0,13406.953526008007,hold,0.0
2020-12-08,625.51001,651.280029,618.5,649.880005,649.880005,64265000,1,13406.953526008007,hold,0.0
2020-12-09,653.690002,654.320007,588.0,604.47998,604.47998,71291200,0,13406.953526008007,hold,0.0
2020-12-10,574.369995,627.75,566.340027,627.070007,627.070007,67083200,0,13406.953526008007,hold,0.0
2020-12-11,615.01001,624.0,596.799988,609.98999,609.98999,46475000,0,13406.953526008007,hold,0.0
2020-12-14,619.0,642.75,610.200012,639.830017,639.830017,52040600,0,13406.953526008007,hold,0.0
2020-12-15,643.280029,646.900024,623.799988,633.25,633.25,45071500,-1,13406.953526008007,hold,0.0
2020-12-16,628.22998,632.5,605.0,622.77002,622.77002,42095800,0,13406.953526008007,hold,0.0
2020-12-17,628.190002,658.820007,619.5,655.900024,655.900024,56270100,0,13406.953526008007,hold,0.0
2020-12-18,668.900024,695.0,628.539978,695.0,695.0,222126200,0,13406.953526008007,hold,0.0
2020-12-21,666.23999,668.5,646.070007,649.859985,649.859985,58045300,0,13406.953526008007,hold,0.0
2020-12-22,648.0,649.880005,614.22998,640.340027,640.340027,51716000,-1,13406.953526008007,hold,0.0
2020-12-23,632.200012,651.5,622.570007,645.97998,645.97998,33173000,0,13406.953526008007,hold,0.0
2020-12-24,642.98999,666.090027,641.0,661.77002,661.77002,22865600,0,13406.953526008007,hold,0.0
2020-12-28,674.51001,681.400024,660.799988,663.690002,663.690002,32278600,0,13406.953526008007,hold,0.0
2020-12-29,661.0,669.900024,655.0,665.98999,665.98999,22910800,0,13406.953526008007,hold,0.0
2020-12-30,672.0,696.599976,668.359985,694.780029,694.780029,42846000,1,13406.953526008007,hold,0.0
2020-12-31,699.98999,718.719971,691.119995,705.669983,705.669983,49649900,0,13406.953526008007,hold,0.0
2021-01-04,719.460022,744.48999,717.190002,729.77002,729.77002,48638200,0,13406.953526008007,hold,0.0
2021-01-05,723.659973,740.840027,719.200012,735.109985,735.109985,32245200,0,13406.953526008007,hold,0.0
2021-01-06,758.48999,774.0,749.099976,755.97998,755.97998,44700000,0,13406.953526008007,hold,0.0
2021-01-07,777.630005,816.98999,775.200012,816.039978,816.039978,51498900,1,13406.953526008007,hold,0.0
2021-01-08,856.0,884.48999,838.390015,880.02002,880.02002,75055500,0,13406.953526008007,hold,0.0
2021-01-11,849.400024,854.429993,803.619995,811.190002,811.190002,59301600,0,13406.953526008007,hold,0.0
2021-01-12,831.0,868.0,827.340027,849.440002,849.440002,46270700,0,13406.953526008007,hold,0.0
2021-01-13,852.76001,860.469971,832.0,854.409973,854.409973,33312500,0,13406.953526008007,hold,0.0
2021-01-14,843.390015,863.0,838.75,845.0,845.0,31266300,-1,13406.953526008007,hold,0.0
2021-01-15,852.0,859.900024,819.099976,826.159973,826.159973,38777600,0,13406.953526008007,hold,0.0
2021-01-19,837.799988,850.0,833.0,844.549988,844.549988,25367000,0,13406.953526008007,hold,0.0
2021-01-20,858.73999,859.5,837.280029,850.450012,850.450012,25665900,0,13406.953526008007,hold,0.0
2021-01-21,855.0,855.719971,841.419983,844.98999,844.98999,20521100,0,13406.953526008007,hold,0.0
2021-01-22,834.309998,848.0,828.619995,846.640015,846.640015,20066500,0,13406.953526008007,hold,0.0
2021-01-25,855.0,900.400024,838.820007,880.799988,880.799988,41173400,0,13406.953526008007,hold,0.0
2021-01-26,891.380005,895.900024,871.599976,883.090027,883.090027,23131600,0,13406.953526008007,hold,0.0
2021-01-27,870.349976,891.5,858.659973,864.159973,864.159973,27334000,0,13406.953526008007,hold,0.0
2021-01-28,820.0,848.0,801.0,835.429993,835.429993,26378000,0,13406.953526008007,hold,0.0
2021-01-29,830.0,842.409973,780.099976,793.530029,793.530029,34990800,-1,13406.953526008007,hold,0.0
2021-02-01,814.289978,842.0,795.559998,839.809998,839.809998,25391400,0,13406.953526008007,hold,0.0
2021-02-02,844.679993,880.5,842.200012,872.789978,872.789978,24346200,0,13406.953526008007,hold,0.0
2021-02-03,877.02002,878.080017,853.059998,854.690002,854.690002,18343500,0,13406.953526008007,hold,0.0
2021-02-04,855.0,856.5,833.419983,849.98999,849.98999,15812700,0,13406.953526008007,hold,0.0
2021-02-05,845.0,864.77002,838.969971,852.22998,852.22998,18566600,0,13406.953526008007,hold,0.0
2021-02-08,869.669983,877.77002,854.75,863.419983,863.419983,20161700,0,13406.953526008007,hold,0.0
2021-02-09,855.119995,859.799988,841.75,849.460022,849.460022,15157700,0,13406.953526008007,hold,0.0
2021-02-10,843.640015,844.820007,800.02002,804.820007,804.820007,36216100,0,13406.953526008007,hold,0.0
2021-02-11,812.440002,829.880005,801.72998,811.659973,811.659973,21622800,0,13406.953526008007,hold,0.0
2021-02-12,801.26001,817.330017,785.330017,816.119995,816.119995,23768300,0,13406.953526008007,hold,0.0
2021-02-16,818.0,821.0,792.440002,796.219971,796.219971,19802300,0,13406.953526008007,hold,0.0
2021-02-17,779.090027,799.840027,762.01001,798.150024,798.150024,25996500,0,13406.953526008007,hold,0.0
2021-02-18,780.900024,794.690002,776.27002,787.380005,787.380005,17957100,0,13406.953526008007,hold,0.0
2021-02-19,795.0,796.789978,777.369995,781.299988,781.299988,18958300,0,13406.953526008007,hold,0.0
2021-02-22,762.640015,768.5,710.200012,714.5,714.5,37269700,-1,13406.953526008007,hold,0.0
2021-02-23,662.130005,713.609985,619.0,698.840027,698.840027,66606900,0,13406.953526008007,hold,0.0
2021-02-24,711.849976,745.0,694.169983,742.02002,742.02002,36767000,0,13406.953526008007,hold,0.0
2021-02-25,726.150024,737.210022,670.580017,682.219971,682.219971,39023900,0,13406.953526008007,hold,0.0
2021-02-26,700.0,706.700012,659.51001,675.5,675.5,41089200,0,13406.953526008007,hold,0.0
2021-03-01,690.109985,719.0,685.049988,718.429993,718.429993,27136200,1,13406.953526008007,hold,0.0
2021-03-02,718.280029,721.109985,685.0,686.440002,686.440002,23732200,0,13406.953526008007,hold,0.0
2021-03-03,687.98999,700.700012,651.710022,653.200012,653.200012,30208000,0,13406.953526008007,hold,0.0
2021-03-04,655.799988,668.450012,600.0,621.440002,621.440002,65919500,0,13406.953526008007,hold,0.0
2021-03-05,626.059998,627.840027,539.48999,597.950012,597.950012,89396500,0,13406.953526008007,hold,0.0
2021-03-08,600.549988,620.130005,558.789978,563.0,563.0,51787000,-1,13406.953526008007,hold,0.0
2021-03-09,608.179993,678.090027,595.210022,673.580017,673.580017,67523300,0,13406.953526008007,hold,0.0
2021-03-10,700.299988,717.849976,655.059998,668.059998,668.059998,60605700,0,13406.953526008007,hold,0.0
2021-03-11,699.400024,702.5,677.179993,699.599976,699.599976,36253900,0,13406.953526008007,hold,0.0
2021-03-12,670.0,694.880005,666.140015,693.72998,693.72998,33583800,0,13406.953526008007,hold,0.0
2021-03-15,694.090027,713.179993,684.039978,707.940002,707.940002,29335600,1,13406.953526008007,hold,0.0
2021-03-16,703.349976,707.919983,671.0,676.880005,676.880005,32195700,0,13406.953526008007,hold,0.0
2021-03-17,656.869995,703.72998,651.01001,701.809998,701.809998,40372500,0,13406.953526008007,hold,0.0
2021-03-18,684.289978,689.22998,652.0,653.159973,653.159973,33224800,0,13406.953526008007,hold,0.0
2021-03-19,646.599976,657.22998,624.619995,654.869995,654.869995,42894000,0,13406.953526008007,hold,0.0
2021-03-22,684.590027,699.619995,668.75,670.0,670.0,39512200,1,13406.953526008007,hold,0.0
2021-03-23,675.77002,677.799988,657.51001,662.159973,662.159973,30491900,0,13406.953526008007,hold,0.0
2021-03-24,667.909973,668.02002,630.109985,630.27002,630.27002,33795200,0,13406.953526008007,hold,0.0
2021-03-25,613.0,645.5,609.5,640.390015,640.390015,39224900,0,13406.953526008007,hold,0.0
2021-03-26,641.869995,643.820007,599.890015,618.710022,618.710022,33852800,0,13406.953526008007,hold,0.0
2021-03-29,615.640015,616.47998,596.02002,611.289978,611.289978,28637000,-1,13406.953526008007,hold,0.0
2021-03-30,601.75,637.659973,591.01001,635.619995,635.619995,39432400,0,13406.953526008007,hold,0.0
2021-03-31,646.619995,672.0,641.109985,667.929993,667.929993,33337300,0,13406.953526008007,hold,0.0
2021-04-01,688.369995,692.419983,659.419983,661.75,661.75,35298400,0,13406.953526008007,hold,0.0
2021-04-05,707.710022,708.159973,684.700012,691.049988,691.049988,41842800,0,13406.953526008007,hold,0.0
2021-04-06,690.299988,696.549988,681.369995,691.619995,691.619995,28271800,0,13406.953526008007,hold,0.0
2021-04-07,687.0,691.380005,667.840027,670.969971,670.969971,26309400,0,13406.953526008007,hold,0.0
2021-04-08,677.380005,689.549988,671.650024,683.799988,683.799988,23924300,0,13406.953526008007,hold,0.0
2021-04-09,677.77002,680.969971,669.429993,677.02002,677.02002,21437100,0,13406.953526008007,hold,0.0
2021-04-12,685.700012,704.799988,682.090027,701.97998,701.97998,29135700,0,13406.953526008007,hold,0.0
2021-04-13,712.700012,763.0,710.659973,762.320007,762.320007,44652800,1,13406.953526008007,hold,0.0
2021-04-14,770.700012,780.789978,728.030029,732.22998,732.22998,49017400,0,13406.953526008007,hold,0.0
2021-04-15,743.099976,743.690002,721.309998,738.849976,738.849976,27848900,0,13406.953526008007,hold,0.0
2021-04-16,728.650024,749.409973,724.599976,739.780029,739.780029,27979500,0,13406.953526008007,hold,0.0
2021-04-19,719.599976,725.400024,691.799988,714.630005,714.630005,39686200,0,13406.953526008007,hold,0.0
2021-04-20,717.419983,737.25,710.690002,718.98999,718.98999,35609000,0,13406.953526008007,hold,0.0
2021-04-21,704.77002,744.840027,698.0,744.119995,744.119995,31215500,0,13406.953526008007,hold,0.0
2021-04-22,741.5,753.77002,718.039978,719.690002,719.690002,35590300,0,13406.953526008007,hold,0.0
2021-04-23,719.799988,737.359985,715.460022,729.400024,729.400024,28370000,0,13406.953526008007,hold,0.0
2021-04-26,741.0,749.299988,732.609985,738.200012,738.200012,31038500,0,13406.953526008007,hold,0.0
2021-04-27,717.960022,724.0,703.349976,704.73999,704.73999,29437000,-1,13406.953526008007,hold,0.0
2021-04-28,696.409973,708.5,693.599976,694.400024,694.400024,22271000,0,13406.953526008007,hold,0.0
2021-04-29,699.51001,702.25,668.5,677.0,677.0,28845400,0,13406.953526008007,hold,0.0
2021-04-30,667.590027,715.469971,666.140015,709.440002,709.440002,40758700,0,13406.953526008007,hold,0.0
2021-05-03,703.799988,706.0,680.5,684.900024,684.900024,27043100,0,13406.953526008007,hold,0.0
2021-05-04,678.940002,683.450012,657.700012,673.599976,673.599976,29739300,-1,13406.953526008007,hold,0.0
2021-05-05,681.059998,685.299988,667.340027,670.940002,670.940002,21901900,0,13406.953526008007,hold,0.0
2021-05-06,680.76001,681.02002,650.0,663.539978,663.539978,27784600,0,13406.953526008007,hold,0.0
2021-05-07,665.799988,690.0,660.219971,672.369995,672.369995,23469200,0,13406.953526008007,hold,0.0
2021-05-10,664.900024,665.049988,627.609985,629.039978,629.039978,31392400,0,13406.953526008007,hold,0.0
2021-05-11,599.23999,627.099976,595.599976,617.200012,617.200012,46503900,-1,13406.953526008007,hold,0.0
2021-05-12,602.48999,620.409973,586.77002,589.890015,589.890015,33823600,0,13406.953526008007,hold,0.0
2021-05-13,601.539978,606.460022,559.650024,571.690002,571.690002,44184900,0,13406.953526008007,hold,0.0
2021-05-14,583.409973,592.869995,570.460022,589.73999,589.73999,33370900,0,13406.953526008007,hold,0.0
2021-05-17,575.549988,589.72998,561.200012,576.830017,576.830017,32390400,0,13406.953526008007,hold,0.0
2021-05-18,568.0,596.25,563.380005,577.869995,577.869995,36830600,0,13406.953526008007,hold,0.0
2021-05-19,552.549988,566.210022,546.97998,563.460022,563.460022,39578400,0,13406.953526008007,hold,0.0
2021-05-20,575.0,588.849976,571.070007,586.780029,586.780029,30821100,0,13406.953526008007,hold,0.0
2021-05-21,596.109985,596.679993,580.0,580.880005,580.880005,26030600,0,13406.953526008007,hold,0.0
2021-05-24,581.599976,614.47998,573.650024,606.440002,606.440002,34558100,0,13406.953526008007,hold,0.0
2021-05-25,607.309998,613.98999,595.710022,604.690002,604.690002,28005900,0,13406.953526008007,hold,0.0
2021-05-26,607.559998,626.169983,601.5,619.130005,619.130005,28639300,0,13406.953526008007,hold,0.0
2021-05-27,620.23999,631.130005,616.210022,630.849976,630.849976,26370600,0,13406.953526008007,hold,0.0
2021-05-28,628.5,635.590027,622.380005,625.219971,625.219971,22737000,0,13406.953526008007,hold,0.0
2021-06-01,627.799988,633.799988,620.549988,623.900024,623.900024,18084900,0,13406.953526008007,hold,0.0
2021-06-02,620.130005,623.359985,599.140015,605.119995,605.119995,23302800,-1,13406.953526008007,hold,0.0
2021-06-03,601.799988,604.549988,571.219971,572.840027,572.840027,30111900,0,13406.953526008007,hold,0.0
2021-06-04,579.710022,600.609985,577.200012,599.049988,599.049988,24036900,0,13406.953526008007,hold,0.0
2021-06-07,591.830017,610.0,582.880005,605.130005,605.130005,22543700,0,13406.953526008007,hold,0.0
2021-06-08,623.01001,623.090027,595.5,603.590027,603.590027,26053400,0,13406.953526008007,hold,0.0
2021-06-09,602.169983,611.789978,597.630005,598.780029,598.780029,16584600,0,13406.953526008007,hold,0.0
2021-06-10,603.880005,616.590027,600.5,610.119995,610.119995,23919600,0,13406.953526008007,hold,0.0
2021-06-11,610.22998,612.559998,601.52002,609.890015,609.890015,16205300,0,13406.953526008007,hold,0.0
2021-06-14,612.22998,625.48999,609.179993,617.690002,617.690002,20424000,0,13406.953526008007,hold,0.0
2021-06-15,616.690002,616.789978,598.22998,599.359985,599.359985,17764100,0,13406.953526008007,hold,0.0
2021-06-16,597.539978,608.5,593.5,604.869995,604.869995,22144100,0,13406.953526008007,hold,0.0
2021-06-17,601.890015,621.469971,601.340027,616.599976,616.599976,22701400,0,13406.953526008007,hold,0.0
2021-06-18,613.369995,628.349976,611.799988,623.309998,623.309998,24560900,0,13406.953526008007,hold,0.0
2021-06-21,624.47998,631.390015,608.880005,620.830017,620.830017,24812700,0,13406.953526008007,hold,0.0
2021-06-22,618.25,628.570007,615.5,623.710022,623.710022,19158900,0,13406.953526008007,hold,0.0
2021-06-23,632.0,657.200012,630.039978,656.570007,656.570007,31099200,1,13406.953526008007,hold,0.0
2021-06-24,674.98999,697.619995,667.609985,679.820007,679.820007,45982400,0,13406.953526008007,hold,0.0
2021-06-25,689.580017,693.809998,668.700012,671.869995,671.869995,32496700,0,13406.953526008007,hold,0.0
2021-06-28,671.640015,694.700012,670.320007,688.719971,688.719971,21628200,0,13406.953526008007,hold,0.0
2021-06-29,684.650024,687.51001,675.890015,680.76001,680.76001,17381300,0,13406.953526008007,hold,0.0
2021-06-30,679.77002,692.809998,678.140015,679.700012,679.700012,18924900,0,13406.953526008007,hold,0.0
2021-07-01,683.919983,687.98999,672.799988,677.919983,677.919983,18634500,0,13406.953526008007,hold,0.0
2021-07-02,678.97998,700.0,673.26001,678.900024,678.900024,27054500,0,13406.953526008007,hold,0.0
2021-07-06,681.710022,684.0,651.400024,659.580017,659.580017,23284500,0,13406.953526008007,hold,0.0
2021-07-07,664.27002,665.700012,638.320007,644.650024,644.650024,18792000,0,13406.953526008007,hold,0.0
2021-07-08,628.369995,654.429993,620.460022,652.809998,652.809998,22773300,1,13406.953526008007,hold,0.0
2021-07-09,653.179993,658.909973,644.690002,656.950012,656.950012,18140500,0,13406.953526008007,hold,0.0
2021-07-12,662.200012,687.23999,662.159973,685.700012,685.700012,25927000,0,13406.953526008007,hold,0.0
2021-07-13,686.320007,693.280029,666.299988,668.539978,668.539978,20966100,0,13406.953526008007,hold,0.0
2021-07-14,670.75,678.609985,652.840027,653.380005,653.380005,21641200,0,13406.953526008007,hold,0.0
2021-07-15,658.390015,666.140015,637.880005,650.599976,650.599976,20209600,0,13406.953526008007,hold,0.0
2021-07-16,654.679993,656.700012,642.200012,644.219971,644.219971,16371000,0,13406.953526008007,hold,0.0
2021-07-19,629.890015,647.200012,621.289978,646.219971,646.219971,21297100,0,13406.953526008007,hold,0.0
2021-07-20,651.98999,662.390015,640.5,660.5,660.5,15487100,0,13406.953526008007,hold,0.0
2021-07-21,659.609985,664.859985,650.289978,655.289978,655.289978,13953300,0,13406.953526008007,hold,0.0
2021-07-22,656.440002,662.169983,644.599976,649.26001,649.26001,15105700,0,13406.953526008007,hold,0.0
2021-07-23,646.359985,648.799988,637.299988,643.380005,643.380005,14604900,0,13406.953526008007,hold,0.0
2021-07-26,650.969971,668.200012,647.109985,657.619995,657.619995,25336600,0,13406.953526008007,hold,0.0
2021-07-27,663.400024,666.5,627.23999,644.780029,644.780029,32813300,0,13406.953526008007,hold,0.0
2021-07-28,647.0,654.969971,639.400024,646.97998,646.97998,16006600,0,13406.953526008007,hold,0.0
2021-07-29,649.789978,683.690002,648.799988,677.349976,677.349976,30394600,1,13406.953526008007,hold,0.0
2021-07-30,671.76001,697.530029,669.0,687.200012,687.200012,29656400,0,13406.953526008007,hold,0.0
2021-08-02,700.0,726.940002,698.400024,709.669983,709.669983,33615800,0,13406.953526008007,hold,0.0
2021-08-03,719.0,722.650024,701.01001,709.73999,709.73999,21620300,0,13406.953526008007,hold,0.0
2021-08-04,711.0,724.900024,708.929993,710.919983,710.919983,17002600,0,13406.953526008007,hold,0.0
2021-08-05,716.0,720.950012,711.409973,714.630005,714.630005,12919600,0,13406.953526008007,hold,0.0
2021-08-06,711.900024,716.330017,697.630005,699.099976,699.099976,15623000,0,13406.953526008007,hold,0.0
2021-08-09,710.169983,719.030029,705.130005,713.76001,713.76001,14715300,0,13406.953526008007,hold,0.0
2021-08-10,713.98999,716.590027,701.880005,709.98999,709.98999,13432300,0,13406.953526008007,hold,0.0
2021-08-11,712.710022,715.179993,704.210022,707.820007,707.820007,9800600,0,13406.953526008007,hold,0.0
2021-08-12,706.340027,722.799988,699.400024,722.25,722.25,17459100,1,13406.953526008007,hold,0.0
2021-08-13,723.710022,729.900024,714.340027,717.169983,717.169983,16731500,0,13406.953526008007,hold,0.0
2021-08-16,705.070007,709.5,676.400024,686.169983,686.169983,22677400,0,13406.953526008007,hold,0.0
2021-08-17,672.659973,674.580017,648.840027,665.710022,665.710022,23721300,0,13406.953526008007,hold,0.0
2021-08-18,669.75,695.77002,669.349976,688.98999,688.98999,20349400,0,13406.953526008007,hold,0.0
2021-08-19,678.210022,686.549988,667.590027,673.469971,673.469971,14313500,-1,13406.953526008007,hold,0.0
2021-08-20,682.849976,692.130005,673.700012,680.26001,680.26001,14841900,0,13406.953526008007,hold,0.0
2021-08-23,685.440002,712.130005,680.75,706.299988,706.299988,20264900,0,13406.953526008007,hold,0.0
2021-08-24,710.679993,715.219971,702.640015,708.48999,708.48999,13083100,0,13406.953526008007,hold,0.0
2021-08-25,707.030029,716.969971,704.0,711.200012,711.200012,12645600,0,13406.953526008007,hold,0.0
2021-08-26,708.309998,715.400024,697.619995,701.159973,701.159973,13214300,-1,13406.953526008007,hold,0.0
2021-08-27,705.0,715.0,702.099976,711.919983,711.919983,13833800,0,13406.953526008007,hold,0.0
2021-08-30,714.719971,731.0,712.72998,730.909973,730.909973,18604200,0,13406.953526008007,hold,0.0
2021-08-31,733.0,740.390015,726.440002,735.719971,735.719971,20855400,0,13406.953526008007,hold,0.0
2021-09-01,734.080017,741.98999,731.27002,734.090027,734.090027,13204300,0,13406.953526008007,hold,0.0
2021-09-02,734.5,740.969971,730.539978,732.390015,732.390015,12777300,0,13406.953526008007,hold,0.0
2021-09-03,732.25,734.0,724.200012,733.570007,733.570007,15246100,0,13406.953526008007,hold,0.0
2021-09-07,740.0,760.200012,739.26001,752.919983,752.919983,20039800,0,13406.953526008007,hold,0.0
2021-09-08,761.580017,764.450012,740.77002,753.869995,753.869995,18793000,0,13406.953526008007,hold,0.0
2021-09-09,753.409973,762.099976,751.630005,754.859985,754.859985,14077700,0,13406.953526008007,hold,0.0
2021-09-10,759.599976,762.609985,734.52002,736.27002,736.27002,15184200,-1,13406.953526008007,hold,0.0
2021-09-13,740.210022,744.780029,708.849976,743.0,743.0,22952500,0,13406.953526008007,hold,0.0
2021-09-14,742.570007,754.469971,736.400024,744.48999,744.48999,18524900,0,13406.953526008007,hold,0.0
2021-09-15,745.0,756.859985,738.359985,755.830017,755.830017,15357700,0,13406.953526008007,hold,0.0
2021-09-16,752.830017,758.909973,747.609985,756.98999,756.98999,13923400,0,13406.953526008007,hold,0.0
2021-09-17,757.150024,761.039978,750.0,759.48999,759.48999,28204200,0,13406.953526008007,hold,0.0
2021-09-20,734.559998,742.0,718.619995,730.169983,730.169983,24757700,0,13406.953526008007,hold,0.0
2021-09-21,734.789978,744.73999,730.440002,739.380005,739.380005,16330700,0,13406.953526008007,hold,0.0
2021-09-22,743.530029,753.669983,739.119995,751.940002,751.940002,15126300,0,13406.953526008007,hold,0.0
2021-09-23,755.0,758.200012,747.919983,753.640015,753.640015,11947500,0,13406.953526008007,hold,0.0
2021-09-24,745.890015,774.799988,744.559998,774.390015,774.390015,21373000,1,13406.953526008007,hold,0.0
2021-09-27,773.119995,799.0,769.309998,791.359985,791.359985,28070700,0,13406.953526008007,hold,0.0
2021-09-28,787.200012,795.640015,766.179993,777.559998,777.559998,25381400,0,13406.953526008007,hold,0.0
2021-09-29,779.799988,793.5,770.679993,781.309998,781.309998,20942900,0,13406.953526008007,hold,0.0
2021-09-30,781.0,789.130005,775.0,775.47998,775.47998,17956000,0,13406.953526008007,hold,0.0
2021-10-01,778.400024,780.780029,763.590027,775.219971,775.219971,17031400,0,13406.953526008007,hold,0.0
2021-10-04,796.5,806.969971,776.119995,781.530029,781.530029,30483300,0,13406.953526008007,hold,0.0
2021-10-05,784.799988,797.309998,774.200012,780.590027,780.590027,18432600,0,13406.953526008007,hold,0.0
2021-10-06,776.200012,786.659973,773.219971,782.75,782.75,14632800,0,13406.953526008007,hold,0.0
2021-10-07,785.460022,805.0,783.380005,793.609985,793.609985,19195800,0,13406.953526008007,hold,0.0
2021-10-08,796.210022,796.380005,780.909973,785.48999,785.48999,16738600,-1,13406.953526008007,hold,0.0
2021-10-11,787.650024,801.23999,785.5,791.940002,791.940002,14200300,0,13406.953526008007,hold,0.0
2021-10-12,800.929993,812.320007,796.570007,805.719971,805.719971,22020000,0,13406.953526008007,hold,0.0
2021-10-13,810.469971,815.409973,805.780029,811.080017,811.080017,14120100,0,13406.953526008007,hold,0.0
2021-10-14,815.48999,820.25,813.349976,818.320007,818.320007,12247200,0,13406.953526008007,hold,0.0
2021-10-15,823.73999,843.210022,822.349976,843.030029,843.030029,18924600,1,13406.953526008007,hold,0.0
2021-10-18,851.789978,875.26001,851.469971,870.109985,870.109985,24207200,0,13406.953526008007,hold,0.0
2021-10-19,877.530029,877.950012,862.51001,864.27002,864.27002,17381100,0,13406.953526008007,hold,0.0
2021-10-20,865.349976,869.48999,857.380005,865.799988,865.799988,14032100,0,13406.953526008007,hold,0.0
2021-10-21,856.0,900.0,855.5,894.0,894.0,31481500,0,13406.953526008007,hold,0.0
2021-10-22,895.5,910.0,890.960022,909.679993,909.679993,22880800,1,13406.953526008007,hold,0.0
2021-10-25,950.530029,1045.02002,944.200012,1024.859985,1024.859985,62852100,0,13406.953526008007,hold,0.0
2021-10-26,1024.689941,1094.939941,1001.440002,1018.429993,1018.429993,62415000,0,13406.953526008007,hold,0.0
2021-10-27,1039.660034,1070.880005,1030.780029,1037.859985,1037.859985,38526500,0,13406.953526008007,hold,0.0
2021-10-28,1068.310059,1081.0,1054.199951,1077.040039,1077.040039,27213200,0,13406.953526008007,hold,0.0
2021-10-29,1081.859985,1115.209961,1073.209961,1114.0,1114.0,29918400,1,13406.953526008007,hold,0.0
2021-11-01,1145.0,1209.75,1118.660034,1208.589966,1208.589966,56048700,0,13406.953526008007,hold,0.0
2021-11-02,1159.359985,1208.589966,1146.0,1172.0,1172.0,42737800,0,13406.953526008007,hold,0.0
2021-11-03,1177.329956,1215.390015,1152.619995,1213.859985,1213.859985,34628500,0,13406.953526008007,hold,0.0
2021-11-04,1234.410034,1243.48999,1217.0,1229.910034,1229.910034,25397400,0,13406.953526008007,hold,0.0
2021-11-05,1228.0,1239.869995,1208.0,1222.089966,1222.089966,21628800,0,13406.953526008007,hold,0.0
2021-11-08,1149.790039,1197.0,1133.0,1162.939941,1162.939941,33445700,0,13406.953526008007,hold,0.0
2021-11-09,1173.599976,1174.5,1011.52002,1023.5,1023.5,59105800,0,13406.953526008007,hold,0.0
2021-11-10,1010.409973,1078.099976,987.309998,1067.949951,1067.949951,42802700,0,13406.953526008007,hold,0.0
2021-11-11,1102.77002,1104.969971,1054.680054,1063.51001,1063.51001,22396600,0,13406.953526008007,hold,0.0
2021-11-12,1047.5,1054.5,1019.200012,1033.420044,1033.420044,25573100,-1,13406.953526008007,hold,0.0
2021-11-15,1017.630005,1031.97998,978.599976,1013.390015,1013.390015,34775600,0,13406.953526008007,hold,0.0
2021-11-16,1003.309998,1057.199951,1002.179993,1054.72998,1054.72998,26542400,0,13406.953526008007,hold,0.0
2021-11-17,1063.51001,1119.640015,1055.5,1089.01001,1089.01001,31445400,0,13406.953526008007,hold,0.0
2021-11-18,1106.550049,1112.0,1075.02002,1096.380005,1096.380005,20898900,0,13406.953526008007,hold,0.0
2021-11-19,1098.869995,1138.719971,1092.699951,1137.060059,1137.060059,21642300,1,13406.953526008007,hold,0.0
2021-11-22,1162.329956,1201.949951,1132.430054,1156.869995,1156.869995,33072500,0,13406.953526008007,hold,0.0
2021-11-23,1167.51001,1180.5,1062.699951,1109.030029,1109.030029,36171700,0,13406.953526008007,hold,0.0
2021-11-24,1080.390015,1132.77002,1062.0,1116.0,1116.0,22560200,0,13406.953526008007,hold,0.0
2021-11-26,1099.469971,1108.780029,1081.0,1081.920044,1081.920044,11680900,0,13406.953526008007,hold,0.0
2021-11-29,1100.98999,1142.670044,1100.189941,1136.98999,1136.98999,19464500,1,13406.953526008007,hold,0.0
2021-11-30,1144.369995,1168.0,1118.0,1144.76001,1144.76001,27092000,0,13406.953526008007,hold,0.0
2021-12-01,1160.699951,1172.839966,1090.76001,1095.0,1095.0,22816800,0,13406.953526008007,hold,0.0
2021-12-02,1099.060059,1113.0,1056.650024,1084.599976,1084.599976,24371600,0,13406.953526008007,hold,0.0
2021-12-03,1084.790039,1090.579956,1000.210022,1014.969971,1014.969971,30774000,0,13406.953526008007,hold,0.0
2021-12-06,1001.51001,1021.640015,950.5,1009.01001,1009.01001,27221000,0,13406.953526008007,hold,0.0
2021-12-07,1044.199951,1057.670044,1026.810059,1051.75,1051.75,18694900,0,13406.953526008007,hold,0.0
2021-12-08,1052.709961,1072.380005,1033.0,1068.959961,1068.959961,13968800,0,13406.953526008007,hold,0.0
2021-12-09,1060.640015,1062.48999,1002.359985,1003.799988,1003.799988,19812800,0,13406.953526008007,hold,0.0
2021-12-10,1008.75,1020.97998,982.530029,1017.030029,1017.030029,19888100,0,13406.953526008007,hold,0.0
2021-12-13,1001.090027,1005.0,951.419983,966.409973,966.409973,26198500,-1,13406.953526008007,hold,0.0
2021-12-14,945.0,966.409973,930.0,958.51001,958.51001,23602100,0,13406.953526008007,hold,0.0
2021-12-15,953.210022,978.75,928.25,975.98999,975.98999,25056400,0,13406.953526008007,hold,0.0
2021-12-16,994.5,994.97998,921.849976,926.919983,926.919983,27590500,0,13406.953526008007,hold,0.0
2021-12-17,914.77002,960.659973,909.039978,932.570007,932.570007,33479100,0,13406.953526008007,hold,0.0
2021-12-20,910.700012,921.690002,893.390015,899.940002,899.940002,18826700,-1,13406.953526008007,hold,0.0
2021-12-21,916.869995,939.5,886.119995,938.530029,938.530029,23839300,0,13406.953526008007,hold,0.0
2021-12-22,965.659973,1015.659973,957.049988,1008.869995,1008.869995,31211400,0,13406.953526008007,hold,0.0
2021-12-23,1006.799988,1072.97998,997.559998,1067.0,1067.0,30904400,0,13406.953526008007,hold,0.0
2021-12-27,1073.670044,1117.0,1070.719971,1093.939941,1093.939941,23715300,0,13406.953526008007,hold,0.0
2021-12-28,1109.48999,1119.0,1078.420044,1088.469971,1088.469971,20108000,0,13406.953526008007,hold,0.0
2021-12-29,1098.640015,1104.0,1064.140015,1086.189941,1086.189941,18718000,0,13406.953526008007,hold,0.0
2021-12-30,1061.329956,1095.550049,1053.150024,1070.339966,1070.339966,15680300,0,13406.953526008007,hold,0.0
2021-12-31,1073.439941,1082.0,1054.589966,1056.780029,1056.780029,13577900,0,13406.953526008007,hold,0.0
2022-01-03,1147.75,1201.069946,1136.040039,1199.780029,1199.780029,34643800,0,13406.953526008007,hold,0.0
2022-01-04,1189.550049,1208.0,1123.050049,1149.589966,1149.589966,33416100,-1,13406.953526008007,hold,0.0
2022-01-05,1146.650024,1170.339966,1081.01001,1088.119995,1088.119995,26706600,0,13406.953526008007,hold,0.0
2022-01-06,1077.0,1088.0,1020.5,1064.699951,1064.699951,30112200,0,13406.953526008007,hold,0.0
2022-01-07,1080.369995,1080.930054,1010.0,1026.959961,1026.959961,28054900,0,13406.953526008007,hold,0.0
2022-01-10,1000.0,1059.099976,980.0,1058.119995,1058.119995,30605000,0,13406.953526008007,hold,0.0
2022-01-11,1053.670044,1075.849976,1038.819946,1064.400024,1064.400024,22021100,0,13406.953526008007,hold,0.0
2022-01-12,1078.849976,1114.839966,1072.589966,1106.219971,1106.219971,27913000,0,13406.953526008007,hold,0.0
2022-01-13,1109.069946,1115.599976,1026.540039,1031.560059,1031.560059,32403300,0,13406.953526008007,hold,0.0
2022-01-14,1019.880005,1052.0,1013.380005,1049.609985,1049.609985,24308100,0,13406.953526008007,hold,0.0
2022-01-18,1026.609985,1070.790039,1016.059998,1030.51001,1030.51001,22247800,0,13406.953526008007,hold,0.0
2022-01-19,1041.709961,1054.670044,995.0,995.650024,995.650024,25147500,-1,13406.953526008007,hold,0.0
2022-01-20,1009.72998,1041.660034,994.0,996.27002,996.27002,23496200,0,13406.953526008007,hold,0.0
2022-01-21,996.340027,1004.549988,940.5,943.900024,943.900024,34472000,0,13406.953526008007,hold,0.0
2022-01-24,904.76001,933.51001,851.469971,930.0,930.0,50521900,0,13406.953526008007,hold,0.0
2022-01-25,914.200012,951.26001,903.210022,918.400024,918.400024,28865300,0,13406.953526008007,hold,0.0
2022-01-26,952.429993,987.690002,906.0,937.409973,937.409973,34955800,1,13406.953526008007,hold,0.0
2022-01-27,933.359985,935.390015,829.0,829.099976,829.099976,49036500,0,13406.953526008007,hold,0.0
2022-01-28,831.559998,857.5,792.01001,846.349976,846.349976,44929700,0,13406.953526008007,hold,0.0
2022-01-31,872.710022,937.98999,862.049988,936.719971,936.719971,34812000,0,13406.953526008007,hold,0.0
2022-02-01,935.210022,943.700012,905.0,931.25,931.25,24379400,0,13406.953526008007,hold,0.0
2022-02-02,928.179993,931.5,889.409973,905.659973,905.659973,22264300,-1,13406.953526008007,hold,0.0
2022-02-03,882.0,937.0,880.52002,891.140015,891.140015,26285200,0,13406.953526008007,hold,0.0
2022-02-04,897.219971,936.5,881.169983,923.320007,923.320007,24541800,0,13406.953526008007,hold,0.0
2022-02-07,923.789978,947.77002,902.710022,907.340027,907.340027,20331500,0,13406.953526008007,hold,0.0
2022-02-08,905.530029,926.289978,894.799988,922.0,922.0,16909700,0,13406.953526008007,hold,0.0
2022-02-09,935.0,946.27002,920.0,932.0,932.0,17419800,1,13406.953526008007,hold,0.0
2022-02-10,908.369995,943.809998,896.700012,904.549988,904.549988,22042300,0,13406.953526008007,hold,0.0
2022-02-11,909.630005,915.960022,850.700012,860.0,860.0,26548600,0,13406.953526008007,hold,0.0
2022-02-14,861.570007,898.880005,853.150024,875.76001,875.76001,22585500,0,13406.953526008007,hold,0.0
2022-02-15,900.0,923.0,893.380005,922.429993,922.429993,19095400,0,13406.953526008007,hold,0.0
2022-02-16,914.049988,926.429993,901.210022,923.390015,923.390015,17098100,0,13406.953526008007,hold,0.0
2022-02-17,913.26001,918.5,874.099976,876.349976,876.349976,18392800,0,13406.953526008007,hold,0.0
2022-02-18,886.0,886.869995,837.609985,856.97998,856.97998,22833900,0,13406.953526008007,hold,0.0
2022-02-22,834.130005,856.72998,801.099976,821.530029,821.530029,27762700,0,13406.953526008007,hold,0.0
2022-02-23,830.429993,835.299988,760.559998,764.039978,764.039978,31752300,0,13406.953526008007,hold,0.0
2022-02-24,700.390015,802.47998,700.0,800.77002,800.77002,45107400,1,13406.953526008007,hold,0.0
2022-02-25,809.22998,819.5,782.400024,809.869995,809.869995,25355900,0,13406.953526008007,hold,0.0
2022-02-28,815.01001,876.859985,814.710022,870.429993,870.429993,33002300,0,13406.953526008007,hold,0.0
2022-03-01,869.679993,889.880005,853.780029,864.369995,864.369995,24922300,0,13406.953526008007,hold,0.0
2022-03-02,872.130005,886.47998,844.27002,879.890015,879.890015,24881100,0,13406.953526008007,hold,0.0
2022-03-03,878.77002,886.440002,832.599976,839.289978,839.289978,20541200,-1,13406.953526008007,hold,0.0
2022-03-04,849.099976,855.650024,825.159973,838.289978,838.289978,22333200,0,13406.953526008007,hold,0.0
2022-03-07,856.299988,866.140015,804.570007,804.580017,804.580017,24164700,0,13406.953526008007,hold,0.0
2022-03-08,795.530029,849.98999,782.169983,824.400024,824.400024,26799700,0,13406.953526008007,hold,0.0
2022-03-09,839.47998,860.559998,832.01001,858.969971,858.969971,19728000,0,13406.953526008007,hold,0.0
2022-03-10,851.450012,854.450012,810.359985,838.299988,838.299988,19549500,-1,13406.953526008007,hold,0.0
2022-03-11,840.200012,843.799988,793.77002,795.349976,795.349976,22272800,0,13406.953526008007,hold,0.0
2022-03-14,780.609985,800.700012,756.039978,766.369995,766.369995,23717400,0,13406.953526008007,hold,0.0
2022-03-15,775.27002,805.570007,756.570007,801.890015,801.890015,22280400,0,13406.953526008007,hold,0.0
2022-03-16,809.0,842.0,802.26001,840.22998,840.22998,28009600,0,13406.953526008007,hold,0.0
2022-03-17,830.98999,875.0,825.719971,871.599976,871.599976,22194300,1,13406.953526008007,hold,0.0
2022-03-18,874.48999,907.849976,867.390015,905.390015,905.390015,33408500,0,13406.953526008007,hold,0.0
2022-03-21,914.97998,942.849976,907.090027,921.159973,921.159973,27327200,0,13406.953526008007,hold,0.0
2022-03-22,930.0,997.859985,921.75,993.97998,993.97998,35289500,0,13406.953526008007,hold,0.0
2022-03-23,979.940002,1040.699951,976.400024,999.109985,999.109985,40225400,0,13406.953526008007,hold,0.0
2022-03-24,1009.72998,1024.48999,988.799988,1013.919983,1013.919983,22901900,1,13406.953526008007,hold,0.0
